/magnets,AOiYPgB4J74AkPe9ALSGPgDgS70A4Es9APyNPgBIcL4A4Es9ADCgPgAINr4AAGk9ALSGPgDALr4AoJG9AFiKPgDArjwAAOk9ALSGPgD8jb4AwK49AEhwPgAQA74AwK48QILwQIAUkkJgBsTB4FGJQcCD9UAUkofCQLBuQbAZLUJomZ3CwH3hQdCN5kEMR7XCsDbAQWiTCULIXlbCgHmsQNiCUEJgZ4PC4FSTQWChqUIA90rBgDc5wfjEMELAURzBMLYXQnjBckJAC5rAYM1uQYC4FcAIglfCEOSoQcB94UG4Mb7CQK3kQeCjf0JAcDTBsDbAwRAQ7kGgwnHCWEERwoAp2EHAErPCgF+jwABW0UBASErCAIrjv5iNTUJAij1B,0,False,1716271628.8965962,0.04543781280517578
/magnets,AOiYPgBYCr4AcNq9AFiKPgCgkb0AoJE9ANh+PgC4Yb4AAGk8ANSjPgBwWr4A4Es9AJB3PgDoGL4AoBG9ANh+PgAAabwAAOk9ALSGPgAQg74AUL09ANh+PgDgS70AwK48AF/vQEQ1kkJgBsTBUEOJQQCn9kA8fIfCAF9vQWBFLULsf53CcKnhQeAQ50EMR7XC4O2/QVBDCUKAV1bCQCitQABtUEIEa4PCcGOTQYC+qULAvErBAKw5wYjTMEKAFxzBUNMXQgjQckJAIpnAwDtuQQBEFcAwbFfC8MaoQeCa4UFcNb7CYMrkQUjIf0IgUzTBYGLAwYAB7kE4nnHCgCsRwoAp2EFQIbPCgHaiwECn0ECQHErCAOnpvyDPTULgGz5B,0,False,1716271628.9262638,0.02966761589050293
/magnets,AOiYPgDoGL4A4Mu9ABCDPgAA6b0A4Es9ALSGPgC0hr4AAAAAADCgPgBwWr4AAOk8AJB3PgBQPb4AAGm9ANh+PgDArjwA4Ms9ALSGPgC0hr4AkPc9AEhwPgBYCr4AAOk8wCTvQIw8kkKw2sPBoBeJQYAb90DAYofCQJlvQfggLUIAdZ3CEFLhQeAQ50FAWbXCgJa/QQBvCUIQZlbCwLOsQNC1UELIi4PCsJ2TQbydqUKgn0rB4I45wRjiMEKAFxzBCMwXQnjBckJAIpnAwDtuQYDPFMAIglfCgNWoQZDG4UGEH77CoATlQbi5f0IgUzTBYGLAwTAt7kEQtHHCqBURwnCP2EE8LLPCgF+jwEC+z0CQHErCALjhv5iNTUKg4T1B,0,False,1716271628.9766295,0.05036568641662598
/magnets,AHinPgAQA74AWAq+AKCRPgBQvb0A4Es9ANh+PgAQg74AAAAAAHinPgDoGL4AwC49ABCDPgAwIL4A4Eu9AKCRPgAA6TsAcNo9AHBaPgCQd74AwK49AOBLPgAwoL0AAOk8gOruQPAFkkJgBsTB8OuIQYAb90BQcYfCAF9vQZD8LEL4p53CMG/hQRDI5kGcVbXCoLO/QbhnCULoe1bCQBGuQPDSUEI4fYPCoBqTQSTCqUKgn0rBwHE5wbC9MEJg+hvBUNMXQuiyckKAXJnAwFJtQYC4FcB4c1fCQJuoQQC44UEAOb7CYMrkQXCyf0KAqjTBQEXAwfDy7UF42HHC8BwRwsBj2EH0JLPCAOuiwABt0EBASErCAC7nv+CUTUJAcz5B,0,False,1716271629.0262616,0.04963207244873047
/magnets,AESVPgDALr4AEAO+AESVPgCgkb0AAOk8AOiYPgCgkb4AwC49AByrPgB4J74A4Es9AJB3PgAoU74AoJG9AESVPgDArjwAUL09AJB3PgBYir4AWAo+ALhhPgDgy70AAOk7QILwQPRgkkJgBsTBwDSJQYAb90AIaofCgOpuQbAZLUJ8jp3CkMbhQcDz5kGcVbXCUN+/QUh2CUJYbVbCQCitQGiRUEIEa4PCcGOTQaioqUKgn0rBoFQ5wWDpMEJg+hvBcPAXQnjBckKAXJnAYORtQYChFsDAelfC0KmoQZDG4UHgG77CsJ7kQUjIf0IgUzTBQEXAwfDy7UEYgXHCgCsRwvAa2EEIGrPCAOuiwID4z0DQVkrCAIrjv+CUTUKg4T1B,0,False,1716271629.0763845,0.050122976303100586
/magnets,AESVPgAwIL4AAOm9ABCDPgDALr0A4Es9ABCDPgAQg74AAGk8ADCgPgDALr4AoBE9APyNPgAwIL4AAGm9AFiKPgAAaTwAAOk9ABCDPgAQg74AwK49ALhhPgAQg70AAOm7QJnvQJQJkkJA6cPBUEOJQcBV90C4lYfCIJNuQYgvLUJomZ3CcKnhQaDW5kEgPLXC8Ie/QdiECUKoQVbCgHmsQIiuUEK0loPCUEaTQWChqUJgZUrBoFQ5wWDpMELAURzBAP8XQuiyckIA6JjAgAFuQYCKF8Aon1fCoPKoQaBg4UG4Mb7CQK3kQQDBf0IANjTB8HDAwWDk7UGgwnHCEDoRwoAp2EHgL7PCgF+jwID4z0DYI0rCANLqv+CUTUIAOT5B,0,False,1716271629.1265333,0.050148725509643555
/magnets,AFiKPgBYCr4AWAq+ABCDPgDArrwAoJE9AJB3PgD8jb4AAGk8ADCgPgDgS74AAGk8APyNPgCQ970AoJG9AJB3PgDALr0AMKA9AEhwPgAQg74AAOk9AJhEPgDgy70AAAAAAF/vQMBOkkLQ98PBcGCJQcBV90A8fIfCQLBuQUAoLUJUpJ3CALjhQeAQ50FUTrXC4O2/QZB9CULIXlbCQCitQIiuUEJsj4PCcGOTQdCSqUJgZUrBAKw5wdDaMEKgSxvBkA0YQqCrckLAlpnAIKptQQBEFcAIglfCQJuoQTBv4UGsCb7CsJ7kQUjIf0JgjTTBQEXAwSCq7UFYu3HCOCQRwoAp2EFkFrPCAOuiwIDh0EBoMkrCAADpv8B3TULgGz5B,0,False,1716271629.176701,0.05016779899597168
/magnets,AIycPgAA6b0AkPe9AJB3PgAAab0AUL09ABCDPgC0hr4AwC49AIycPgAINr4A4Es9AEhwPgDALr4AAGm9ALSGPgAAabwAAOk9APyNPgAQg74AMKA9AChTPgBQvb0AwK48wA3wQKAxkkJA6cPBMCaJQUDh9kBwjofCIJNuQdA2LUIgkp3CINXhQXAf50H4UbXC4O2/QbCaCUI4UFbCQD+sQLCYUEI4fYPCcGOTQZSzqUKAgkrBoFQ5wbC9MEJg+hvBcPAXQpjeckKAXJnAIKptQQBEFcCYkFfCoPKoQcB94UEAOb7CAHPkQVCVf0Kg3jPBYGLAwZCb7UGApXHC8BwRwmAM2EH0JLPCwJmjwECn0EAADkrCABfov3hwTUKAxD1B,0,False,1716271629.2265642,0.04986310005187988
/magnets,AIycPgBYCr4AcNq9AJB3PgCgEb0AMKA9ABCDPgBYir4AAOk8AGSyPgBQPb4AwC49AEhwPgDoGL4A4Eu9APyNPgAAAAAAcNo9AEhwPgC0hr4A4Ms9AHBaPgDArr0AoBE9AF/vQLQmkkLQ98PBUEOJQcBV90A8fIfCwCRvQdgDLUI0h53CYA/iQdB250GwSrXCEKW/QbhnCUKAV1bCgGKtQNiCUEIkiIPCoBqTQRDNqUKgn0rBgDc5wUDMMEJA3RvB4OEXQpjeckLArZjA4G9tQQAtFsAQT1fCgNWoQVCM4UFwKr7C8NjkQbi5f0LA+zPB0FPAwVBK7kFYu3HCoEgRwoAp2EFkFrPCQCWjwIDh0EBASErCAOnpvwCyTUIAOT5B,0,False,1716271629.2766361,0.05007195472717285
/magnets,AFiKPgB4J74AWAq+AABpPgBQvb0AEIM9ANh+PgC0hr4AAGk8AMCuPgCYRL4AAOk8AChTPgDoGL4AAGm9AKCRPgDArjwAUL09ANh+PgBYir4AcNo9AHBaPgAwoL0AAOm7wA3wQNwQkkLQ98PBsJqJQUDh9kAcX4fCgOpuQWgSLULYip3C4JrhQaDW5kHEP7XCMMK/QfihCUKAV1bCQCitQCCKUEKAhIPCwDeTQQSlqUJASErBAKw5wWDpMELgbhzB2BQYQnjBckKAc5jAoB5uQQBbFMCgXVfC8MaoQSDV4UH0EL7C0LvkQTB4f0JAcDTBQEXAwaAe7kGgwnHCOCQRwmAM2EE8LLPCQCWjwMAE0kDYI0rCAC7nvyicTUIAOT5B,0,False,1716271629.3271403,0.050504207611083984
/magnets,ANh+PgCQ970AkPe9ABCDPgCgEb0AEIM9ALSGPgCgkb4AAOk8AIycPgDoGL4AwK48AABpPgAQA74A4Eu9ABCDPgAAabwAMKA9AJB3PgAAab4AEAM+AJhEPgBw2r0AAGk8gOruQPwtkkLwFMTBUEOJQQCQ90CEg4fCoB5uQahMLUIgkp3CALjhQQAu50EgPLXCkBnAQShZCUKAV1bCwLOsQJB7UEJMcoPC4FSTQUysqUIgK0rBAMM4wdDaMEJA3RvBcPAXQpjeckIA6JjAQMdtQQD/F8DAelfCUB6pQTBv4UE8GL7C0LvkQQDBf0KAqjTBwLnAwaAe7kGY9XHCWEERwvAa2EFQIbPCgF+jwABt0ECQHErCAEXmv+CUTULA/j1B,0,False,1716271629.3771229,0.049982547760009766
/magnets,AOiYPgAQA74AwK69AEhwPgCgkb0AAGk9AFiKPgBElb4AwC49ANSjPgBwWr4AAOk8ALhhPgDALr4AoJG9ADCgPgAAaTwAcNo9AJB3PgDYfr4AcNo9ALhhPgDArr0AAGk8AEjwQMgbkkJgBsTBEAmJQcA++EBwjofCoAdvQWBFLUJ8jp3CkMbhQQAu50FUTrXCkBnAQShZCUKoQVbCgGKtQGiRUEKoboPCcGOTQRDNqUKgn0rBYBo5wfjEMEJg+hvB4OEXQsDIckLAlpnAoB5uQYC4FcAIglfCEOSoQTBv4UHgG77C0LvkQcCGf0JgpDPBgH/AwaAe7kHIrHHCyDIRwkDv10HMOrPCwMehwIDK0UDYI0rCAC7nv7iqTULA/j1B,0,False,1716271629.4267387,0.04961585998535156
/magnets,APyNPgBYCr4AcNq9AFiKPgDALr0AMKA9AESVPgC0hr4AoBE9APyNPgAoU74AAOk8AFA9PgAINr4AoBG9AFiKPgAA6bwA4Ms9ANh+PgCQd74AcNo9AChTPgAwoL0AwK48QJnvQIAUkkKAI8TBcGCJQUDK90CYeIfCIJNuQbAZLUJIfJ3CUIzhQeAQ50HsKbXCkBnAQXBgCUI4UFbCwJytQCCKUEJsj4PCwDeTQQSlqULg2UrBAKw5wfjEMEIAoxvBmNoXQgjQckLArZjAoB5uQYChFsDoZFfCMAGpQXCp4UEAOb7C0LvkQZicf0LgGDTBgH/AwfDy7UFYu3HCyDIRwoAp2EHgL7PCAOuiwABt0ECQHErCABfov5DATULA/j1B,0,False,1716271629.4770148,0.05027604103088379
/magnets,AEhwPgAA6b0AcNq9AFA9PgAQg70AMKA9AFiKPgC0hr4AAOk8AHinPgBQPb4AwK48ABCDPgAQA74AwC69AEhwPgAAaTwAkPc9APyNPgD8jb4A4Ms9AJhEPgBQvb0AAGk8gLzwQEwCkkLwFMTBEAmJQUDK90DMiofC4EFvQSALLUIAdZ3C4JrhQTDl5kEMR7XCUN+/QXBgCULwSFbCQD+sQNiCUELcgIPC8O6SQZSzqUKgn0rBAKw5wdDaMELghRvBCMwXQnjBckIA6JjAQMdtQQBbFMDAelfC0KmoQVCM4UHgG77C0LvkQeCjf0JAcDTBsDbAwRAQ7kHIrHHCEDoRwnCm10GYKLPCgF+jwMAb0UBIFUrCAOnpv7iqTUKg4T1B,0,False,1716271629.527095,0.050080299377441406
/magnets,AESVPgBQPb4AWAq+ABCDPgDgS70AAOk8APyNPgD8jb4AoBE9AHinPgDALr4AAOk8AABpPgAwIL4AEIO9AJB3PgAA6bsAcNo9ABCDPgC0hr4A4Ms9AOBLPgDArr0AwK48wCTvQBAjkkLQ98PBkH2JQcCD9UCEg4fC4EFvQUAoLULYip3CkMbhQVAC50FUTrXCAAvAQSCMCULIXlbCwLOsQGDEUEI4fYPCoBqTQdCSqUKgn0rBgDc5wUDMMEIgwBvBcPAXQjC6ckKAXJnAAI1tQQBEFcBYVlfCgNWoQXCp4UE8GL7CkIHkQQiOf0LA+zPBICjAwTAt7kHA33HCOCQRwhA42EGYKLPCAOuiwECn0EAgK0rCAEXmvyicTUIgbT1B,0,False,1716271629.57718,0.050084829330444336
/magnets,AFiKPgDoGL4A4Mu9ANh+PgDArr0AoBE9AKCRPgCQd74AoBE9AOiYPgBQPb4AwK48AHBaPgBYCr4AoBG9APyNPgAA6TsAAOk9ALSGPgAQg74AUL09AEhwPgAwoL0AwK48AEjwQFgqkkKQvcPB4FGJQcBV90Dgf4fCQLBuQdA2LULYip3CwH3hQRDI5kFIJrXC4O2/QSCMCULQK1bCAMCuQCCKUEKAhIPCsJ2TQQSlqUJASErBYBo5wfD3MEKAFxzB4OEXQjC6ckJAIpnAAHZuQQBbFMCYkFfC8MaoQcB94UGYFL7C8NjkQXh/f0IgUzTBEI7AwcA77kFYu3HCOCQRwvAa2EGEM7PCANSjwABt0EBoMkrCAFzlv+CUTUIAOT5B,0,False,1716271629.6272526,0.050072669982910156
/magnets,AHinPgBYCr4AEAO+ALhhPgDALr0AEIM9AESVPgBYir4AAOk7AMCuPgAoU74AoBE9AABpPgAINr4AwK69ABCDPgAAaTwA4Ms9AFiKPgAwoL4AAOk9AOBLPgBw2r0AAOk7gNPvQDBAkkLQ98PBcGCJQYAb90DAYofCYM1uQfggLULksp3CUIzhQVAC50FoQ7XCMMK/QUh2CUJYbVbCANetQGiRUEIkiIPCII+TQUysqULg2UrBwHE5wWDpMEKAFxzBeL0XQhCdckKAc5jAYORtQQBbFMDoZFfC0KmoQTBv4UGYFL7CYMrkQeCjf0KAwTPB0FPAwdDV7UE4nnHCOCQRwrDg10F4C7PCQDyiwECQ0UCQHErCANLqv3hwTUIAOT5B,0,False,1716271629.677416,0.05016350746154785
/magnets,ANSjPgAwIL4A4Mu9AJB3PgAwoL0AoJE9AFiKPgBYir4AwK48AESVPgDALr4AAGk9ALhhPgBYCr4AEIO9ALSGPgAA6TsAoJE9ALSGPgC0hr4AAOk9AHBaPgAAab0AAOk7AHbuQBAjkkJgBsTBcGCJQUDK90BwjofCwCRvQdgDLULYip3CMG/hQYC55kEMR7XCoLO/QfihCULwSFbCQD+sQIiuUEKAhIPCUEaTQdCSqUKAgkrBgDc5wdDaMELAURzBUNMXQnD0ckKAc5jAIJNuQQBEFcCgXVfCoPKoQVCM4UEAOb7CEPbkQZicf0IgUzTBAPTAwRAQ7kEQtHHCWEERwlBy2EH0JLPCwMehwIAPz0BoMkrCAFzlvyicTUJAij1B,0,False,1716271629.7279928,0.05057668685913086
/magnets,AKCRPgBQPb4AAOm9ALhhPgCQ970AAGk9AKCRPgDArr4A4Es9AIycPgBQPb4AAGk8ABCDPgCgEb4AAGm9APyNPgAAaTwAwK49ABCDPgBYir4AAOk9AJhEPgDgy70AAOm7gNPvQIw8kkIwT8TBwDSJQYAb90AIaofCQLBuQdA2LUI0h53CINXhQTDl5kH4UbXCkBnAQZB9CUI4UFbCgEuuQGiRUEKAhIPCUEaTQaioqUKAgkrB4I45wWDpMEKAFxzBuPcXQjC6ckIA6JjAAI1tQYDmE8DAelfCEOSoQZDG4UGEH77CQK3kQZicf0JAcDTBICjAwfDy7UFYu3HC0P8QwjBV2EEIGrPCAAKiwID4z0D4QErCABfovzBpTUKg4T1B,0,False,1716271629.7776382,0.049645423889160156
/magnets,ADCgPgAA6b0AkPe9AJB3PgAQg70AoJE9ANh+PgAQg74AwK48ADCgPgDgS74AwK48AJhEPgDoGL4AoBG9AFiKPgAAaTwAAOk9AJB3PgCgkb4AcNo9AOBLPgAwoL0AAGk8AF/vQPAFkkKQvcPBMCaJQcBV90Aoh4fCQLBuQWgSLUKkeJ3C4JrhQVAC50GcVbXCwNC/QQBvCUJ4ilbCQCitQGiRUEIkiIPCkICTQZSzqUKgn0rBQP04wWDpMEIAjBzBCMwXQjC6ckIA6JjAQMdtQYBzGMCYkFfCgNWoQTBv4UHsQ77CsJ7kQQDBf0LgGDTB8HDAwSCq7UHwlnHCYA4RwhA42EGsHbPCAAKiwECn0ECQHErCAKHiv3CjTUKAxD1B,0,False,1716271629.8281374,0.05049920082092285
/magnets,AKCRPgCgEb4AkPe9APyNPgDgS70AwK49ALSGPgCgkb4AAGk9ADCgPgBwWr4AAGk8AABpPgBQPb4AEIO9AABpPgAA6TsA4Ms9ANh+PgBElb4AcNo9AABpPgCQ970AAOk8gLzwQBAjkkJA6cPBAG+JQcBV90A8fIfCoAdvQYgvLUJAr53C4JrhQaDW5kGQLbXCoLO/QWiTCUIYM1bCQD+sQPifUEIQk4PCMCmTQWzJqUKAgkrBAKw5wajwMEKAFxzBKOkXQlikckJAIpnAgAFuQQByE8CgXVfCMAGpQTBv4UGEH77CQK3kQfjzf0JAcDTBQEXAwfDy7UFQ7nHC8BwRwhA42EEIGrPCgF+jwABt0EBASErCAIrjv8B3TULA/j1B,0,False,1716271629.8778536,0.04971623420715332
/magnets,AIycPgBYCr4AkPe9AKCRPgAwoL0AwK49ABCDPgBElb4AAOk8ANSjPgAAab4A4Es9AABpPgB4J74A4Eu9AEhwPgAAaTwA4Ms9AJB3PgCgkb4AcNo9AFA9PgDArr0AwK48AEjwQOg4kkLQ98PB8OuIQUDK90DUV4fCYM1uQfggLULYip3CUIzhQaDW5kFoQ7XCoLO/QdiECULwSFbCgGKtQIiuUEKgoYPCwDeTQdy6qUKgn0rB4I45wbC9MEIAoxvB4OEXQqCrckKAXJnAgAFuQQAtFsCgXVfC0KmoQZDG4UE8GL7CkIHkQXCyf0LA+zPB0FPAwZCb7UGgwnHCOCQRwmAM2EE8LLPCQCWjwECn0ECwOUrCABfov1CGTUIAOT5B,0,False,1716271629.9279304,0.05007672309875488
/magnets,ANSjPgCgEb4AWAq+AJB3PgCgkb0AoJE9AEhwPgDUo74AAOk8ANSjPgC4Yb4AwC49AEhwPgAQA74AAGm9ABCDPgAA6bsAEAM+AFiKPgCQd74AUL09ALhhPgDArr0AwK48gKXxQDBAkkKgQMTBUEOJQcBV90BkZofCIHxvQRg+LUKcq53CMG/hQTDl5kHYNLXCYHm/QShZCUKoQVbCQCitQECnUEL8nYPCoBqTQZSzqULAvErBQOY5wWi2MEJA3RvBKOkXQhCdckKAXJnA4G9tQYDPFMDAelfCwA+pQeCa4UE0S77CIJDkQTB4f0LgGDTBMKvAwYAB7kHIrHHCEDoRwhA42EHgL7PCgOFQwEDK90CoDUTCAIrjv0i5TUIgVj5B,0,False,1716271629.9785373,0.05060696601867676
/magnets,AEhwPgCgEb4AEAO+ANh+PgAAab0AEIM9ALSGPgDYfr4AAOk8ANSjPgB4J74AAOk8ANh+PgDoGL4AMKC9AJB3PgDArjwAwK49ALSGPgCQd74AoJE9AHBaPgDArr0AwK48gOruQDgNkkKAI8TB4FGJQcBV90CsbYfCwDtuQbAZLUJAr53C4JrhQcDz5kGwSrXCUN+/QdiECUJgOlbCQD+sQNC1UEKUeYPC8O6SQZSzqULg2UrBoFQ5wUDMMEJg+hvBCMwXQuDlckIA6JjAwFJtQQBbFMDAelfCYLioQeCa4UEULr7CoATlQZicf0LgGDTBQEXAwRAQ7kF42HHC8BwRwkDv10FQIbPCQAWGwIAB7kA4qUjCAADpv+CUTULA/j1B,0,False,1716271630.0281503,0.049612998962402344
/magnets,AESVPgBYCr4AEAO+ABCDPgAwoL0AoJE9ABCDPgC0hr4AoBE9AHinPgAINr4AAAAAAABpPgAwIL4AwC69APyNPgAAabwAAOk9AFiKPgAQg74AUL09AJB3PgAQg70AAOk7AEjwQPRgkkKgQMTBoBeJQYAE+EBQcYfCgNNvQfggLUIgkp3CoGDhQRDI5kHsKbXCcPy/QWiTCULoe1bCQCitQLCYUEIkiIPC0NGSQfCvqUKgn0rBIMk5wajwMELghRvBEJkXQhhqckKAc5jAAHZuQYBzGMAIglfCEOSoQTBv4UFwKr7C8NjkQUjIf0JAcDTBgH/AwfDy7UHwlnHCQPEQwsBj2EGEM7PCQB+PwOA9FEHYglDCAEXmv/jkTUKg4T1B,0,False,1716271630.0786889,0.05053853988647461
/magnets,AOiYPgDoGL4AWAq+ALhhPgAQg70AEIM9AKCRPgC0hr4AoBE9AByrPgDgS74AAOk8AEhwPgCQ970A4Eu9AFiKPgAAabwAkPc9AJB3PgBwWr4AMKA9ALhhPgDgy70AAOk7wDvuQDBAkkLwFMTB4FGJQUDK90CEg4fCgOpuQWgSLUJIfJ3CUIzhQYCi50FUTrXC4O2/QbCaCUIQZlbCwJytQGDEUEJgZ4PCoBqTQSyPqUKgn0rBgDc5wUDMMEIAjBzB+DEYQiAgc0LAxJfAYORtQYChFsAon1fCIH6oQYBD4UGsCb7CgP7jQWj8fkIgPDXB8HDAwZCb7UEQtHHCOCQRwvAa2EGsHbPC4L/BQYAaJkGAZTfCAC7nv0i5TUIgbT1B,0,False,1716271630.1286364,0.049947500228881836
/magnets,AKCRPgCQ970AcNq9ALSGPgDALr0AMKA9AJB3PgC0hr4AAGk8AMCuPgCYRL4AwK48ALhhPgBQPb4AEIO9ANh+PgCgEb0A4Ms9ANh+PgBIcL4AAOk9AJB3PgDgy70AAOk8gNPvQDBAkkKAI8TBoBeJQcBV90CsbYfCwCRvQYgvLUIMnZ3CsOPhQRCx50F8OLXCsDbAQZB9CUI4UFbCgHmsQPDSUEJsj4PCUEaTQbB1qULAvErB4I45wfD3MEKAFxzBiEAYQtgBdEIAFpfAgAFuQQBEFcAwbFfCEOSoQZDG4UHgG77CUEfkQbi5f0KgxzTBYGLAwUDH7UGgwnHCCG0RwqBG2EGsHbPCADFxQAC4YUBAC5rAALjhv3CjTUJAij1B,0,False,1716271630.178779,0.050142526626586914
/magnets,AABpPgDoGL4AcNq9ALhhPgAAab0AMKA9ADCgPgBYir4AoBE9ADCgPgBQPb4A4Es9AOBLPgAwIL4AoBG9AHBaPgAAAAAAcNo9AFiKPgBIcL4AAOk9AMAuPgCgkb0AAOk7QJnvQNDokUJA6cPBkH2JQQB5+EDAYofCgOpuQUj1LEJ8jp3CkMbhQUBo50GwSrXCICjAQfihCULwSFbCQG2qQIiuUELwdYPCkICTQfh8qUJASErBYBo5wRjiMEJA3RvBIBwYQniqc0LA25bAQLBuQQBEFcCYkFfCEOSoQTBv4UGEH77CYOHjQeiHfkKgsDXB8HDAwZCb7UEI53HCUHQRwvAa2EEoN7PCAF4ePwDUoz4ANjS/AKHiv5DATUJAij1B,0,False,1716271630.2289376,0.05015873908996582
/magnets,ADCgPgCgEb4AcNq9ALSGPgDgS70A4Es9AJB3PgD8jb4AwK48AAi2PgBQPb4AwC49AEhwPgDALr4AoJG9ANh+PgAAAAAA4Ms9AESVPgBIcL4A4Ms9AOBLPgDArr0AwK48wA3wQLQmkkLQ98PBoBeJQcBV90AIaofCIHxvQdgDLUJUpJ3CkMbhQWCF50FAWbXCkBnAQfihCUKAV1bCAO6sQMjoUEKUeYPCAHKTQaRNqUJAGkzBQP04wajwMEJg+hvBoKcXQigEckJA3ZvAAI1tQYD9EsBYVlfCEOSoQcB94UFcNb7CQK3kQZDPf0LgATXBYGLAwXB+7UEQtHHCGAcRwkDv10HMOrPCAPTAPgBQPb4AmES+AM/gv3CjTUIAUD1B,0,False,1716271630.2791002,0.050162553787231445
/magnets,AESVPgAINr4A4Mu9AJB3PgCgEb0AEIM9ALSGPgAQg74AoBE9ANSjPgBQPb4AAOk8AJB3PgAINr4AMKC9ANh+PgAAaTwAAOk9AFiKPgD8jb4AwK49ABCDPgAwoL0AAOm7wCTvQOg4kkLwFMTB4FGJQYAy9kD0dIfCgAFuQWgSLULYip3CUIzhQRCx50H4UbXCMMK/QdC3CUIYM1bCQFarQKjLUEIkiIPCYOCSQUCEqUIg5kzBgDc5wUDMMELAURzBsCoYQsh+c0IA/5fAYORtQYCKF8BQiVfCEOSoQTBv4UGkPL7C8O/jQbjQfkIgJTbBwLnAwZCb7UHA33HCEDoRwoAp2EEATbPCAJjEPgAItr4AwK69AIrjvwCyTUKg+DxB,0,False,1716271630.3287904,0.04969024658203125
/magnets,ALSGPgDALr4AWAq+ABCDPgCgkb0AAGk9AJB3PgDYfr4AAOk8AIycPgDgS74AAOk8AChTPgB4J74AoJG9AJB3PgAA6TsAUL09ANh+PgDomL4AMKA9ALhhPgDArr0AoBE9QJnvQIw8kkLQ98PBQKmJQUDh9kCYeIfCQLBuQbAZLULYip3CMG/hQRCx50H4UbXCkBnAQfihCUI4UFbCwMqrQKD+UEJYmoPCEAyTQdCSqUJgN0zBoFQ5wfjEMEKAAB3BqF0YQsCxc0KAipfAgAFuQYDPFMBQiVfCMAGpQTBv4UHMJr7C8NjkQXCyf0KAkzXBkBnAwRAQ7kHoyXHC8BwRwvAa2EHMOrPCAKy5PgB4p74AAGm9ABTevyicTUJgvjxB,0,False,1716271630.3787844,0.04999399185180664
/magnets,AFiKPgCQ970AcNq9AJB3PgBw2r0AEIM9AJB3PgD8jb4AwC49AByrPgDgS74AAGk8AJB3PgAINr4AAGm9ALSGPgDArrwA4Ms9ANh+PgC0hr4AMKA9AEhwPgDgy70AAAAAAF/vQCQYkkLwFMTBcGCJQQCQ90AIaofCgOpuQbAZLULYip3C4JrhQaC/50FAWbXCUN+/QdC3CUL4FVbCgJCrQIDhUEJYmoPC8O6SQYiLqUIA4EvBoFQ5wTj/MEIgqRzBUNMXQnD0ckKAXJnAoB5uQYChFsAwbFfCoPKoQeCa4UGYFL7CQK3kQcCGf0IAHzXBQEXAwWDk7UGIcnHCEDoRwrDg10FcSbPCAFC9PgCsub4AoJG9AKHiv2jWTULgMj1B,0,False,1716271630.429613,0.05082869529724121
/magnets,AOiYPgAA6b0AAOm9AABpPgCgkb0AEIM9ABCDPgD8jb4AAGk8ADCgPgDgS74AwK48AJB3PgCgEb4AMKC9AJB3PgAAaTwAMKA9AABpPgC4Yb4AoJE9AABpPgBQvb0AAGm8QLDuQKAxkkLQ98PBMCaJQYAb90Dgf4fC4EFvQQDuLELElZ3CQPLhQfCT50GwSrXCwNC/QUCpCUJgOlbCwJytQKjLUELIi4PCEAyTQXSWqULgwkvBgDc5wajwMELAURzBeL0XQsiVckKAXJnAQMdtQQAtFsCgXVfC0KmoQaBg4UFQDb7CQK3kQQDBf0IAHzXBYGLAwWDk7UFQ7nHCyDIRwvAa2EFQIbPCAJjEPgDArr4AMKC9AKHiv7iqTULgMj1B,0,False,1716271630.4791024,0.04948925971984863
/magnets,AESVPgAA6b0AAOm9ABCDPgAQg70A4Es9AFiKPgD8jb4AAOk8AHinPgBIcL4AwC49ANh+PgAwIL4AoBG9AFiKPgAA6TwA4Ms9APyNPgDYfr4AAGk9ANh+PgBQvb0AwC69AEjwQOg4kkJA6cPBUEOJQQCn9kCYeIfC4EFvQdgDLUKkeJ3CQPLhQfCT50FoQ7XCkBnAQUCpCUJgOlbCgHmsQNC1UEIQk4PCgP2SQdCSqUKgiEvBAKw5wRjiMEIAjBzB2BQYQoB3c0KAc5jAYORtQQBbFMDoZFfCoPKoQeCa4UEc+73CYMrkQSDef0LA5DTB8HDAwSCq7UGY9XHCOCQRwtD910EoN7PCADzIPgAItr4AMKC9ABTev0i5TUJAij1B,0,False,1716271630.529188,0.05008554458618164
/magnets,AByrPgDoGL4A6Bi+ALhhPgAAabwAoJE9AJB3PgCgkb4AwK48AOiYPgDgS74AoBE9ALhhPgAQA74AoBG9ABCDPgAA6TwA4Ms9AABpPgD8jb4A4Ms9AABpPgBQvb0A4Eu9wCTvQEQ1kkKAI8TBcGCJQYAb90BkZofCYM1uQdA2LUIgkp3CQPLhQYCi50FoQ7XCcPy/QfihCUI4UFbCQD+sQBi9UELwdYPCEAyTQZSzqUKAa0vB4I45wfD3MEJA3RvBwMQXQvB/ckJAC5rAgAFuQQAWF8DoZFfC4CypQQC44UEULr7CQK3kQYBMf0KgxzTB0FPAwbC47UGApXHCoEgRwtD910HMOrPCACjTPgD0wL4AEIO9AFzlv0i5TUKA2zxB,0,False,1716271630.5799074,0.050719499588012695
/magnets,AOiYPgDoGL4AAOm9ALSGPgBQvb0AoJE9AIycPgC0hr4AwK48AOiYPgBIcL4AAGk8AKCRPgAwIL4AEIO9ALSGPgAA6TsAcNo9ANh+PgAAab4AcNo9ANh+PgCgEb0AEIO9gNPvQBAjkkJA6cPBoBeJQQCQ90AcX4fC4EFvQUAoLULYip3CkMbhQfCT50F8OLXCAAvAQUCpCULwSFbCgGKtQPDSUEJsj4PCMCmTQTi3qUJgTkvBwHE5wfD3MEKgNBzBuPcXQtgYc0KAc5jAAI1tQYBzGMAIglfCMAGpQTBv4UEAOb7CoATlQehwf0IgPDXBEI7AweBv7UFYu3HCGAcRwiDS10EoN7PCAPTAPgAItr4A4Eu9ALjhv9jHTUKg+DxB,0,False,1716271630.6293943,0.04948687553405762
/magnets,AKCRPgC4Yb4AkPe9AJB3PgAAab0AoJE9AHBaPgAQg74AAOk8ADCgPgDgS74AoBE9ANh+PgAA6b0AwC69APyNPgAAaTwA4Ms9AHBaPgCQd74AUL09ABCDPgAAAAAA4Mu9QJnvQPwtkkIQMsTB8OuIQQCQ90CsbYfCIJNuQUAoLULYip3CALjhQfCT50GwSrXCkBnAQSCMCUKoQVbCwJytQMjoUEI4fYPCgP2SQZSzqUKAa0vBwHE5wdDaMEJg+hvB+DEYQrAuc0IA/5fAoB5uQQAWF8CAQFfCgNWoQaBg4UGEH77CQK3kQSirf0LA5DTB8HDAwXB+7UHwlnHC6E8RwoAp2EFwPrPCAITPPgBksr4AwK69AELcv5DATUKg+DxB,0,False,1716271630.679572,0.050177812576293945
/magnets,ADCgPgCQ970AkPe9ABCDPgCgkb0A4Es9ANh+PgD8jb4AwC49AGSyPgDgS74AoBE9APyNPgB4J74AMKC9AFiKPgAA6bsA4Ms9AJhEPgC4Yb4AcNo9AKCRPgBQvT0A6Ji+wA3wQCQYkkKAI8TBEAmJQUDK90CYeIfCYM1uQUAoLUJ8jp3CALjhQRCx50GwSrXCoLO/QfihCUIQZlbCgHmsQMjoUEJsj4PCgP2SQTi3qUJgTkvBwHE5wUDMMEIAjBzBqHQXQrgSckKALpvAoB5uQQBbFMDoZFfCUB6pQaBg4UG4Mb7CUDDlQSDef0JAWTXBQEXAwZCb7UGApXHCeF4RwqBG2EHgL7PCAODLPgCsub4AoJG9AIrjvyDPTUKg+DxB,0,False,1716271630.7295916,0.05001950263977051
/magnets,AHinPgCYRL4AkPe9ANh+PgDALr0AwK49ABCDPgBYir4AAOk8AGSyPgAoU74A4Es9AEhwPgAwIL4AwC69ABCDPgAA6TsAcNo9AEhwPgC0hr4A4Ms9AAi2PgAU3j4ALme/wPbwQLQmkkKAI8TBcGCJQUD49UCsbYfCQLBuQWgSLUJomZ3C4JrhQWCF50GcVbXCcPy/QfihCULwSFbCQCitQIiuUEKAhIPCgP2SQZSzqULgwkvBgDc5wajwMEKgNBzBAP8XQtgYc0IA6JjA4G9tQYDPFMAIglfCoPKoQaBg4UGEH77C0LvkQQDBf0IgPDXB0FPAwWDk7UHA33HCYA4RwvAa2EFwPrPCAGSyPgAItr4AEIO9AKHiv5DATUKAxD1B,0,False,1716271630.7807465,0.05115485191345215
/magnets,ADCgPgBQPb4AcNq9ABCDPgDgS70A4Es9AESVPgDomL4AAOk8AOiYPgAoU74AAGk9AEhwPgAQA74AwC69AFiKPgAA6bsA4Ms9AHgnPgCQd74AAOk9AADpPgAqjD+AzxTAAF/vQIw8kkJA6cPBkH2JQQCn9kCYeIfCQJlvQRg+LUJ8jp3CcKnhQfCT50FAWbXCkBnAQUCpCUJ4ilbCAO6sQDjaUELcgIPCEAyTQZSzqUJgTkvBYBo5wdDaMELghRvB2BQYQrj7ckJAIpnAQMdtQYChFsBYVlfCwA+pQTBv4UH0EL7C0LvkQXCyf0IAHzXBsDbAwdDV7UHwlnHCiPgQwvAa2EE8LLPCAAi2PgBksr4AAGm9AKHiv5iNTUIgbT1B,0,False,1716271630.82965,0.048903465270996094
/magnets,AABpPgB4J74AEAO+ANh+PgAwoL0A4Es9ALSGPgDomL4AAOk8AMCuPgCQd74AwC49AEhwPgAwIL4AwK69ALhhPgAAabwAWAo+AEhwPgCQd74AkPc9AFC9voA0L0BA3uzAQJnvQPwtkkLwFMTBwDSJQUDh9kCYeIfCQLBuQXDfLEJAr53CINXhQaC/50FoQ7XCAAvAQdiECULwSFbCAO6sQKD+UEJsj4PCMCmTQZSzqULApUvBQOY5wfjEMEIAoxvB4OEXQvB/ckIA0ZnAwDtuQQBEFcBQiVfCwA+pQeCa4UGEH77CoATlQVCVf0LA5DTB4O2/wdDV7UEQtHHCOCQRwsBj2EFwPrPCAODLPgDArr4AMKC9AM/gv+CUTULAFT1B,0,False,1716271630.8801444,0.05049443244934082
/magnets,AOiYPgDALr4A4Mu9AABpPgCQ970AoBE9AABpPgCQd74AAOk8AIycPgAoU74AAGk9AABpPgAwIL4AAGm9AFiKPgAA6TsAwK49AJB3PgCQd74AkPc9AHZuwIAUEkCwWJbBgNPvQOg4kkJgBsTB4FGJQYAy9kDMiofCoAdvQfBTLUL4p53CcKnhQdB250HkXLXCICjAQQBvCUI4UFbCAO6sQIDhUELIi4PCYOCSQRDNqUJgTkvBAKw5wajwMEKgSxvBsCoYQtgYc0IA6JjAQMdtQYD9EsAQT1fCgNWoQeCa4UEULr7C4D7lQZicf0KgxzTBAAvAwbC47UGgwnHCWEERwoAp2EG4RbPCAGSyPgAItr4AwK69AKHiv9jHTUJgpz1B,0,False,1716271630.929932,0.04978775978088379
/magnets,AIycPgCQ970AcNq9AKCRPgAQg70AMKA9AEhwPgAwoL4AAGk8AMCuPgBQPb4AwK48ALSGPgAwIL4A4Eu9ABCDPgAAaTwA4Ms9AJhEPgAAab4AEAM+AEELwQCgEb2wF/TBwA3wQGwfkkLwFMTBwDSJQYAb90CEg4fCQLBuQUAoLUKkeJ3CINXhQVDr50GwSrXC8HDAQfihCUKgdFbCgGKtQKD+UEKgoYPCgP2SQWzJqULApUvB4I45wWDpMEJgERvBwMQXQtBickLAaJvAwDtuQQByE8A4OVfCsIyoQRBS4UE8GL7CMBPlQZicf0KgxzTBQEXAwQCN7UGApXHCWEERwoAp2EG4RbPCAITPPgD0wL4AwK69AIrjv7iqTUKA2zxB,0,False,1716271630.9800556,0.05012345314025879
/magnets,ABCDPgDoGL4AoBG+ALSGPgAwoL0AAGk9AJB3PgD8jb4AwC49AGSyPgCYRL4AwK48AFiKPgAINr4A4Eu9APyNPgAAabwAcNo9AABpPgDYfr4AMCA+4IglwYCbAkAgugfCQJnvQKAxkkJgBsTBoBeJQQCQ90A8fIfCQJlvQYgvLUKcq53CINXhQWCF50F8OLXCkBnAQfihCUKoQVbCgGKtQDjaUEKoboPCwDeTQfCvqUJgTkvBAKw5wWDpMEKgSxvBKOkXQijtckIA6JjA4FhuQQAWF8BQiVfCoPKoQVCM4UG4Mb7CYMrkQeCjf0IAHzXB8HDAwbC47UE4nnHCqBURwlBy2EE8LLPCAFC9PgBQvb4A4Eu9AObfv5iNTUJAij1B,0,False,1716271631.0305114,0.05045580863952637
/magnets,AOiYPgAINr4AkPe9AJB3PgAQg70A4Es9ABCDPgAAab4AwK48AIycPgDALr4AAGk9AABpPgAQA74AoJG9AJB3PgAA6TsAkPc9AABpPgDYfr4AoBE+oORHwcDTyUAIJQrCQLDuQLQmkkLQ98PBsJqJQQCn9kA8fIfCwCRvQdA2LUKQg53CINXhQfCT50H4UbXC4O2/QUCpCULIXlbCgHmsQBi9UEIkiIPC0NGSQfCvqUIgFEvBwFo6wdDaMEJA3RvBwMQXQuDlckIA0ZnA4FhuQQAtFsBwplfCoPKoQeCa4UH0EL7CgOfkQSirf0LA5DTBgH/AwSCq7UHoyXHCqBURwiDS10EUQrPCAKy5PgBQvb4AwK69ABTev5DATULgMj1B,0,False,1716271631.0804076,0.049896240234375
/magnets,ALSGPgBYCr4AAOm9ANh+PgAQg70A4Es9ALSGPgAQg74AAOk7AOiYPgCYRL4AAOk8AABpPgBQPb4AAGm9AKCRPgAA6TsA4Ms9AJB3PgC0hr4AwC4+YK1RwUCpCUFYeC3CQJnvQOg4kkIgzMPB4FGJQYAy9kBkZofCgOpuQYgvLUJomZ3CkMbhQUBo50GwSrXCQEXAQWiTCUJgOlbCQCitQNC1UELIi4PCwDeTQfCvqUIgFEvBwHE5wbC9MEKgSxvBwMQXQiA3ckIAuprAwDtuQYBzGMBYVlfCwA+pQTBv4UFcNb7CUDDlQUjIf0LgATXBsDbAwZCb7UEw0XHC8BwRwpDD10HgL7PCAPTAPgAItr4AoJG9AHPkv7iqTUKA2zxB,0,False,1716271631.1308894,0.05048179626464844
/magnets,AFiKPgB4J74AEAO+ABCDPgCgkb0AMKA9AOiYPgBYir4AoBE9AAi2PgDALr4A4Es9AABpPgBYCr4AEIO9APyNPgDALr0A4Ms9AOBLPgBIcL4AAOk9gA9PwQCPJkH4XV3CAEjwQKAxkkJgBsTBEAmJQcBV90D0dIfCQJlvQbAZLUIMnZ3CQPLhQcDc50HkXLXCQC7BQVj5CUJoB1bCwLOsQJgxUUJsj4PC4FSTQbTQqUJAMUvBwHE5wdDaMEIAoxvB0EcYQgADc0JAOZjA4FhuQQAtFsAwbFfCMAGpQWAP4kEoI77CoATlQeCjf0JAWTXB0FPAwUDH7UEQtHHC8BwRwrDg10FwPrPCAKy5PgBksr4A4Eu9AM/gv0i5TULgMj1B,0,False,1716271631.180939,0.050049543380737305
/magnets,AOiYPgAA6b0A4Mu9ANh+PgDArr0AMKA9AFiKPgDomL4AAOk8AByrPgBwWr4AAOk7AHBaPgDoGL4A4Eu9ANh+PgAAabwAUL09ABCDPgC0hr4A4Ms9wGBOwQBqRkHwBmPCQJnvQDgNkkJA6cPBkH2JQUD49UCEg4fCIHxvQZD8LELYip3CQPLhQTDO50FUTrXC0FPAQcAdCkL4FVbCwLOsQAgjUUJMcoPCMCmTQdCSqUJgTkvBQP04wfjEMEKAFxzBMLYXQkBUckIAuprAQMdtQQBbFMBQiVfC8MaoQaBg4UHMJr7CoATlQSDef0LA5DTBYGLAwbC47UHIrHHCUHQRwkDv10FQIbPCAITPPgDgy74AAGm9AEXmv5iNTULgMj1B,0,False,1716271631.2305934,0.049654483795166016
/magnets,AKCRPgAINr4AkPe9AKCRPgAwoL0AAGk9AFiKPgD8jb4AwC49AOiYPgDgS74AAGk8ANh+PgDoGL4AwC69AOiYPgAAaTwAAOk9ALSGPgCQd74A6Bg+4GlZwcBgTkEAXGXCQJnvQIw8kkLAXcTBMCaJQQCQ90A8fIfCAHZuQbAZLULElZ3CQPLhQUBR6EFAWbXCwLnAQTAPCkLY+FXCQFarQKhBVkLUyoLCYOCSQRDNqUJAMUvBgDc5wTj/MELghRvByJEXQiA3ckLAf5rAwFJtQYCKF8CgXVfCEOSoQRBS4UEULr7C0LvkQXCyf0LgATXBkBnAwUDH7UFYu3HCyDIRwvAa2EGEM7PCACjTPgBQvb4AAGm9AKHiv3CjTUKA2zxB,0,False,1716271631.280718,0.0501246452331543
/magnets,AIycPgAQA74AWAq+AChTPgBQvb0A4Es9ABCDPgBYir4AoBE9AIycPgBwWr4AAOk8AJB3PgDALr4AoJG9AFiKPgAAabwAkPc9AEhwPgBIcL4AWAo+sN+GwaBUOUEYC2zCgNPvQBAjkkKgQMTBoBeJQQCQ90A8fIfCgOpuQdA2LULElZ3CINXhQTC36EGwSrXCgH/AQdhtCkKQ8VXCwMqrQFByWEJUVoLCkICTQTi3qUKAa0vBoFQ5wYjTMELghRvBKOkXQgjQckJAIpnAoB5uQYC4FcBQiVfCwA+pQTBv4UH0EL7CoATlQVCVf0IAHzXBQEXAwZCb7UEQtHHCYA4RwhA42EGYKLPCAODLPgCYxL4AoBG9ABTev2jWTULgMj1B,0,False,1716271631.3308122,0.0500941276550293
/magnets,ADCgPgBYCr4AcNq9ALhhPgAQg70AEIM9AOiYPgAQg74AwK48AByrPgDgS74AAGk8AEhwPgCgEb4AUL29AFiKPgAAaTwAAOk9ABCDPgC0hr4AWAo+kCSXweBuHEHom3PCgNPvQOg4kkLQ98PBoBeJQYAE+ECYeIfCIJNuQRg+LUKwoJ3CMFjiQeDi6EEsZLXCYGLAQSB1CkIA41XCgHmsQJh5WEL4WYLCEAyTQWChqUKgiEvBAKw5wfjEMEIAoxvBeL0XQqh4ckLAf5rAwDtuQYDmE8B4c1fCoPKoQcB94UH0EL7CYMrkQVhif0IACDbB0FPAwWDk7UGoj3HCqBURwnCm10GEM7PCAJjEPgAItr4AEIO9AM/gv9D6TULgMj1B,0,False,1716271631.3809805,0.05016827583312988
/magnets,ANSjPgAwIL4A4Mu9ALSGPgCgkb0AAGk9ALSGPgBYir4AwK48AHinPgBQPb4AAOk8ABCDPgDoGL4AwC69AHinPgAAabwAAOk9AJB3PgC4Yb4AAOk9wLCiwSDUEEF4fHXCgNPvQMgbkkKw2sPBAG+JQQCQ90D0dIfCoAdvQRg+LULElZ3CYA/iQWBX6UF0a7XCMKvAQSB1CkK421XCwOGqQEilWEKQNYLCwDeTQbydqUJAMUvB4I45wWDpMELghRvBwMQXQsiVckKAXJnA4FhuQYChFsAIglfC4CypQTBv4UFwKr7CMBPlQWjlf0JAWTXBgH/AweBv7UE4nnHCqBURwhA42EHgL7PCAFC9PgCYxL4AEIO9AKHiv0i5TUKg+DxB,0,False,1716271631.431023,0.05004239082336426
/magnets,AKCRPgAQA74AkPe9AKCRPgDgy70AAOk8AFiKPgBYir4AAOk7AIycPgDgS74AAOk8AEhwPgDoGL4A4Eu9AJB3PgAA6bsAAOk9AFiKPgCQd74AEAM+AOuiwaBfEEEIi3XCwA3wQFgqkkIAr8PBcGCJQUDK90BQcYfCgOpuQWBFLUIgkp3CoEniQdBI6UFUTrXCkALBQRioCkIA41XCQD+sQLDJWEKQNYLCMCmTQZSzqUKAa0vBoFQ5wdDaMELghRvBAP8XQvB/ckKARZrAYM1uQYDPFMDgl1fCgNWoQTBv4UGkPL7C4D7lQSirf0JgdjXBEI7AwVBh7UEI53HCiPgQwmAM2EFcSbPCAODLPgBQvb4AEIO9ALjhv3CjTULgMj1B,0,False,1716271631.4810872,0.0500643253326416
/magnets,AESVPgB4J74AAOm9ABCDPgDgy70AMKA9AFiKPgCgkb4AAOk8AByrPgBQPb4AwC49AHBaPgAINr4AAGm9AFiKPgCgEb0AcNo9ALSGPgCQd74AWAo+IAijwcB8EEHobXXCwCTvQIw8kkKAI8TBwDSJQcBs9kAoh4fCYM1uQbAZLUKcq53CMFjiQeDi6EEsZLXCEI7AQfiKCkJI6lXCQFarQJCsWELYPILCgP2SQfCvqUJgTkvBYBo5wYjTMELghRvBeL0XQvB/ckKARZrAQMdtQYCKF8Dgl1fCEOSoQTBv4UEIBr7CwCHlQbDsf0LgATXB0FPAwSCq7UFYu3HCgCsRwjBV2EGYKLPCAFC9PgCsub4AoJG9ALjhvyicTULgMj1B,0,False,1716271631.5312238,0.050136566162109375
/magnets,AIycPgBYCr4AkPe9ANh+PgAA6bwA4Es9ANh+PgAAab4A4Es9ANSjPgCYRL4AwC49AABpPgAwIL4AoJG9ANh+PgDArrwAAOk9ALSGPgCQd74AoBE+AOuiwQC3EEEIi3XCAF/vQKAxkkLQ98PBUEOJQQCQ90CsbYfC4EFvQWBFLUKwoJ3C0ADiQQAA6UGwSrXC8HDAQUCSCkKQ8VXCgKeqQEilWELER4LCMCmTQRDNqUIA90rBAJU6wRjiMEIAoxvBcPAXQjC6ckLArZjAYORtQYBzGMBYVlfCwA+pQeCa4UFwKr7C4D7lQYwIgEJAWTXB8HDAwXB+7UFYu3HCgCsRwqBG2EHMOrPCAKy5PgDArr4AAGm9AKHiv7DdTUJAij1B,0,False,1716271631.5814419,0.05021810531616211
/magnets,AKCRPgAINr4AcNq9ANh+PgDgS70AoJE9AKCRPgC0hr4AAOk8ADCgPgAINr4AAOk8ABCDPgCQ970AoJG9AJB3PgDALr0AwK49AFiKPgDYfr4AWAo+4M2iwcB8EEHAg3XCwCTvQEQ1kkLQ98PBoBeJQQCn9kBQcYfCAF9vQYgvLUIMnZ3CEDviQSAd6UFoQ7XCgH/AQfiKCkK421XCAAWsQLiWWELsMYLCUEaTQUysqUKAa0vBAKw5wfD3MELAaBvBUNMXQqCrckKARZrAYORtQQAtFsBwplfCwA+pQcB94UH0EL7CEPbkQThFf0KAkzXBUMjAwbC47UF42HHCqBURwgC110HgL7PCAPTAPgA8yL4AoJG9AEXmv7iqTUIAUD1B,0,False,1716271631.63159,0.05014801025390625
/magnets,APyNPgCQ970AWAq+AJB3PgDgS70AAGk9AFiKPgC0hr4AoBE9AIycPgCYRL4AAOk8ANh+PgAQA74AwC69ALhhPgDArjwAcNo9ABCDPgDYfr4AWAo+AOuiwcB8EEEoqHXCAF/vQIw8kkJgBsTB4FGJQUDh9kD0dIfCoAdvQWgSLUKQg53CgCziQVDU6EGwSrXC4NbAQdhtCkIgAFbCAAWsQJCsWELsMYLCoBqTQQSlqUKgn0rB4I45wVgcMUIAoxvBmNoXQvhMckKARZrAwDtuQYDmE8CYkFfCgNWoQZDG4UEoI77CsJ7kQUjIf0KgsDXBgH/AwQCN7UEw0XHCyDIRwtD910FwPrPCAPTAPgBksr4AEIO9AIrjv3CjTUIAUD1B,0,False,1716271631.6818998,0.05030989646911621
/magnets,AESVPgAA6b0AkPe9AJB3PgDArr0AcNo9ABCDPgD8jb4AAGk8ANSjPgC4Yb4AwK48AABpPgB4J74A4Eu9APyNPgAA6TwA4Ms9AABpPgC0hr4AWAo+IAijwYBCEEHAg3XCQLDuQOg4kkLwFMTBMCaJQcA++EA8fIfCAF9vQfggLULElZ3CgCziQZAO6UHkXLXCoJzAQdhtCkIA41XCQG2qQCC7WEIgRILCMCmTQdy6qUIgFEvBoFQ5wRjiMEKAFxzBwMQXQoCOckLAlpnAYORtQQBEFcC4rVfCYLioQcB94UEULr7CEPbkQSirf0IgPDXBYGLAwcBS7UEQtHHCiPgQwoAp2EHMOrPCAPTAPgDgy74AEIO9AKHivyicTULAFT1B,0,False,1716271631.732497,0.050597190856933594
/magnets,AFiKPgCQ970AcNq9AJB3PgCgkb0AcNo9AEhwPgCgkb4A4Es9AIycPgBQPb4AAOk7APyNPgDALr4AwC69ALSGPgAA6bwAcNo9ABCDPgDYfr4A6Bg+4M2iwWAlEEG4tnXCgNPvQFgqkkIgzMPB4FGJQcBs9kBkZofCoAdvQSALLUJomZ3CYA/iQbAr6UF0a7XCQC7BQZBmCkLAqFXCwOGqQEilWEJILoLCEAyTQYiLqUJgTkvBIMk5wajwMEIgwBvBIBwYQlikckKAXJnAgAFuQYCKF8AIglfC0KmoQVCM4UFQDb7CoATlQQDBf0KAkzXB0FPAwXB+7UF42HHCOCQRwiDS10FcSbPCAKy5PgAItr4AAGm9ALjhv0i5TUKg+DxB,0,False,1716271631.7825787,0.050081729888916016
/magnets,AESVPgCQ970AkPe9ABCDPgAQg70AMKA9ANh+PgD8jb4AAGk8ADCgPgC4Yb4AAGk8AHBaPgCgEb4AwK69ANh+PgDArjwAcNo9AFA9PgAQg74AkPc9AOuiwaBfEEEwdXXCQJnvQMBOkkJgBsTBQKmJQQCQ90CYeIfCoAdvQdA2LUJAr53C8B3iQfBl6UF0a7XCwLnAQYiZCkIA41XCAByrQJCsWELYPILCUEaTQZSzqUJAMUvBYAM6wajwMELAaBvBwMQXQkBUckJAC5rAIJNuQYC4FcDoZFfCwA+pQXCp4UH0EL7CsIflQeCjf0KAqjTBkBnAwXB+7UFYu3HCyDIRwqBG2EG4RbPCAJjEPgAItr4A4Eu9AFzlvyicTUIAUD1B,0,False,1716271631.8324687,0.04989004135131836
/magnets,AESVPgDALr4AcNq9AEhwPgDgS70AAGk9ALSGPgDYfr4AwK48AOiYPgCYRL4AoBE9AHBaPgAINr4AwC69ALSGPgAAAAAAMKA9AJB3PgC4Yb4AkPc9kPmiwSDUEEHobXXCAEjwQCQYkkLQ98PBkH2JQcA++EDMiofCoAdvQZD8LEJ8jp3CQPLhQYB06UFUTrXCYGLAQYiZCkJw1FXCQFarQACeWEJILoLCwDeTQfzXqUKAa0vBwHE5wWDpMEIgwBvB6K4XQjiHckKAXJnAwDtuQYDmE8Dgl1fCUB6pQTBv4UE8GL7CwCHlQZDPf0IAHzXB0FPAwZCb7UEYgXHCOCQRwvAa2EGQW7PCAPTAPgA8yL4A4Eu9AP3evwCyTULgMj1B,0,False,1716271631.8827724,0.05030369758605957
/magnets,ANh+PgAwIL4A4Mu9ABCDPgDgS70AwK49ABCDPgC0hr4AAAAAAGSyPgAoU74AAGk9ANh+PgBQPb4AoJG9AJB3PgAA6bsA4Ms9AFiKPgBElb4AMCA+AOuiweCZEEF4fHXCAF/vQKAxkkIQMsTBcGCJQUDK90BkZofCYLZvQUj1LEIgkp3CwGbiQUA66UEYb7XCEI7AQSB1CkKQ8VXCgJCrQOCAWEIAJ4LC4FSTQfCvqULgwkvBAKw5wbC9MEIAoxvBmNoXQqh4ckIA0ZnAAI1tQQAtFsDoZFfCwA+pQbDj4UFwKr7CcE3lQbi5f0LgATXB8HDAwUDH7UEw0XHC6E8RwtD910FcSbPCAODLPgCYxL4A4Mu9AIrjv5iNTUJgvjxB,0,False,1716271631.9322746,0.04950213432312012
/magnets,AFiKPgB4J74AMCC+AESVPgAwoL0AoJE9AKCRPgD8jb4AAAAAANSjPgDoGL4AwC49ANh+PgB4J74AMKC9ABCDPgDgS70A4Ms9ALSGPgD8jb4AAOk9sBajwYBCEEF4fHXCwCTvQAT7kUKgQMTBMCaJQQB5+EDAYofCoAdvQWBFLUIMnZ3CwGbiQSAd6UGwSrXCMKvAQfiKCkKQ8VXCgKeqQHCPWEKwUoLCYOCSQTDqqULg2UrB4I45wSCvMEKgNBzB4OEXQoCOckIA0ZnAYORtQQBEFcBQiVfCAEqpQZDG4UEoI77CAFzlQUD7f0KgsDXBQEXAwbC47UGgwnHC0P8QwkDv10GEM7PCAODLPgAItr4AoJG9AELcv9jHTULAFT1B,0,False,1716271631.982357,0.05008244514465332
/magnets,AFiKPgAQA74AWAq+ALSGPgDArr0A4Es9ANh+PgBElb4AwK48AByrPgB4J74AAOk8AJB3PgAwIL4AoJG9ANh+PgAA6TwAcNo9AFiKPgBIcL4AoBE+MKKiwaBfEEHobXXCQILwQNwQkkJgBsTBwDSJQQCn9kDUV4fC4EFvQfBTLUJIfJ3CgCziQdBI6UGIYLXCUMjAQSB1CkJw1FXCAByrQJCsWEJ8QILCUEaTQcjFqULApUvBgDc5wRjiMEJgERvBMLYXQjC6ckJAIpnAwDtuQQAtFsAwbFfCcDupQXCp4UGYFL7CwCHlQQiOf0KAkzXBYGLAwZCb7UE4nnHCyDIRwmAM2EGEM7PCACjTPgAcq74AEIO9AKHiv0i5TUIghDxB,0,False,1716271632.0326238,0.05026674270629883
/magnets,ANSjPgDgS74AWAq+AJB3PgDgy70AEIM9ALhhPgDomL4AAAAAAOiYPgDgS74AoBE9ANh+PgAINr4AwK69ALhhPgAAaTwAAOk9AOBLPgC4Yb4AkPc94M2iwcB8EEHobXXCgAHuQMBOkkKAI8TBcGCJQQCQ90B4W4fCYM1uQZD8LEJwZp3CEDviQZAO6UGIYLXC4NbAQbCDCkJoB1bCAByrQGjCWEIsbILCwDeTQQSlqUJAMUvB4I45wdDaMEIAoxvBmNoXQoCOckJAC5rAAHZuQYAUEsDoZFfCwA+pQXCp4UGkPL7CUDDlQUjIf0LgATXB8HDAwZCb7UHoyXHCEDoRwmAM2EHgL7PCAPTAPgD0wL4AAGm9ALjhv3CjTUJAoTxB,0,False,1716271632.0827334,0.0501096248626709
/magnets,AIycPgAwIL4AkPe9ALSGPgDALr0A4Es9AEhwPgCQd74AAAAAAIycPgAwIL4AoBE9ABCDPgDoGL4AEIO9AKCRPgAAabwAcNo9APyNPgCQd74AEAM+IAijwSDUEEGASXXCwA3wQPwtkkKAI8TBUEOJQcBs9kCEg4fCYM1uQZD8LEKQg53CMFjiQdBI6UFgdrXCgH/AQdCgCkJw1FXCAByrQEilWEJcI4LCEAyTQYC+qUKAa0vBAKw5wUDMMEIgwBvB2BQYQnjBckKAXJnAQMdtQQAtFsBwplfCoPKoQXCp4UFIQL7CcE3lQWjlf0JAWTXBYGLAweBv7UEQtHHCGAcRwoAp2EEoN7PCAJjEPgBQvb4AcNq9AM/gvyicTULAFT1B,0,False,1716271632.1327252,0.04999184608459473
/magnets,ABCDPgDoGL4AcNq9AJB3PgDArr0AEIM9ALSGPgAQg74AAOk7AAi2PgDALr4AoBE9AJB3PgAQA74AMKC9ABCDPgAA6TsAUL09ABCDPgAQg74AoBE+UL+iwSDUEEFQknXCwCTvQNwQkkJwoMPBAG+JQYAE+ED0dIfCIHxvQYgvLUJIfJ3CgCziQbAr6UHkXLXCMKvAQYiZCkK421XCgL6pQGjCWEI0OYLC4FSTQbydqUIgFEvB4I45wUDMMEIAoxvBuPcXQvB/ckLAlpnAQMdtQYCKF8DoZFfCwA+pQWAm4UGYFL7CcE3lQSDef0KgsDXBgH/AwQCN7UHA33HCyDIRwhA42EGEM7PCADzIPgBQvb4AAGm9ALjhvwCyTULAFT1B,0,False,1716271632.1827214,0.049996137619018555
/magnets,AFiKPgAwIL4AkPe9AFiKPgDgy70AoJE9ABCDPgCQd74AAOk8AHinPgCYRL4AAAAAAEhwPgDALr4AoJG9ALSGPgAA6TsAwK49ABCDPgC0hr4AkPc9MKKiwcB8EEEIi3XCwA3wQGRSkkLwFMTBwDSJQYAb90CEg4fCgOpuQSALLUIUap3CgCziQWBX6UHkXLXCEI7AQdCgCkIA41XCQFarQNizWEJ8QILCsLSSQfCvqULApUvBQP04wdinMELAaBvB4OEXQgjQckLAlpnAIJNuQQBEFcAQT1fCMAGpQfA04UFwKr7CMBPlQbi5f0KgsDXBgH/AwXB+7UE4nnHCEDoRwuCA2EFwPrPCAPTAPgA8yL4AMKC9AC7nv7DdTULAFT1B,0,False,1716271632.232865,0.05014371871948242
/magnets,APyNPgB4J74AAOm9ANh+PgDArr0AAGk9AFiKPgDYfr4AwK48AIycPgAINr4AAOk8AABpPgBQPb4A4Mu9APyNPgAA6bsAcNo9AJB3PgDYfr4AMCA+gHaiwYBCEEF4fHXCgOruQIAUkkIwT8TBUEOJQYAb90AIaofCQLBuQfggLUKQg53CoEniQVDU6EEYb7XCgH/AQdhtCkIozVXCwOGqQLiWWEJwGILCAHKTQfCvqUJAMUvBAKw5wYjTMELghRvBmNoXQhCdckKAXJnAwDtuQQAtFsBQiVfCEOSoQcB94UGYFL7CUDDlQZicf0JAWTXBICjAwUDH7UEQtHHCOCQRwhA42EH0JLPCAJjEPgD0wL4AwC69AHPkv7iqTULgMj1B,0,False,1716271632.2830057,0.0501406192779541
/magnets,AHinPgDALr4A4Mu9AESVPgBQvb0AMKA9AJB3PgC0hr4A4Es9AMCuPgDALr4AAOk8AChTPgAINr4AAGm9APyNPgAA6bwAEAM+ALhhPgC0hr4AoBE+4M2iwcB8EEFwr3XCAF/vQEQ1kkLwFMTBoBeJQYAb90BQcYfCIJNuQfggLULElZ3CMFjiQQAA6UF0a7XC8HDAQWh8CkIgAFbCQFarQACeWELMFILCUEaTQUysqUKAa0vBwHE5wdinMEKgSxvBwMQXQgjQckIA0ZnAgAFuQYC4FcAQT1fCoPKoQWAm4UHgG77CcE3lQXCyf0IgPDXBkBnAwfDy7UHA33HC8BwRwpDD10GYKLPCADzIPgCsub4AEIO9AEXmv7iqTULgMj1B,0,False,1716271632.3331618,0.0501561164855957
/magnets,AOiYPgCYRL4AkPe9AABpPgDArrwAwC49APyNPgAQg74AAOk7AMCuPgCYRL4AwK48ANh+PgCgEb4AoJG9AJB3PgAA6bsA4Ms9AHBaPgAQg74AoBE+kPmiwcB8EEEwdXXCgOruQGwfkkLQ98PBMCaJQYAb90D0dIfCAHZuQWgSLUK8yJ3C0ADiQfBl6UF0a7XC4NbAQfiKCkJoB1bCQFarQLiWWELsMYLCoBqTQfCvqULApUvBYBo5wYjTMEIAoxvBuPcXQmBxckJAC5rAwDtuQYC4FcBQiVfCMAGpQcB94UG4Mb7CcE3lQSirf0LAzTXBEI7AwQCN7UHA33HCoEgRwsBj2EFwPrPCAAi2PgCYxL4AEIO9AC7nvwCyTULAFT1B,0,False,1716271632.3830957,0.04993391036987305
/magnets,AKCRPgAINr4AAOm9ANh+PgAwoL0AMKA9ANh+PgAQg74AAOk8AIycPgBQPb4AoBE9ABCDPgB4J74AEIO9AKCRPgCgEb0A4Ms9AJB3PgC0hr4A6Bg+kPmiwcB8EEHAg3XCAHbuQEQ1kkLwFMTBUEOJQUCz+EDgf4fCYM1uQYgvLUJomZ3CUHXiQbAr6UEYb7XCkALBQbCDCkKQ8VXCAByrQHCPWELYPILC4FSTQUysqUJgTkvB4I45wdDaMEKgSxvBkA0YQsDIckIA0ZnAQLBuQQBbFMDAelfCAEqpQYBD4UEULr7CIHnlQWjlf0Lg6jXBYGLAwXB+7UHoyXHCqBURwkDv10HgL7PCAMzWPgDArr4AAGm9AC7nv9jHTUKg+DxB,0,False,1716271632.4333014,0.05020570755004883
/magnets,AFiKPgAINr4AAOm9AFiKPgAQg70AoJE9ALSGPgCgkb4AwK48AOiYPgAINr4AAOk8AFiKPgBYCr4AAGm9AEhwPgAAaTwAwK49AFiKPgAAab4A6Bg+cNyiwUAIEEFQknXCwA3wQBAjkkIQMsTBIIyJQcBV90B4W4fCAHZuQUAoLUI0h53CoEniQbAr6UHQZ7XCEI7AQdCgCkK421XCQFarQJCsWEKQNYLCoBqTQfCvqUIA90rBgDc5wYjTMEJA3RvB4OEXQqCrckKARZrAwDtuQYC4FcDAelfCwA+pQTBv4UHMJr7CwCHlQcCGf0JAWTXBoJzAwSCq7UGY9XHCGAcRwmAM2EEUQrPCAJjEPgD0wL4AoJG9AKHiv0i5TUJgvjxB,0,False,1716271632.483302,0.050000667572021484
/magnets,AKCRPgAA6b0AUL29AFiKPgCgkb0AwC49ANSjPgD8jb4AwK48AOiYPgAoU74AoBE9AJB3PgAINr4A4Eu9AEhwPgAA6bsAAOk9AJB3PgDYfr4AcNo9AOuiwaBIEUHAg3XCAEjwQDgNkkKAI8TBAG+JQYAE+ECMUIfCIHxvQSALLULYip3CkK/iQUA66UFMgbXC0FPAQSB1CkKQ8VXCQFarQCC7WEJcI4LCMCmTQfCvqUJgTkvBQP04wdinMEKALhvBcPAXQnjBckJAC5rAYORtQQBEFcAIglfCEOSoQRBS4UE8GL7CoATlQcCGf0KgsDXB0FPAwZCb7UGApXHC8BwRwmAM2EEoN7PCAAi2PgAItr4AAGm9AObfv+CUTULAFT1B,0,False,1716271632.533501,0.05019879341125488
/magnets,AKCRPgDgy70AEAO+AJB3PgAAab0AwK49APyNPgBYir4AoBE9ANSjPgDALr4AAGk8AChTPgCYRL4AwK69ALSGPgAAaTwAEAM+AJB3PgBIcL4AoBE+AOuiwaBfEEHAg3XCwCTvQPwtkkJgBsTBwDSJQYAE+ECsbYfCwCRvQbAZLUIMnZ3CYA/iQSAd6UFgdrXCEI7AQYiZCkIA41XCwOGqQEilWELsMYLCcGOTQWChqUJAMUvB4I45wUDMMELAaBvBAP8XQnjBckKAXJnAgAFuQQAtFsDoZFfCgNWoQcB94UHgG77CEPbkQbi5f0JAWTXBICjAwZCb7UE4nnHCgCsRwpDD10E8LLPCADzIPgCYxL4AMKC9AHPkvwh/TUKA2zxB,0,False,1716271632.5835726,0.05007171630859375
/magnets,AIycPgDoGL4AWAq+AJB3PgDgy70A4Es9AJB3PgC0hr4AoBE9ADCgPgBQPb4AoBE9ABCDPgCQ970AwC69AFiKPgAA6bsAwK49AABpPgC0hr4AWAo+AOuiwSDUEEGgZnXCgNPvQEQ1kkIQMsTBUEOJQQCn9kCsbYfCoAdvQSALLUKkeJ3CYA/iQXDx6EGIYLXC0FPAQUhfCkIozVXCwOGqQLiWWEKkKoLCoBqTQeSHqUKgiEvBoFQ5wRjiMEKgSxvBuPcXQgjQckJAC5rAoB5uQYChFsBQiVfCYLioQQC44UFwKr7CwCHlQUjIf0LAzTXBYGLAwXB+7UHg/HHCqBURwtD910GEM7PCAHinPgDgy74AAGm9ABTev7iqTUKg+DxB,0,False,1716271632.6337278,0.0501551628112793
/magnets,AIycPgDoGL4AMCC+AFiKPgAAab0AMKA9AESVPgCgkb4AwK48AByrPgBQPb4AAGk9ALhhPgBYCr4AEIO9ANh+PgDArrwA4Ms9ABCDPgCQd74AkPc9cNyiweCZEEFQknXCwPbwQPwtkkJgBsTBoBeJQQCn9kBQcYfCgNNvQWBFLUIgkp3CoEniQbAr6UEEerXCEI7AQWh8CkLgxVXCgKeqQCiIWEIAJ4LCwDeTQfCvqULg2UrBQOY5wRjiMEIAoxvBmNoXQuDlckJAIpnAgAFuQYBzGMDIR1fC8MaoQYBD4UGYFL7CUDDlQUjIf0IgPDXBwLnAwXB+7UFYu3HC8BwRwrDg10GEM7PCAITPPgBQvb4AMKC9AHPkvyDPTUJgvjxB,0,False,1716271632.6839192,0.050191402435302734
/magnets,AEhwPgAwIL4AoBG+AABpPgAAab0AwC49AESVPgD8jb4AoBE9ANSjPgDgS74AwK48AEhwPgAwIL4A4Eu9AJB3PgAA6bwAAOk9ALhhPgCQd74AkPc90DOjwWAlEEF4fHXCwCTvQFgqkkJgBsTBcGCJQUDh9kCEg4fCgOpuQZD8LELsf53CMFjiQQAA6UHkXLXCMKvAQYiZCkJw1FXCAByrQEilWEIgRILCUEaTQUCEqUJAMUvBIMk5wdDaMEKgSxvB4OEXQhCdckLArZjA4FhuQQBEFcBQiVfCEOSoQVCM4UFwKr7CgOfkQbi5f0IgPDXB0FPAwbC47UHIrHHC+OkQwvAa2EFwPrPCAAi2PgCsub4AMKC9ALjhv0i5TUIgbT1B,0,False,1716271632.7338126,0.04989337921142578
/magnets,AESVPgAwIL4AEAO+ANh+PgDALr0AwK49ABCDPgD8jb4AAOk7AOiYPgAoU74AwC49AJB3PgBYCr4AEIO9APyNPgDArrwA4Ms9AJB3PgAQg74AEAM+QCWjweCZEEG4tnXCAF/vQFgqkkKQvcPBoBeJQYAy9kDAYofCAF9vQahMLUL4p53CUHXiQZAO6UGcVbXCEI7AQUhfCkJw1FXCQG2qQNizWEIgRILCoBqTQfCvqUKgiEvBAKw5wRjiMEIgwBvBAP8XQqCrckIA0ZnA4FhuQYCKF8Dgl1fCMAGpQcB94UEAOb7C4D7lQUjIf0KgsDXBMKvAwWDk7UFQ7nHC0P8QwmAM2EGYKLPCAMCuPgBQvb4AwK69AIrjv7iqTUIAUD1B,0,False,1716271632.78412,0.050307512283325195
/magnets,ADCgPgCgEb4AWAq+AEhwPgAQg70AEIM9AJB3PgBYir4AAOk8AIycPgBwWr4AAGk8ANh+PgAA6b0AEIO9AJB3PgAAaTwA4Ms9AEhwPgDYfr4AEAM+kPmiwWAlEEGYmXXCAHbuQDgNkkIwT8TBMCaJQYAE+ED0dIfCQLBuQfggLULsf53CUHXiQSAd6UEsZLXCEI7AQYiZCkKQ8VXCQFarQPjQWELsMYLCkICTQeSHqUJAMUvBIMk5wRjiMEJA9BrBmNoXQqCrckIA0ZnAgAFuQQBbFMDAelfCgNWoQRBS4UGkPL7C4D7lQbi5f0IAHzXBsDbAwUDH7UHoyXHCqBURwlBy2EFwPrPCAMCuPgDgy74AMKC9AHPkv7DdTULAFT1B,0,False,1716271632.8340573,0.04993724822998047
/magnets,AOiYPgB4J74AwK69AFiKPgAwoL0AMKA9AEhwPgBYir4AAGk8AESVPgCYRL4AwC49AFiKPgAwIL4AoBG9ABCDPgDArrwAUL09ABCDPgDYfr4AWAo+MKKiwQC3EEHAg3XCwCTvQPwtkkKgQMTBcGCJQQCn9kA8fIfCgNNvQZD8LEIUap3CoEniQQAA6UG8crXCYGLAQUCSCkJI6lXCgKeqQLiWWEI0OYLC8O6SQYC+qUKgiEvBYBo5wUDMMEIAoxvB4OEXQuiyckKAXJnAQMdtQQAtFsCYkFfCUB6pQTBv4UG4Mb7CwCHlQQiOf0KAkzXB4O2/weBv7UHIrHHC8BwRwqBG2EFcSbPCAKy5PgCsub4AoJG9ALjhv2jWTUJAij1B,0,False,1716271632.8843193,0.0502619743347168
/magnets,APyNPgAQA74AAOm9AFiKPgDALr0A4Es9ALhhPgBYir4AoBE9AByrPgDALr4AAOk8AChTPgBw2r0AAGm9ALhhPgCgET0A4Ms9AABpPgBIcL4AoBE+cNyiwaBfEEF4fHXCQILwQLQmkkJgBsTBoBeJQYAE+EBIpIfCIHxvQWgSLULElZ3CgCziQdBI6UHkXLXCUMjAQSB1CkK421XCQG2qQIjfWELYPILCMCmTQfCvqULAvErB4I45wWi2MEIAoxvBKOkXQqCrckIA0ZnAQMdtQYC4FcCAQFfCMAGpQQC44UEULr7CcE3lQehwf0JAWTXB8HDAwQCN7UGoj3HCyDIRwqBG2EG4RbPCAMzWPgAcq74AoJG9AKHiv/jkTUKg+DxB,0,False,1716271632.9342556,0.04993629455566406
/magnets,AOiYPgAwIL4AEAO+AJB3PgDgy70AwK49ABCDPgBElb4AwK48AESVPgAoU74AAGk8ABCDPgAQA74AwK69APyNPgAA6TwAkPc9AEhwPgC0hr4AWAo+4M2iwUAIEEGYmXXCgOruQEQ1kkJA6cPBwDSJQQCQ90Dgf4fCAF9vQUAoLUIsup3C8B3iQeDi6EFAWbXCwLnAQWCvCkJI6lXCwOGqQLiWWELsMYLC4FSTQbydqUJAMUvBwIg4wUDMMEJA3RvBCMwXQnjBckKAXJnAAHZuQYBzGMB4c1fC8MaoQeCa4UFcNb7CYMrkQSirf0IgPDXBQEXAwWDk7UFYu3HCqBURwiDS10GEM7PCAPTAPgDUo74AwC69AEXmv7DdTUKg+DxB,0,False,1716271632.9844441,0.050188541412353516
/magnets,AOiYPgAwIL4AEAO+AJB3PgDALr0AoBE9AEhwPgBIcL4AwC49ANSjPgAINr4AAOk8ABCDPgDoGL4AwC69ABCDPgCgET0AAOk9AJB3PgCgkb4AEAM+kPmiwYArEUHAg3XCQJnvQGwfkkJgBsTBgPqIQcBV90A8fIfCYM1uQQDuLEK4bZ3CgCziQZAO6UGIYLXCEI7AQai2CkK421XCQFarQJCsWEJoS4LC8O6SQUysqUKgiEvBIMk5wdinMEKALhvBmNoXQlikckLAlpnAwDtuQYC4FcAwbFfC0KmoQTBv4UGQR77CMBPlQZDPf0KAkzXBQEXAwdDV7UHwlnHCOCQRwoAp2EH0JLPCAFC9PgCsub4AoJG9AIrjv5iNTUIgbT1B,0,False,1716271633.034538,0.050093889236450195
/magnets,APyNPgAoU74AAOm9AFiKPgDArrwA4Es9AKCRPgDYfr4A4Es9AIycPgCYRL4AAOk8AFiKPgCgEb4AwC69ANh+PgAAab0AUL09AJB3PgAQg74AoBE+IAijwSDUEEEwdXXCwA3wQMBOkkIwT8TBUEOJQUDh9kB4W4fCAHZuQRg+LULYip3CoEniQUA66UGIYLXCYGLAQUCSCkIA41XCAAWsQLDJWEI0OYLC4FSTQdy6qUJAMUvBQP04wYjTMEIAoxvBcPAXQqCrckLAlpnAQLBuQQAWF8AIglfCYLioQeCa4UEULr7CwCHlQehwf0KAkzXBMKvAwXB+7UEQtHHCqBURwvAa2EFwPrPCAFC9PgAItr4AwC69AM/gv9jHTUKg+DxB,0,False,1716271633.0848687,0.05033063888549805
/magnets,AOiYPgB4J74AEAO+AFiKPgAQg70AEIM9ANh+PgDYfr4AwK48AIycPgDgS74AAOk8ALSGPgAQA74AoJG9ABCDPgCgET0AkPc9ALSGPgDYfr4AEAM+QCWjweCZEEFYX3XCAF/vQNwQkkLQ98PBwDSJQcBV90A8fIfCgOpuQbAZLUKkeJ3C8B3iQbAr6UFAWbXCgH/AQdhtCkKQ8VXCwOGqQGjCWEJwGILC8O6SQbTQqUKAa0vBIMk5wbC9MELghRvBmNoXQnjBckJAIpnAwDtuQYC4FcB4c1fCoPKoQeCa4UH0EL7C4D7lQeCjf0IAHzXBQEXAwdDV7UFYu3HCEDoRwmAM2EGkULPCAFC9PgDgy74AoJG9AKHivyicTUKA2zxB,0,False,1716271633.1347008,0.04983210563659668
/magnets,APyNPgAINr4AcNq9AABpPgDgS70AEIM9ALSGPgCgkb4AoBE9AHinPgAoU74AAOk8ALSGPgCYRL4AEIO9ANh+PgAA6TsAUL09ANh+PgBYir4AoBE+sBajwWAlEEHobXXCwCTvQEQ1kkKAI8TB4FGJQUDK90DMiofC4EFvQWgSLULYip3CYA/iQWBX6UF0a7XCcOXAQZBmCkIA41XCwOGqQCC7WEKwUoLCcGOTQUysqULgwkvBgDc5wYjTMEKgSxvBuPcXQjC6ckLAlpnAQMdtQQBbFMAIglfCEOSoQeCa4UHgG77CUDDlQQiOf0IgPDXB0FPAwSCq7UFgiHHCOCQRwvAa2EH0JLPCAAi2PgBksr4AAGm9AKHiv0i5TULAFT1B,0,False,1716271633.1848,0.05009913444519043
/magnets,ADCgPgB4J74AUL29AEhwPgAAab0A4Es9ABCDPgBElb4AoBE9AGSyPgDgS74AwC49ALhhPgB4J74AoJG9ALSGPgDArjwA4Ms9AJB3PgC0hr4AMCA+YEKjwWAlEEHobXXCwPbwQOg4kkKAI8TB4FGJQUDh9kC4lYfCgOpuQRg+LUKkeJ3C8B3iQUA66UF0a7XCEI7AQSB1CkJoB1bCgKeqQACeWEJoS4LCgP2SQSTCqUJgTkvB4I45wfD3MELghRvBUNMXQuiyckIA0ZnAYORtQQByE8BQiVfCoPKoQZDG4UGkPL7CwCHlQQDBf0LgATXBQEXAwZCb7UEw0XHCOCQRwpDD10EUQrPCAFC9PgCYxL4AoJG9ABTev7DdTULAFT1B,0,False,1716271633.2348168,0.05001688003540039
/magnets,AFiKPgAA6b0AEAO+ANh+PgDALr0AoJE9AIycPgC0hr4AAGk8AMCuPgCYRL4AoBE9ABCDPgBQPb4A4Eu9AJB3PgAA6TsAAOk9AHBaPgC0hr4A4Ms94M2iwUAIEEEQWHXCQJnvQBAjkkLQ98PBwDSJQcBV90BQcYfC4EFvQWgSLUJccZ3CoEniQYB06UHQZ7XC0FPAQWh8CkK421XCgJCrQCC7WEJAYYLCEAyTQUysqUJgTkvBQP04wWDpMELAaBvBcPAXQhCdckLAlpnAYORtQYChFsDoZFfCEOSoQaBg4UHMJr7CwCHlQSirf0JAWTXB8HDAwZCb7UGgwnHCGAcRwnCP2EHMOrPCAJjEPgAItr4AUL29AHPkv3CjTUJgvjxB,0,False,1716271633.2882552,0.053438425064086914
