/magnets,AAAAAAAAAAAAAAAAAAAAAAAAAAAAAAAAAAAAAAAAAAAAAAAAAAAAAAAAAAAAAAAAAAAAAAAAAAAAAAAAAAAAAAAAAAAAAAAAAAAAAAAAAAAAAAAAAAAAAAAAAAAAAAAAAAAAAAAAAAAAAAAAAAAAAAAAAAAAAAAAAAAAAAAAAAAAAAAAAAAAAAAAAAAAAAAAAAAAAAAAAAAAAAAAAAAAAAAAAAAAAAAAAAAAAAAAAAAAAAAAAAAAAAAAAAAAAAAAAAAAAAAAAAAAAAAAAAAAAAAAAAAAAAAAAAAAAAAAAAAAAAAAAAAAAAAAAAAAAAAAAAAAAAAAAAAAAAAAAAAAAAAAAAAAAAAAAAAAAAAAAAAAAAAAAAAAAAAAAAAAAAAAAAAAAAAAAAAAAAAAAAAAAAAAAAAAAAAAAAAAAAAAAAAAAAAAAAAAAAAAAAAAAAAAAAAAAAAAAAAAAAAAAAAAAAAAAAAAAAAAAAAAAAAAAAAAAAAAAAAAAAAAAAAAAAAAAAAAAAAAAAAAAAAAAAAAAAAAAAAAAAAAAAAAAAAAAAAAAAAAAAAAAAAAAAAAAAAAAAAAAAAAAAAAAAAAAAAAAAAAAAAAAAAAAAAAAAAAAAAAAAAAAAAAAAAAAAAAAAAAANSjPgCgEb4A2H6+AChTPgDArr0AMKC9AESVPgC4Yb4AwK69ANSjPgDALr4AAGm8AChTvshmI0JcUYDCADCgPgAwoL0A6Bg+ALSGPgDM1r4AAOk9AJhEPgB4J74A4Es9AIycPgC0hr4A4Mu9AByrPgDomL4AAOm9AOiYPgBElb4AoJG9ADCgPgBwWr4AEIM9ACjTPgAAabwA4Eu9AKCRPgAQA74AwK69ANSjPgDALr0A4Mu9AHinPgB4p74AuGG+AAi2PgBYir4ACDa+AOBLPgBYir4AEAO+ADCgPgBksr4A6Bi+iMJFQqDcekFYnY3CAEhwPgAAab0AwK49AOgYPgAQg70AAGk9AJjEPgDgy74AtIa+ANSjPgA+Ab8ASHC+,0,False,1716271900.6566334,0.04413437843322754
/magnets,AAAAAAAAAAAAAAAAAAAAAAAAAAAAAAAAAAAAAAAAAAAAAAAAAAAAAAAAAAAAAAAAAAAAAAAAAAAAAAAAAAAAAAAAAAAAAAAAAAAAAAAAAAAAAAAAAAAAAAAAAAAAAAAAAAAAAAAAAAAAAAAAAAAAAAAAAAAAAAAAAAAAAAAAAAAAAAAAAAAAAAAAAAAAAAAAAAAAAAAAAAAAAAAAAAAAAAAAAAAAAAAAAAAAAAAAAAAAAAAAAAAAAAAAAAAAAAAAAAAAAAAAAAAAAAAAAAAAAAAAAAAAAAAAAAAAAAAAAAAAAAAAAAAAAAAAAAAAAAAAAAAAAAAAAAAAAAAAAAAAAAAAAAAAAAAAAAAAAAAAAAAAAAAAAAAAAAAAAAAAAAAAAAAAAAAAAAAAAAAAAAAAAAAAAAAAAAAAAAAAAAAAAAAAAAAAAAAAAAAAAAAAAAAAAAAAAAAAAAAAAAAAAAAAAAAAAAAAAAAAAAAAAAAAAAAAAAAAAAAAAAAAAAAAAAAAAAAAAAAAAAAAAAAAAAAAAAAAAAAAAAAAAAAAAAAAAAAAAAAAAAAAAAAAAAAAAAAAAAAAAAAAAAAAAAAAAAAAAAAAAAAAAAAAAAAAAAAAAAAAAAAAAAAAAAAAAAAAAAAAALSGPgDoGL4AWIq+AEhwPgCgkb0AoJG9AESVPgCgkb4AoJG9ADCgPgDgS74AwK68AABpvjhYI0IUSoDCAIycPgDArr0A6Bg+ABCDPgAo074AAOk9AHBaPgCYRL4AEIM9AIycPgBIcL4AAOm9AGSyPgD8jb4AUL29APyNPgBElb4AUL29AKCRPgAAab4AMKA9ABTePgAA6bwAAGm9AESVPgAA6b0AMKC9AKy5PgAA6bwAkPe9APyNPgCMnL4ASHC+ADCgPgBElb4AkPe9AFiKPgD8jb4AeCe+AKy5PgDArr4AkPe9OO5FQuAtekFsko3CABCDPgDALr0AoBE9AOBLPgAAabwA4Es9AKy5PgDgy74A2H6+AGSyPgA+Ab8AkHe+,0,False,1716271900.686799,0.030165672302246094
/magnets,AAAAAAAAAAAAAAAAAAAAAAAAAAAAAAAAAAAAAAAAAAAAAAAAAAAAAAAAAAAAAAAAAAAAAAAAAAAAAAAAAAAAAAAAAAAAAAAAAAAAAAAAAAAAAAAAAAAAAAAAAAAAAAAAAAAAAAAAAAAAAAAAAAAAAAAAAAAAAAAAAAAAAAAAAAAAAAAAAAAAAAAAAAAAAAAAAAAAAAAAAAAAAAAAAAAAAAAAAAAAAAAAAAAAAAAAAAAAAAAAAAAAAAAAAAAAAAAAAAAAAAAAAAAAAAAAAAAAAAAAAAAAAAAAAAAAAAAAAAAAAAAAAAAAAAAAAAAAAAAAAAAAAAAAAAAAAAAAAAAAAAAAAAAAAAAAAAAAAAAAAAAAAAAAAAAAAAAAAAAAAAAAAAAAAAAAAAAAAAAAAAAAAAAAAAAAAAAAAAAAAAAAAAAAAAAAAAAAAAAAAAAAAAAAAAAAAAAAAAAAAAAAAAAAAAAAAAAAAAAAAAAAAAAAAAAAAAAAAAAAAAAAAAAAAAAAAAAAAAAAAAAAAAAAAAAAAAAAAAAAAAAAAAAAAAAAAAAAAAAAAAAAAAAAAAAAAAAAAAAAAAAAAAAAAAAAAAAAAAAAAAAAAAAAAAAAAAAAAAAAAAAAAAAAAAAAAAAAAAAAADCgPgCgEb4AkHe+AFiKPgAwoL0AoJG9ANh+PgCgkb4A4Mu9ADCgPgDgS74AAAAAAChTvhBuI0KEO4DCAMCuPgDArr0AoBE+AJB3PgAo074AUL09AOBLPgDALr4AwK49ALSGPgC4Yb4AEAO+AOiYPgAQg74AwK69AIycPgDomL4AAOm9AESVPgBYir4AAOk8AITPPgAAaTwA4Eu9AIycPgCQ970AMKC9AMCuPgBQvb0AkPe9ANSjPgAcq74AcFq+AMCuPgBYir4AwC6+ALSGPgC0hr4A6Bi+ADCgPgA8yL4A6Bi+OO5FQoC/ekEki43CABCDPgAAab0AEIM9ADAgPgAA6bsAAGk9APTAPgA8yL4AAGm+AByrPgDs874A/I2+,0,False,1716271900.7346733,0.04787421226501465
/magnets,AAAAAAAAAAAAAAAAAAAAAAAAAAAAAAAAAAAAAAAAAAAAAAAAAAAAAAAAAAAAAAAAAAAAAAAAAAAAAAAAAAAAAAAAAAAAAAAAAAAAAAAAAAAAAAAAAAAAAAAAAAAAAAAAAAAAAAAAAAAAAAAAAAAAAAAAAAAAAAAAAAAAAAAAAAAAAAAAAAAAAAAAAAAAAAAAAAAAAAAAAAAAAAAAAAAAAAAAAAAAAAAAAAAAAAAAAAAAAAAAAAAAAAAAAAAAAAAAAAAAAAAAAAAAAAAAAAAAAAAAAAAAAAAAAAAAAAAAAAAAAAAAAAAAAAAAAAAAAAAAAAAAAAAAAAAAAAAAAAAAAAAAAAAAAAAAAAAAAAAAAAAAAAAAAAAAAAAAAAAAAAAAAAAAAAAAAAAAAAAAAAAAAAAAAAAAAAAAAAAAAAAAAAAAAAAAAAAAAAAAAAAAAAAAAAAAAAAAAAAAAAAAAAAAAAAAAAAAAAAAAAAAAAAAAAAAAAAAAAAAAAAAAAAAAAAAAAAAAAAAAAAAAAAAAAAAAAAAAAAAAAAAAAAAAAAAAAAAAAAAAAAAAAAAAAAAAAAAAAAAAAAAAAAAAAAAAAAAAAAAAAAAAAAAAAAAAAAAAAAAAAAAAAAAAAAAAAAAAAAAAESVPgDoGL4A2H6+AJB3PgDgy70AwK69ADCgPgAQg74A4Mu9AMCuPgCYRL4AAAAAAFA9vjCLI0JcUYDCAIycPgAQg70AWAo+AEhwPgD0wL4AcNo9AAg2PgB4J74AMKA9AESVPgCQd74AEAO+AHinPgBIcL4AEAO+AOiYPgD8jb4AUL29ADCgPgAAab4A4Es9AODLPgAAabwAAGm9AOiYPgDoGL4AAGm9AByrPgAQg70AMCC+AOiYPgDomL4AcFq+AGSyPgDYfr4A6Bi+AJB3PgCgkb4AEAO+AESVPgBksr4AEAO+EARGQkCFekEki43CAKCRPgAA6bwAMKA9AOgYPgAQg70AoBE9APTAPgA8yL4AEIO+AByrPgAQA78A4Eu+,0,False,1716271900.7846932,0.05001997947692871
/magnets,AAAAAAAAAAAAAAAAAAAAAAAAAAAAAAAAAAAAAAAAAAAAAAAAAAAAAAAAAAAAAAAAAAAAAAAAAAAAAAAAAAAAAAAAAAAAAAAAAAAAAAAAAAAAAAAAAAAAAAAAAAAAAAAAAAAAAAAAAAAAAAAAAAAAAAAAAAAAAAAAAAAAAAAAAAAAAAAAAAAAAAAAAAAAAAAAAAAAAAAAAAAAAAAAAAAAAAAAAAAAAAAAAAAAAAAAAAAAAAAAAAAAAAAAAAAAAAAAAAAAAAAAAAAAAAAAAAAAAAAAAAAAAAAAAAAAAAAAAAAAAAAAAAAAAAAAAAAAAAAAAAAAAAAAAAAAAAAAAAAAAAAAAAAAAAAAAAAAAAAAAAAAAAAAAAAAAAAAAAAAAAAAAAAAAAAAAAAAAAAAAAAAAAAAAAAAAAAAAAAAAAAAAAAAAAAAAAAAAAAAAAAAAAAAAAAAAAAAAAAAAAAAAAAAAAAAAAAAAAAAAAAAAAAAAAAAAAAAAAAAAAAAAAAAAAAAAAAAAAAAAAAAAAAAAAAAAAAAAAAAAAAAAAAAAAAAAAAAAAAAAAAAAAAAAAAAAAAAAAAAAAAAAAAAAAAAAAAAAAAAAAAAAAAAAAAAAAAAAAAAAAAAAAAAAAAAAAAAAAAAAHinPgDoGL4AEIO+AABpPgDArrwAEIO9AFiKPgCQd74AwK69AESVPgAAab4AwK68AAg2vhBuI0K4TYDCAGSyPgBQvb0AMCA+AFiKPgCYxL4AUL09AChTPgCQ970AUL09APyNPgCQd74A4Mu9AGSyPgD8jb4AAOm9AIycPgD8jb4AMKC9APyNPgBIcL4A4Es9APTAPgAA6bsAoBG9AHinPgCgEb4AwK69AOiYPgAA6bwAAOm9ANSjPgDomL4AAGm+AAi2PgBYir4AWAq+ALhhPgDomL4AWAq+APyNPgB4p74AEAO+GNFFQuAWe0H8oI3CANh+PgAwoL0AoBE9AFA9PgAA6TsAwC49AKy5PgCYxL4AEIO+ADCgPgDs874AcFq+,0,False,1716271900.8349688,0.050275564193725586
/magnets,AAAAAAAAAAAAAAAAAAAAAAAAAAAAAAAAAAAAAAAAAAAAAAAAAAAAAAAAAAAAAAAAAAAAAAAAAAAAAAAAAAAAAAAAAAAAAAAAAAAAAAAAAAAAAAAAAAAAAAAAAAAAAAAAAAAAAAAAAAAAAAAAAAAAAAAAAAAAAAAAAAAAAAAAAAAAAAAAAAAAAAAAAAAAAAAAAAAAAAAAAAAAAAAAAAAAAAAAAAAAAAAAAAAAAAAAAAAAAAAAAAAAAAAAAAAAAAAAAAAAAAAAAAAAAAAAAAAAAAAAAAAAAAAAAAAAAAAAAAAAAAAAAAAAAAAAAAAAAAAAAAAAAAAAAAAAAAAAAAAAAAAAAAAAAAAAAAAAAAAAAAAAAAAAAAAAAAAAAAAAAAAAAAAAAAAAAAAAAAAAAAAAAAAAAAAAAAAAAAAAAAAAAAAAAAAAAAAAAAAAAAAAAAAAAAAAAAAAAAAAAAAAAAAAAAAAAAAAAAAAAAAAAAAAAAAAAAAAAAAAAAAAAAAAAAAAAAAAAAAAAAAAAAAAAAAAAAAAAAAAAAAAAAAAAAAAAAAAAAAAAAAAAAAAAAAAAAAAAAAAAAAAAAAAAAAAAAAAAAAAAAAAAAAAAAAAAAAAAAAAAAAAAAAAAAAAAAAAAAAAAPyNPgCgEb4AkHe+ALSGPgDALr0AMKC9AChTPgBYir4AcNq9AMCuPgAAab4AAGk8AJhEvqhJI0JwRoDCAKCRPgDgS70A6Bg+ALSGPgCYxL4AkPc9ALhhPgBYCr4AoJE9AOiYPgBwWr4A4Mu9AMCuPgAoU74AcNq9ADCgPgDYfr4AcNq9AOiYPgDYfr4AEIM9AMzWPgAA6bsAAGm9AIycPgCQ970A4Mu9AAi2PgDArr0AkPe9AKCRPgDUo74AuGG+AKy5PgDUo74AoBG+AFiKPgBElb4AeCe+AESVPgCsub4AoBG+gPVFQsD5ekH8oI3CAJB3PgAwoL0A4Es9AJhEPgAA6bsAoJE9AJjEPgCEz74AkHe+AByrPgDs874AEIO+,0,False,1716271900.8848748,0.049906015396118164
/magnets,AAAAAAAAAAAAAAAAAAAAAAAAAAAAAAAAAAAAAAAAAAAAAAAAAAAAAAAAAAAAAAAAAAAAAAAAAAAAAAAAAAAAAAAAAAAAAAAAAAAAAAAAAAAAAAAAAAAAAAAAAAAAAAAAAAAAAAAAAAAAAAAAAAAAAAAAAAAAAAAAAAAAAAAAAAAAAAAAAAAAAAAAAAAAAAAAAAAAAAAAAAAAAAAAAAAAAAAAAAAAAAAAAAAAAAAAAAAAAAAAAAAAAAAAAAAAAAAAAAAAAAAAAAAAAAAAAAAAAAAAAAAAAAAAAAAAAAAAAAAAAAAAAAAAAAAAAAAAAAAAAAAAAAAAAAAAAAAAAAAAAAAAAAAAAAAAAAAAAAAAAAAAAAAAAAAAAAAAAAAAAAAAAAAAAAAAAAAAAAAAAAAAAAAAAAAAAAAAAAAAAAAAAAAAAAAAAAAAAAAAAAAAAAAAAAAAAAAAAAAAAAAAAAAAAAAAAAAAAAAAAAAAAAAAAAAAAAAAAAAAAAAAAAAAAAAAAAAAAAAAAAAAAAAAAAAAAAAAAAAAAAAAAAAAAAAAAAAAAAAAAAAAAAAAAAAAAAAAAAAAAAAAAAAAAAAAAAAAAAAAAAAAAAAAAAAAAAAAAAAAAAAAAAAAAAAAAAAAAAAAAKCRPgAwIL4ASHC+AESVPgDgy70AoJG9AOiYPgC4Yb4A4Mu9AOiYPgDgS74AAOk7AChTvoBfI0IUSoDCAHinPgAAab0AEAM+ANh+PgCYxL4AEAM+AChTPgAINr4AwK49AByrPgAoU74AWAq+AIycPgCQd74AkPe9AHinPgBYir4A4Mu9ADCgPgBYir4AMKA9ALjhPgAA6bsAoBG9ANSjPgDoGL4AAGm9AOiYPgDArr0AAOm9AIycPgAcq74ASHC+AOiYPgD8jb4AWAq+AABpPgBElb4AWAq+ANSjPgDUo74AAOm9gPVFQmCiekFYnY3CABCDPgCgkb0AoJE9AMAuPgCgEb0AwC49AITPPgAItr4AoJG+AByrPgA+Ab8A2H6+,0,False,1716271900.9349802,0.05010533332824707
/magnets,AAAAAAAAAAAAAAAAAAAAAAAAAAAAAAAAAAAAAAAAAAAAAAAAAAAAAAAAAAAAAAAAAAAAAAAAAAAAAAAAAAAAAAAAAAAAAAAAAAAAAAAAAAAAAAAAAAAAAAAAAAAAAAAAAAAAAAAAAAAAAAAAAAAAAAAAAAAAAAAAAAAAAAAAAAAAAAAAAAAAAAAAAAAAAAAAAAAAAAAAAAAAAAAAAAAAAAAAAAAAAAAAAAAAAAAAAAAAAAAAAAAAAAAAAAAAAAAAAAAAAAAAAAAAAAAAAAAAAAAAAAAAAAAAAAAAAAAAAAAAAAAAAAAAAAAAAAAAAAAAAAAAAAAAAAAAAAAAAAAAAAAAAAAAAAAAAAAAAAAAAAAAAAAAAAAAAAAAAAAAAAAAAAAAAAAAAAAAAAAAAAAAAAAAAAAAAAAAAAAAAAAAAAAAAAAAAAAAAAAAAAAAAAAAAAAAAAAAAAAAAAAAAAAAAAAAAAAAAAAAAAAAAAAAAAAAAAAAAAAAAAAAAAAAAAAAAAAAAAAAAAAAAAAAAAAAAAAAAAAAAAAAAAAAAAAAAAAAAAAAAAAAAAAAAAAAAAAAAAAAAAAAAAAAAAAAAAAAAAAAAAAAAAAAAAAAAAAAAAAAAAAAAAAAAAAAAAAAAAAAAESVPgB4J74ASHC+AFiKPgAwoL0A4Mu9ANh+PgCMnL4A4Mu9AIycPgBwWr4AwK68AJhEvqB8I0KYMIDCAHinPgAQg70A6Bg+ANh+PgAU3r4AAOk9AFA9PgDALr4AEIM9AESVPgDYfr4AUL29AKy5PgCQd74AEAO+AByrPgD8jb4AwK69APyNPgC4Yb4AEIM9ACjTPgAAAAAA4Eu9AKCRPgBYCr4AoJG9ADCgPgCgEb0AWAq+AHinPgAItr4A2H6+ANSjPgAwoL4AEAO+ALhhPgCQd74AWAq+AAi2PgAItr4AEAO+qN9FQiBoekFYnY3CAESVPgAQg70AwC49AOgYPgAAabwAAOk8AJjEPgCYxL4AoJG+ADCgPgA0+74AkHe+,0,False,1716271900.9843733,0.0493931770324707
/magnets,AAAAAAAAAAAAAAAAAAAAAAAAAAAAAAAAAAAAAAAAAAAAAAAAAAAAAAAAAAAAAAAAAAAAAAAAAAAAAAAAAAAAAAAAAAAAAAAAAAAAAAAAAAAAAAAAAAAAAAAAAAAAAAAAAAAAAAAAAAAAAAAAAAAAAAAAAAAAAAAAAAAAAAAAAAAAAAAAAAAAAAAAAAAAAAAAAAAAAAAAAAAAAAAAAAAAAAAAAAAAAAAAAAAAAAAAAAAAAAAAAAAAAAAAAAAAAAAAAAAAAAAAAAAAAAAAAAAAAAAAAAAAAAAAAAAAAAAAAAAAAAAAAAAAAAAAAAAAAAAAAAAAAAAAAAAAAAAAAAAAAAAAAAAAAAAAAAAAAAAAAAAAAAAAAAAAAAAAAAAAAAAAAAAAAAAAAAAAAAAAAAAAAAAAAAAAAAAAAAAAAAAAAAAAAAAAAAAAAAAAAAAAAAAAAAAAAAAAAAAAAAAAAAAAAAAAAAAAAAAAAAAAAAAAAAAAAAAAAAAAAAAAAAAAAAAAAAAAAAAAAAAAAAAAAAAAAAAAAAAAAAAAAAAAAAAAAAAAAAAAAAAAAAAAAAAAAAAAAAAAAAAAAAAAAAAAAAAAAAAAAAAAAAAAAAAAAAAAAAAAAAAAAAAAAAAAAAAAAAAAAKCRPgDALr4AuGG+ABCDPgDALr0AoJG9ALSGPgBElb4AwK69AIycPgC4Yb4AAOk7AMAuvshmI0JcUYDCAMCuPgAAab0A6Bg+AABpPgAo074AAOk9AHBaPgAwIL4AwK49AOiYPgBIcL4AwK69AMCuPgC0hr4AcNq9AHinPgDYfr4AwK69ALSGPgC4Yb4A4Es9AODLPgAA6bwA4Eu9AIycPgCQ970AMKC9AMCuPgAAab0AAOm9AHinPgBElb4A4Eu+AOiYPgBElb4AkPe9ANh+PgCgkb4A6Bi+AOiYPgBksr4A6Bi+gPVFQmCiekEQlo3CABCDPgDALr0AEIM9AAg2PgAA6bsAAGk8AFC9PgCYxL4A2H6+AHinPgAQA78AKFO+,0,False,1716271901.0344002,0.050026893615722656
/magnets,AAAAAAAAAAAAAAAAAAAAAAAAAAAAAAAAAAAAAAAAAAAAAAAAAAAAAAAAAAAAAAAAAAAAAAAAAAAAAAAAAAAAAAAAAAAAAAAAAAAAAAAAAAAAAAAAAAAAAAAAAAAAAAAAAAAAAAAAAAAAAAAAAAAAAAAAAAAAAAAAAAAAAAAAAAAAAAAAAAAAAAAAAAAAAAAAAAAAAAAAAAAAAAAAAAAAAAAAAAAAAAAAAAAAAAAAAAAAAAAAAAAAAAAAAAAAAAAAAAAAAAAAAAAAAAAAAAAAAAAAAAAAAAAAAAAAAAAAAAAAAAAAAAAAAAAAAAAAAAAAAAAAAAAAAAAAAAAAAAAAAAAAAAAAAAAAAAAAAAAAAAAAAAAAAAAAAAAAAAAAAAAAAAAAAAAAAAAAAAAAAAAAAAAAAAAAAAAAAAAAAAAAAAAAAAAAAAAAAAAAAAAAAAAAAAAAAAAAAAAAAAAAAAAAAAAAAAAAAAAAAAAAAAAAAAAAAAAAAAAAAAAAAAAAAAAAAAAAAAAAAAAAAAAAAAAAAAAAAAAAAAAAAAAAAAAAAAAAAAAAAAAAAAAAAAAAAAAAAAAAAAAAAAAAAAAAAAAAAAAAAAAAAAAAAAAAAAAAAAAAAAAAAAAAAAAAAAAAAAAAAIycPgB4J74AkHe+AABpPgDArr0AoJG9APyNPgBYir4AEIO9AIycPgDALr4AAOm8AFA9vjCLI0JwRoDCAIycPgDgS70AkPc9ALSGPgAo074A4Ms9AOBLPgAA6b0AcNo9AIycPgBIcL4AWAq+AAi2PgDYfr4AAOm9AESVPgBElb4AUL29ANSjPgAAab4A4Es9AHDaPgAA6bsA4Eu9ADCgPgCQ970AwK69AMCuPgDALr0AEAO+AOiYPgB4p74AcFq+ADCgPgBElb4AWAq+ALhhPgD8jb4AMCC+AHinPgBQvb4A6Bi+GNFFQqDzeUHoq43CALSGPgDArrwAAOk8AChTPgCgEb0AAOk8APTAPgA8yL4A/I2+AAi2PgDiBL8ASHC+,0,False,1716271901.0849304,0.050530195236206055
/magnets,AAAAAAAAAAAAAAAAAAAAAAAAAAAAAAAAAAAAAAAAAAAAAAAAAAAAAAAAAAAAAAAAAAAAAAAAAAAAAAAAAAAAAAAAAAAAAAAAAAAAAAAAAAAAAAAAAAAAAAAAAAAAAAAAAAAAAAAAAAAAAAAAAAAAAAAAAAAAAAAAAAAAAAAAAAAAAAAAAAAAAAAAAAAAAAAAAAAAAAAAAAAAAAAAAAAAAAAAAAAAAAAAAAAAAAAAAAAAAAAAAAAAAAAAAAAAAAAAAAAAAAAAAAAAAAAAAAAAAAAAAAAAAAAAAAAAAAAAAAAAAAAAAAAAAAAAAAAAAAAAAAAAAAAAAAAAAAAAAAAAAAAAAAAAAAAAAAAAAAAAAAAAAAAAAAAAAAAAAAAAAAAAAAAAAAAAAAAAAAAAAAAAAAAAAAAAAAAAAAAAAAAAAAAAAAAAAAAAAAAAAAAAAAAAAAAAAAAAAAAAAAAAAAAAAAAAAAAAAAAAAAAAAAAAAAAAAAAAAAAAAAAAAAAAAAAAAAAAAAAAAAAAAAAAAAAAAAAAAAAAAAAAAAAAAAAAAAAAAAAAAAAAAAAAAAAAAAAAAAAAAAAAAAAAAAAAAAAAAAAAAAAAAAAAAAAAAAAAAAAAAAAAAAAAAAAAAAAAAAAAALSGPgBQPb4A2H6+ABCDPgDArrwAoJG9AKCRPgBYir4AAOm9AHinPgAoU74AAGm8AHBavoBfI0IoP4DCAESVPgBQvb0AeCc+APyNPgDgy74A4Ms9AFA9PgCYRL4AAGk9ALSGPgBQPb4AEAO+AKy5PgAoU74AwK69AOiYPgDomL4AMKC9APyNPgAAab4AoJE9AODLPgCgEb0AoBG9AIycPgAA6b0AUL29AGSyPgAAab0A4Mu9ANSjPgAwoL4AKFO+AOiYPgDomL4AoBG+AABpPgD8jb4AMCC+AHinPgAItr4AkPe98OZFQkCFekHIjo3CANh+PgAA6bsAAOk8AJhEPgDALr0AoBE9APTAPgCEz74AWIq+ADCgPgA+Ab8AKFO+,0,False,1716271901.1346703,0.049739837646484375
/magnets,AAAAAAAAAAAAAAAAAAAAAAAAAAAAAAAAAAAAAAAAAAAAAAAAAAAAAAAAAAAAAAAAAAAAAAAAAAAAAAAAAAAAAAAAAAAAAAAAAAAAAAAAAAAAAAAAAAAAAAAAAAAAAAAAAAAAAAAAAAAAAAAAAAAAAAAAAAAAAAAAAAAAAAAAAAAAAAAAAAAAAAAAAAAAAAAAAAAAAAAAAAAAAAAAAAAAAAAAAAAAAAAAAAAAAAAAAAAAAAAAAAAAAAAAAAAAAAAAAAAAAAAAAAAAAAAAAAAAAAAAAAAAAAAAAAAAAAAAAAAAAAAAAAAAAAAAAAAAAAAAAAAAAAAAAAAAAAAAAAAAAAAAAAAAAAAAAAAAAAAAAAAAAAAAAAAAAAAAAAAAAAAAAAAAAAAAAAAAAAAAAAAAAAAAAAAAAAAAAAAAAAAAAAAAAAAAAAAAAAAAAAAAAAAAAAAAAAAAAAAAAAAAAAAAAAAAAAAAAAAAAAAAAAAAAAAAAAAAAAAAAAAAAAAAAAAAAAAAAAAAAAAAAAAAAAAAAAAAAAAAAAAAAAAAAAAAAAAAAAAAAAAAAAAAAAAAAAAAAAAAAAAAAAAAAAAAAAAAAAAAAAAAAAAAAAAAAAAAAAAAAAAAAAAAAAAAAAAAAAAAAFiKPgBQPb4AkHe+AJB3PgAAab0AMKC9AESVPgAQg74AMKC9ADCgPgC4Yb4AoBG9AChTvhBuI0KkWIDCADCgPgCgEb0AoBE+ANh+PgBQvb4AcNo9ALhhPgCgEb4AwK49ADCgPgAoU74AUL29AOiYPgBYir4AUL29ANSjPgBYir4AUL29AESVPgC4Yb4AEIM9ACjTPgAA6bwAAOm8AOiYPgB4J74AMKC9AESVPgAAab0AEIO9AESVPgBElb4AuGG+ANSjPgBYir4AkPe9AJB3PgAwoL4A6Bi+ADCgPgBQvb4A6Bi+0MlFQiBoekE4gI3CAHBaPgDgS70AAGk9AKARPgDALr0AAOk8ACjTPgD0wL4AoJG+ANSjPgBI8L4ASHC+,0,False,1716271901.1848018,0.05013155937194824
/magnets,AAAAAAAAAAAAAAAAAAAAAAAAAAAAAAAAAAAAAAAAAAAAAAAAAAAAAAAAAAAAAAAAAAAAAAAAAAAAAAAAAAAAAAAAAAAAAAAAAAAAAAAAAAAAAAAAAAAAAAAAAAAAAAAAAAAAAAAAAAAAAAAAAAAAAAAAAAAAAAAAAAAAAAAAAAAAAAAAAAAAAAAAAAAAAAAAAAAAAAAAAAAAAAAAAAAAAAAAAAAAAAAAAAAAAAAAAAAAAAAAAAAAAAAAAAAAAAAAAAAAAAAAAAAAAAAAAAAAAAAAAAAAAAAAAAAAAAAAAAAAAAAAAAAAAAAAAAAAAAAAAAAAAAAAAAAAAAAAAAAAAAAAAAAAAAAAAAAAAAAAAAAAAAAAAAAAAAAAAAAAAAAAAAAAAAAAAAAAAAAAAAAAAAAAAAAAAAAAAAAAAAAAAAAAAAAAAAAAAAAAAAAAAAAAAAAAAAAAAAAAAAAAAAAAAAAAAAAAAAAAAAAAAAAAAAAAAAAAAAAAAAAAAAAAAAAAAAAAAAAAAAAAAAAAAAAAAAAAAAAAAAAAAAAAAAAAAAAAAAAAAAAAAAAAAAAAAAAAAAAAAAAAAAAAAAAAAAAAAAAAAAAAAAAAAAAAAAAAAAAAAAAAAAAAAAAAAAAAAAAAAOiYPgDALr4AAGm+AJB3PgAwoL0AoJG9AFiKPgCgkb4AUL29ADCgPgBwWr4AAAAAAChTvhBuI0LMQoDCAOiYPgDArr0AEAM+ANh+PgAo074AEAM+AOBLPgB4J74AMKA9AESVPgBIcL4AEAO+AMCuPgAAab4AAOm9AESVPgC0hr4A4Mu9ALSGPgBIcL4AAGk9ACjTPgAA6TsAAGm9AOiYPgAA6b0AUL29AOiYPgAQg70AoBG+ANSjPgDArr4AuGG+AGSyPgD8jb4AoBG+ALhhPgC0hr4AoBG+AESVPgBQvb4AEAO+6BlGQmCiekGgpI3CALSGPgCgkb0A4Es9AMAuPgAA6bwAwK48AFC9PgA8yL4AWIq+AByrPgA0+74ASHC+,0,False,1716271901.2348971,0.050095319747924805
/magnets,AAAAAAAAAAAAAAAAAAAAAAAAAAAAAAAAAAAAAAAAAAAAAAAAAAAAAAAAAAAAAAAAAAAAAAAAAAAAAAAAAAAAAAAAAAAAAAAAAAAAAAAAAAAAAAAAAAAAAAAAAAAAAAAAAAAAAAAAAAAAAAAAAAAAAAAAAAAAAAAAAAAAAAAAAAAAAAAAAAAAAAAAAAAAAAAAAAAAAAAAAAAAAAAAAAAAAAAAAAAAAAAAAAAAAAAAAAAAAAAAAAAAAAAAAAAAAAAAAAAAAAAAAAAAAAAAAAAAAAAAAAAAAAAAAAAAAAAAAAAAAAAAAAAAAAAAAAAAAAAAAAAAAAAAAAAAAAAAAAAAAAAAAAAAAAAAAAAAAAAAAAAAAAAAAAAAAAAAAAAAAAAAAAAAAAAAAAAAAAAAAAAAAAAAAAAAAAAAAAAAAAAAAAAAAAAAAAAAAAAAAAAAAAAAAAAAAAAAAAAAAAAAAAAAAAAAAAAAAAAAAAAAAAAAAAAAAAAAAAAAAAAAAAAAAAAAAAAAAAAAAAAAAAAAAAAAAAAAAAAAAAAAAAAAAAAAAAAAAAAAAAAAAAAAAAAAAAAAAAAAAAAAAAAAAAAAAAAAAAAAAAAAAAAAAAAAAAAAAAAAAAAAAAAAAAAAAAAAAAAAAKCRPgDoGL4AkHe+ANh+PgAwoL0AwK69ALSGPgCgkb4AMKC9AByrPgCYRL4AAGk8AJhEvhBuI0KYMIDCAESVPgAQg70A6Bg+AOBLPgCYxL4AcNo9AJB3PgDALr4AEIM9ADCgPgBwWr4AUL29AIycPgC4Yb4AcNq9AIycPgDYfr4AwK69AGSyPgCgkb4A4Es9AITPPgAAabwAAGm8AIycPgBYCr4AEIO9AHinPgAwoL0AWAq+AAi2PgDUo74AuGG+AMCuPgCQd74AWAq+ANh+PgC0hr4AoBG+AHinPgDArr4AoBG+qN9FQuAtekFEqI3CAABpPgCgEb0AAOk8AAg2PgAAab0AoBE9APTAPgDgy74AWIq+AOiYPgA+Ab8AuGG+,0,False,1716271901.2850978,0.050200700759887695
/magnets,AAAAAAAAAAAAAAAAAAAAAAAAAAAAAAAAAAAAAAAAAAAAAAAAAAAAAAAAAAAAAAAAAAAAAAAAAAAAAAAAAAAAAAAAAAAAAAAAAAAAAAAAAAAAAAAAAAAAAAAAAAAAAAAAAAAAAAAAAAAAAAAAAAAAAAAAAAAAAAAAAAAAAAAAAAAAAAAAAAAAAAAAAAAAAAAAAAAAAAAAAAAAAAAAAAAAAAAAAAAAAAAAAAAAAAAAAAAAAAAAAAAAAAAAAAAAAAAAAAAAAAAAAAAAAAAAAAAAAAAAAAAAAAAAAAAAAAAAAAAAAAAAAAAAAAAAAAAAAAAAAAAAAAAAAAAAAAAAAAAAAAAAAAAAAAAAAAAAAAAAAAAAAAAAAAAAAAAAAAAAAAAAAAAAAAAAAAAAAAAAAAAAAAAAAAAAAAAAAAAAAAAAAAAAAAAAAAAAAAAAAAAAAAAAAAAAAAAAAAAAAAAAAAAAAAAAAAAAAAAAAAAAAAAAAAAAAAAAAAAAAAAAAAAAAAAAAAAAAAAAAAAAAAAAAAAAAAAAAAAAAAAAAAAAAAAAAAAAAAAAAAAAAAAAAAAAAAAAAAAAAAAAAAAAAAAAAAAAAAAAAAAAAAAAAAAAAAAAAAAAAAAAAAAAAAAAAAAAAAAAAGSyPgBYCr4AtIa+AEhwPgDgS70AcNq9ABCDPgCgkb4A4Mu9AOiYPgBIcL4AwK68AABpvuiDI0LgN4DCADCgPgCgkb0A6Bg+ABCDPgBw2r4AcNo9AJhEPgAwIL4A4Ms9AIycPgCQd74AEAO+ANSjPgBwWr4AkPe9AESVPgCMnL4AUL29AESVPgBIcL4A4Es9AITPPgDALr0AoJG9ANSjPgCgEb4AwK69AGSyPgDgS70A6Bi+ALSGPgB4p74ASHC+AAi2PgC0hr4AkPe9AJB3PgD8jb4AWAq+AHinPgCsub4AoBG+WAtGQkCFekGMr43CALSGPgAwoL0AoJE9AFA9PgDgS70AoBE9AJjEPgDM1r4AWIq+AHinPgDs874AcFq+,0,False,1716271901.33529,0.05019211769104004
/magnets,AAAAAAAAAAAAAAAAAAAAAAAAAAAAAAAAAAAAAAAAAAAAAAAAAAAAAAAAAAAAAAAAAAAAAAAAAAAAAAAAAAAAAAAAAAAAAAAAAAAAAAAAAAAAAAAAAAAAAAAAAAAAAAAAAAAAAAAAAAAAAAAAAAAAAAAAAAAAAAAAAAAAAAAAAAAAAAAAAAAAAAAAAAAAAAAAAAAAAAAAAAAAAAAAAAAAAAAAAAAAAAAAAAAAAAAAAAAAAAAAAAAAAAAAAAAAAAAAAAAAAAAAAAAAAAAAAAAAAAAAAAAAAAAAAAAAAAAAAAAAAAAAAAAAAAAAAAAAAAAAAAAAAAAAAAAAAAAAAAAAAAAAAAAAAAAAAAAAAAAAAAAAAAAAAAAAAAAAAAAAAAAAAAAAAAAAAAAAAAAAAAAAAAAAAAAAAAAAAAAAAAAAAAAAAAAAAAAAAAAAAAAAAAAAAAAAAAAAAAAAAAAAAAAAAAAAAAAAAAAAAAAAAAAAAAAAAAAAAAAAAAAAAAAAAAAAAAAAAAAAAAAAAAAAAAAAAAAAAAAAAAAAAAAAAAAAAAAAAAAAAAAAAAAAAAAAAAAAAAAAAAAAAAAAAAAAAAAAAAAAAAAAAAAAAAAAAAAAAAAAAAAAAAAAAAAAAAAAAAAAAKCRPgBYCr4A2H6+ALSGPgCgkb0AEIO9AKCRPgC0hr4AoJG9AGSyPgAoU74AAGm8AMAuvqB8I0IoP4DCAESVPgDgS70AMCA+AJB3PgDgy74AwK49AHgnPgCYRL4AEIM9AIycPgBIcL4AAOm9AGSyPgC4Yb4A4Mu9ADCgPgDYfr4AcNq9ANSjPgCQd74AoBE9AHDaPgAAAAAAwC69APyNPgAwIL4AEIO9AGSyPgAA6bwAAOm9AIycPgDArr4ASHC+AAi2PgAQg74AEAO+ALhhPgD8jb4AeCe+AHinPgAItr4AMCC+gPVFQkCFekG0mY3CABCDPgAA6TsA4Es9AFA9PgAAab0AoBE9AFC9PgAo074AWIq+AMCuPgDiBL8AkHe+,0,False,1716271901.3856392,0.05034923553466797
/magnets,AAAAAAAAAAAAAAAAAAAAAAAAAAAAAAAAAAAAAAAAAAAAAAAAAAAAAAAAAAAAAAAAAAAAAAAAAAAAAAAAAAAAAAAAAAAAAAAAAAAAAAAAAAAAAAAAAAAAAAAAAAAAAAAAAAAAAAAAAAAAAAAAAAAAAAAAAAAAAAAAAAAAAAAAAAAAAAAAAAAAAAAAAAAAAAAAAAAAAAAAAAAAAAAAAAAAAAAAAAAAAAAAAAAAAAAAAAAAAAAAAAAAAAAAAAAAAAAAAAAAAAAAAAAAAAAAAAAAAAAAAAAAAAAAAAAAAAAAAAAAAAAAAAAAAAAAAAAAAAAAAAAAAAAAAAAAAAAAAAAAAAAAAAAAAAAAAAAAAAAAAAAAAAAAAAAAAAAAAAAAAAAAAAAAAAAAAAAAAAAAAAAAAAAAAAAAAAAAAAAAAAAAAAAAAAAAAAAAAAAAAAAAAAAAAAAAAAAAAAAAAAAAAAAAAAAAAAAAAAAAAAAAAAAAAAAAAAAAAAAAAAAAAAAAAAAAAAAAAAAAAAAAAAAAAAAAAAAAAAAAAAAAAAAAAAAAAAAAAAAAAAAAAAAAAAAAAAAAAAAAAAAAAAAAAAAAAAAAAAAAAAAAAAAAAAAAAAAAAAAAAAAAAAAAAAAAAAAAAAAAALSGPgAwIL4A2H6+AJB3PgDgS70AEIO9AHBaPgBElb4AMKC9ANSjPgAINr4AAGm8AJhEvuiDI0I8NIDCAOiYPgAAab0AMCA+AChTPgAo074AwK49ALhhPgAwIL4AUL09APyNPgBIcL4AwK69AGSyPgAAab4AcNq9AMCuPgBYir4AMKC9ALSGPgBIcL4A4Es9AITPPgCgEb0AEIO9ADCgPgBYCr4A4Mu9AIycPgDgS70AUL29AGSyPgDUo74AuGG+AKy5PgBElb4AkPe9AHBaPgC0hr4AeCe+AMCuPgDArr4A6Bi+0MlFQsAQekGUfI3CABCDPgAA6bwAoBE9AJhEPgDArrwAAOk7AFC9PgDgy74AtIa+AHinPgDY/r4AEIO+,0,False,1716271901.4356723,0.0500330924987793
/magnets,AAAAAAAAAAAAAAAAAAAAAAAAAAAAAAAAAAAAAAAAAAAAAAAAAAAAAAAAAAAAAAAAAAAAAAAAAAAAAAAAAAAAAAAAAAAAAAAAAAAAAAAAAAAAAAAAAAAAAAAAAAAAAAAAAAAAAAAAAAAAAAAAAAAAAAAAAAAAAAAAAAAAAAAAAAAAAAAAAAAAAAAAAAAAAAAAAAAAAAAAAAAAAAAAAAAAAAAAAAAAAAAAAAAAAAAAAAAAAAAAAAAAAAAAAAAAAAAAAAAAAAAAAAAAAAAAAAAAAAAAAAAAAAAAAAAAAAAAAAAAAAAAAAAAAAAAAAAAAAAAAAAAAAAAAAAAAAAAAAAAAAAAAAAAAAAAAAAAAAAAAAAAAAAAAAAAAAAAAAAAAAAAAAAAAAAAAAAAAAAAAAAAAAAAAAAAAAAAAAAAAAAAAAAAAAAAAAAAAAAAAAAAAAAAAAAAAAAAAAAAAAAAAAAAAAAAAAAAAAAAAAAAAAAAAAAAAAAAAAAAAAAAAAAAAAAAAAAAAAAAAAAAAAAAAAAAAAAAAAAAAAAAAAAAAAAAAAAAAAAAAAAAAAAAAAAAAAAAAAAAAAAAAAAAAAAAAAAAAAAAAAAAAAAAAAAAAAAAAAAAAAAAAAAAAAAAAAAAAAAAAKCRPgAA6b0AkHe+AEhwPgDALr0AEIO9ANh+PgC0hr4AEIO9AESVPgBQPb4AoBG9AFA9voBfI0KEO4DCANSjPgCgkb0AWAo+ABCDPgDM1r4AUL09AChTPgDoGL4AAGk9AFiKPgC4Yb4AwK69AGSyPgAAab4AwK69AOiYPgCgkb4AkPe9ALSGPgC4Yb4A4Es9AHDaPgAAAAAAoJG9AOiYPgAwIL4AoJG9AESVPgAAab0AEAO+AOiYPgB4p74AAGm+AAi2PgBYir4AEAO+AJB3PgBYir4AMCC+ANSjPgDgy74AEAO+gPVFQqDcekGAh43CAKCRPgDgy70AwK48AAg2PgDgS70AAOk7ADzIPgDM1r4AoJG+ANSjPgDY/r4ASHC+,0,False,1716271901.4856625,0.049990177154541016
/magnets,AAAAAAAAAAAAAAAAAAAAAAAAAAAAAAAAAAAAAAAAAAAAAAAAAAAAAAAAAAAAAAAAAAAAAAAAAAAAAAAAAAAAAAAAAAAAAAAAAAAAAAAAAAAAAAAAAAAAAAAAAAAAAAAAAAAAAAAAAAAAAAAAAAAAAAAAAAAAAAAAAAAAAAAAAAAAAAAAAAAAAAAAAAAAAAAAAAAAAAAAAAAAAAAAAAAAAAAAAAAAAAAAAAAAAAAAAAAAAAAAAAAAAAAAAAAAAAAAAAAAAAAAAAAAAAAAAAAAAAAAAAAAAAAAAAAAAAAAAAAAAAAAAAAAAAAAAAAAAAAAAAAAAAAAAAAAAAAAAAAAAAAAAAAAAAAAAAAAAAAAAAAAAAAAAAAAAAAAAAAAAAAAAAAAAAAAAAAAAAAAAAAAAAAAAAAAAAAAAAAAAAAAAAAAAAAAAAAAAAAAAAAAAAAAAAAAAAAAAAAAAAAAAAAAAAAAAAAAAAAAAAAAAAAAAAAAAAAAAAAAAAAAAAAAAAAAAAAAAAAAAAAAAAAAAAAAAAAAAAAAAAAAAAAAAAAAAAAAAAAAAAAAAAAAAAAAAAAAAAAAAAAAAAAAAAAAAAAAAAAAAAAAAAAAAAAAAAAAAAAAAAAAAAAAAAAAAAAAAAAAABCDPgB4J74A2H6+ANh+PgAwoL0AMKC9ALSGPgBElb4AEIO9ANSjPgCYRL4AAAAAAJhEvhBuI0JcUYDCAPyNPgAwoL0AeCc+AEhwPgD0wL4AWAo+AChTPgBw2r0AEIM9AGSyPgAAab4AkPe9AHinPgDYfr4AMKC9ADCgPgAQg74AwK69AHinPgC4Yb4AoJE9ABTePgAA6TwAMKC9AOiYPgBYCr4AEIO9AOiYPgCgEb0A6Bi+ANSjPgB4p74ASHC+AByrPgC0hr4AcNq9AEhwPgCgkb4AEAO+AHinPgA8yL4AkPe9iMJFQiBoekFsko3CALSGPgAA6bwAoJE9AAg2PgAAabwAAGk9ADzIPgBksr4A2H6+AHinPgCQ974AWIq+,0,False,1716271901.5363026,0.050640106201171875
/magnets,AAAAAAAAAAAAAAAAAAAAAAAAAAAAAAAAAAAAAAAAAAAAAAAAAAAAAAAAAAAAAAAAAAAAAAAAAAAAAAAAAAAAAAAAAAAAAAAAAAAAAAAAAAAAAAAAAAAAAAAAAAAAAAAAAAAAAAAAAAAAAAAAAAAAAAAAAAAAAAAAAAAAAAAAAAAAAAAAAAAAAAAAAAAAAAAAAAAAAAAAAAAAAAAAAAAAAAAAAAAAAAAAAAAAAAAAAAAAAAAAAAAAAAAAAAAAAAAAAAAAAAAAAAAAAAAAAAAAAAAAAAAAAAAAAAAAAAAAAAAAAAAAAAAAAAAAAAAAAAAAAAAAAAAAAAAAAAAAAAAAAAAAAAAAAAAAAAAAAAAAAAAAAAAAAAAAAAAAAAAAAAAAAAAAAAAAAAAAAAAAAAAAAAAAAAAAAAAAAAAAAAAAAAAAAAAAAAAAAAAAAAAAAAAAAAAAAAAAAAAAAAAAAAAAAAAAAAAAAAAAAAAAAAAAAAAAAAAAAAAAAAAAAAAAAAAAAAAAAAAAAAAAAAAAAAAAAAAAAAAAAAAAAAAAAAAAAAAAAAAAAAAAAAAAAAAAAAAAAAAAAAAAAAAAAAAAAAAAAAAAAAAAAAAAAAAAAAAAAAAAAAAAAAAAAAAAAAAAAAAAALSGPgAwIL4AkHe+AKCRPgDArr0AUL29ABCDPgBElb4AUL29AESVPgDYfr4AAAAAAFA9vvBQI0KkWIDCAKCRPgAAab0AoBE+AHBaPgDgy74AEAM+AABpPgB4J74AwK49AHinPgAAab4AkPe9ANSjPgCQd74AkPe9AOiYPgAAab4AUL29ABCDPgAQg74AMKA9AHDaPgAA6bsA4Eu9APyNPgBYCr4AwC69AAi2PgDALr0AWAq+APyNPgDomL4AAGm+AGSyPgBYir4AMCC+AHBaPgDYfr4AMCC+AMCuPgAcq74A6Bi+EARGQqDcekH8oI3CALSGPgDALr0AEIM9AMAuPgAAab0AwC49AMzWPgCEz74AWIq+AByrPgCk7L4AkHe+,0,False,1716271901.585573,0.0492703914642334
/magnets,AAAAAAAAAAAAAAAAAAAAAAAAAAAAAAAAAAAAAAAAAAAAAAAAAAAAAAAAAAAAAAAAAAAAAAAAAAAAAAAAAAAAAAAAAAAAAAAAAAAAAAAAAAAAAAAAAAAAAAAAAAAAAAAAAAAAAAAAAAAAAAAAAAAAAAAAAAAAAAAAAAAAAAAAAAAAAAAAAAAAAAAAAAAAAAAAAAAAAAAAAAAAAAAAAAAAAAAAAAAAAAAAAAAAAAAAAAAAAAAAAAAAAAAAAAAAAAAAAAAAAAAAAAAAAAAAAAAAAAAAAAAAAAAAAAAAAAAAAAAAAAAAAAAAAAAAAAAAAAAAAAAAAAAAAAAAAAAAAAAAAAAAAAAAAAAAAAAAAAAAAAAAAAAAAAAAAAAAAAAAAAAAAAAAAAAAAAAAAAAAAAAAAAAAAAAAAAAAAAAAAAAAAAAAAAAAAAAAAAAAAAAAAAAAAAAAAAAAAAAAAAAAAAAAAAAAAAAAAAAAAAAAAAAAAAAAAAAAAAAAAAAAAAAAAAAAAAAAAAAAAAAAAAAAAAAAAAAAAAAAAAAAAAAAAAAAAAAAAAAAAAAAAAAAAAAAAAAAAAAAAAAAAAAAAAAAAAAAAAAAAAAAAAAAAAAAAAAAAAAAAAAAAAAAAAAAAAAAAAAAAIycPgBYCr4AcFq+ALSGPgAQg70AoJG9ALSGPgD8jb4AUL29AHinPgAAab4AAOk7AChTvqhJI0LMQoDCAHinPgAQg70A6Bg+APyNPgBw2r4AWAo+AJhEPgB4J74AwK49ANSjPgCQd74AEAO+AMCuPgC0hr4AoJG9ANSjPgC0hr4AUL29ANSjPgBIcL4AAGk9ACjTPgAA6bsAAGm9AHinPgAwIL4AEIO9AESVPgAQg70AEAO+AGSyPgB4p74ASHC+ADCgPgCgkb4AMCC+ALSGPgCgkb4AoBG+AAi2PgDArr4AEAO+QLtFQsD5ekG0mY3CAFiKPgDALr0AwC49AFgKPgAA6bwAwC49ACjTPgDArr4AWIq+AByrPgA+Ab8AAGm+,0,False,1716271901.635765,0.05019211769104004
/magnets,AAAAAAAAAAAAAAAAAAAAAAAAAAAAAAAAAAAAAAAAAAAAAAAAAAAAAAAAAAAAAAAAAAAAAAAAAAAAAAAAAAAAAAAAAAAAAAAAAAAAAAAAAAAAAAAAAAAAAAAAAAAAAAAAAAAAAAAAAAAAAAAAAAAAAAAAAAAAAAAAAAAAAAAAAAAAAAAAAAAAAAAAAAAAAAAAAAAAAAAAAAAAAAAAAAAAAAAAAAAAAAAAAAAAAAAAAAAAAAAAAAAAAAAAAAAAAAAAAAAAAAAAAAAAAAAAAAAAAAAAAAAAAAAAAAAAAAAAAAAAAAAAAAAAAAAAAAAAAAAAAAAAAAAAAAAAAAAAAAAAAAAAAAAAAAAAAAAAAAAAAAAAAAAAAAAAAAAAAAAAAAAAAAAAAAAAAAAAAAAAAAAAAAAAAAAAAAAAAAAAAAAAAAAAAAAAAAAAAAAAAAAAAAAAAAAAAAAAAAAAAAAAAAAAAAAAAAAAAAAAAAAAAAAAAAAAAAAAAAAAAAAAAAAAAAAAAAAAAAAAAAAAAAAAAAAAAAAAAAAAAAAAAAAAAAAAAAAAAAAAAAAAAAAAAAAAAAAAAAAAAAAAAAAAAAAAAAAAAAAAAAAAAAAAAAAAAAAAAAAAAAAAAAAAAAAAAAAAAAAAAOiYPgDArr0AkHe+ABCDPgCgkb0AcNq9APyNPgBYir4AwK69ANSjPgAoU74AwK68AOBLvhBuI0K4TYDCADCgPgCgkb0AkPc9AJB3PgDgy74AEAM+AAg2PgAQA74AoJE9ANSjPgBIcL4AkPe9AMCuPgDYfr4A4Mu9AByrPgC0hr4AwK69ADCgPgAAab4AwC49AMzWPgCgEb0AAOm8AOiYPgDoGL4AUL29ANSjPgAQg70AEAO+AOiYPgCMnL4ASHC+AESVPgDomL4AEAO+AChTPgD8jb4AMCC+AHinPgDArr4AkPe9yPxFQsAQekGgpI3CAEhwPgCgEb0AEIM9AOgYPgDgS70AAOk8AJjEPgA8yL4AEIO+AOiYPgAQA78AEIO+,0,False,1716271901.685789,0.05002403259277344
/magnets,AAAAAAAAAAAAAAAAAAAAAAAAAAAAAAAAAAAAAAAAAAAAAAAAAAAAAAAAAAAAAAAAAAAAAAAAAAAAAAAAAAAAAAAAAAAAAAAAAAAAAAAAAAAAAAAAAAAAAAAAAAAAAAAAAAAAAAAAAAAAAAAAAAAAAAAAAAAAAAAAAAAAAAAAAAAAAAAAAAAAAAAAAAAAAAAAAAAAAAAAAAAAAAAAAAAAAAAAAAAAAAAAAAAAAAAAAAAAAAAAAAAAAAAAAAAAAAAAAAAAAAAAAAAAAAAAAAAAAAAAAAAAAAAAAAAAAAAAAAAAAAAAAAAAAAAAAAAAAAAAAAAAAAAAAAAAAAAAAAAAAAAAAAAAAAAAAAAAAAAAAAAAAAAAAAAAAAAAAAAAAAAAAAAAAAAAAAAAAAAAAAAAAAAAAAAAAAAAAAAAAAAAAAAAAAAAAAAAAAAAAAAAAAAAAAAAAAAAAAAAAAAAAAAAAAAAAAAAAAAAAAAAAAAAAAAAAAAAAAAAAAAAAAAAAAAAAAAAAAAAAAAAAAAAAAAAAAAAAAAAAAAAAAAAAAAAAAAAAAAAAAAAAAAAAAAAAAAAAAAAAAAAAAAAAAAAAAAAAAAAAAAAAAAAAAAAAAAAAAAAAAAAAAAAAAAAAAAAAAAAANh+PgAQA74A2H6+AJB3PgAwoL0AUL29AFiKPgD8jb4AwK69ANSjPgBQPb4AAGk8AHBavshmI0KsJYDCAIycPgAQg70AWAo+ALSGPgCYxL4AkPc9AJhEPgBYCr4AMKA9AESVPgCQd74AoBG+AESVPgAQg74AEAO+AFiKPgD8jb4A4Mu9AIycPgBwWr4AEIM9AITPPgAA6TwAoBG9AByrPgCgEb4AwK69AGSyPgDgS70A6Bi+ADCgPgB4p74AEIO+AAi2PgD8jb4AEAO+AEhwPgAQg74AwC6+AOiYPgCYxL4AeCe+0MlFQgBLekGUfI3CABCDPgDALr0AMKA9AAg2PgAAAAAAEIM9AMzWPgCEz74A2H6+ANSjPgC0Br8AkHe+,0,False,1716271901.7360024,0.05021333694458008
/magnets,AAAAAAAAAAAAAAAAAAAAAAAAAAAAAAAAAAAAAAAAAAAAAAAAAAAAAAAAAAAAAAAAAAAAAAAAAAAAAAAAAAAAAAAAAAAAAAAAAAAAAAAAAAAAAAAAAAAAAAAAAAAAAAAAAAAAAAAAAAAAAAAAAAAAAAAAAAAAAAAAAAAAAAAAAAAAAAAAAAAAAAAAAAAAAAAAAAAAAAAAAAAAAAAAAAAAAAAAAAAAAAAAAAAAAAAAAAAAAAAAAAAAAAAAAAAAAAAAAAAAAAAAAAAAAAAAAAAAAAAAAAAAAAAAAAAAAAAAAAAAAAAAAAAAAAAAAAAAAAAAAAAAAAAAAAAAAAAAAAAAAAAAAAAAAAAAAAAAAAAAAAAAAAAAAAAAAAAAAAAAAAAAAAAAAAAAAAAAAAAAAAAAAAAAAAAAAAAAAAAAAAAAAAAAAAAAAAAAAAAAAAAAAAAAAAAAAAAAAAAAAAAAAAAAAAAAAAAAAAAAAAAAAAAAAAAAAAAAAAAAAAAAAAAAAAAAAAAAAAAAAAAAAAAAAAAAAAAAAAAAAAAAAAAAAAAAAAAAAAAAAAAAAAAAAAAAAAAAAAAAAAAAAAAAAAAAAAAAAAAAAAAAAAAAAAAAAAAAAAAAAAAAAAAAAAAAAAAAAAAAAPyNPgAA6b0A2H6+AJB3PgAQg70AEIO9AFiKPgAQg74AMKC9APyNPgBwWr4AAAAAALhhvoBfI0IoP4DCAIycPgCgEb0AWAo+AKCRPgAo074AcNo9AJhEPgB4J74AMKA9AIycPgAQg74AAOm9ANSjPgBIcL4AcNq9ANSjPgBElb4A4Mu9AIycPgAQg74AoJE9ACjTPgCgEb0A4Eu9ALSGPgAQA74A4Eu9AMCuPgDALr0AoBG+ANSjPgAwoL4AcFq+AKy5PgD8jb4AeCe+AChTPgC0hr4AWAq+AAi2PgCsub4AEAO+gPVFQiBRe0FEqI3CAEhwPgCgEb0AMKA9AChTPgDALr0AwK48AFC9PgD0wL4AEIO+AByrPgDiBL8AkHe+,0,False,1716271901.7859678,0.04996538162231445
/magnets,AAAAAAAAAAAAAAAAAAAAAAAAAAAAAAAAAAAAAAAAAAAAAAAAAAAAAAAAAAAAAAAAAAAAAAAAAAAAAAAAAAAAAAAAAAAAAAAAAAAAAAAAAAAAAAAAAAAAAAAAAAAAAAAAAAAAAAAAAAAAAAAAAAAAAAAAAAAAAAAAAAAAAAAAAAAAAAAAAAAAAAAAAAAAAAAAAAAAAAAAAAAAAAAAAAAAAAAAAAAAAAAAAAAAAAAAAAAAAAAAAAAAAAAAAAAAAAAAAAAAAAAAAAAAAAAAAAAAAAAAAAAAAAAAAAAAAAAAAAAAAAAAAAAAAAAAAAAAAAAAAAAAAAAAAAAAAAAAAAAAAAAAAAAAAAAAAAAAAAAAAAAAAAAAAAAAAAAAAAAAAAAAAAAAAAAAAAAAAAAAAAAAAAAAAAAAAAAAAAAAAAAAAAAAAAAAAAAAAAAAAAAAAAAAAAAAAAAAAAAAAAAAAAAAAAAAAAAAAAAAAAAAAAAAAAAAAAAAAAAAAAAAAAAAAAAAAAAAAAAAAAAAAAAAAAAAAAAAAAAAAAAAAAAAAAAAAAAAAAAAAAAAAAAAAAAAAAAAAAAAAAAAAAAAAAAAAAAAAAAAAAAAAAAAAAAAAAAAAAAAAAAAAAAAAAAAAAAAAAAAAESVPgDoGL4A2H6+APyNPgCgEb0AoJG9AFiKPgAAab4A4Mu9ANSjPgBIcL4AAAAAAABpvqhJI0I8NIDCAOiYPgAAab0AEAM+ALhhPgAU3r4AEAM+AFA9PgAwIL4AoJE9APyNPgAQg74AcNq9AHinPgC0hr4A4Mu9AKCRPgBElb4A4Mu9AIycPgDYfr4AAGk9AHDaPgAA6bwAwK68ADCgPgBw2r0AoJG9AByrPgCgkb0AoBG+AKy5PgB4p74ASHC+AHinPgDomL4AoBG+AJB3PgD8jb4AEAO+ANSjPgBQvb4A6Bi+gPVFQsAQekFYnY3CAESVPgCgkb0A4Es9AMAuPgAA6bwAAOk7ADzIPgCEz74A2H6+AOiYPgDiBL8AkHe+,0,False,1716271901.8361344,0.05016660690307617
/magnets,AAAAAAAAAAAAAAAAAAAAAAAAAAAAAAAAAAAAAAAAAAAAAAAAAAAAAAAAAAAAAAAAAAAAAAAAAAAAAAAAAAAAAAAAAAAAAAAAAAAAAAAAAAAAAAAAAAAAAAAAAAAAAAAAAAAAAAAAAAAAAAAAAAAAAAAAAAAAAAAAAAAAAAAAAAAAAAAAAAAAAAAAAAAAAAAAAAAAAAAAAAAAAAAAAAAAAAAAAAAAAAAAAAAAAAAAAAAAAAAAAAAAAAAAAAAAAAAAAAAAAAAAAAAAAAAAAAAAAAAAAAAAAAAAAAAAAAAAAAAAAAAAAAAAAAAAAAAAAAAAAAAAAAAAAAAAAAAAAAAAAAAAAAAAAAAAAAAAAAAAAAAAAAAAAAAAAAAAAAAAAAAAAAAAAAAAAAAAAAAAAAAAAAAAAAAAAAAAAAAAAAAAAAAAAAAAAAAAAAAAAAAAAAAAAAAAAAAAAAAAAAAAAAAAAAAAAAAAAAAAAAAAAAAAAAAAAAAAAAAAAAAAAAAAAAAAAAAAAAAAAAAAAAAAAAAAAAAAAAAAAAAAAAAAAAAAAAAAAAAAAAAAAAAAAAAAAAAAAAAAAAAAAAAAAAAAAAAAAAAAAAAAAAAAAAAAAAAAAAAAAAAAAAAAAAAAAAAAAAAAABCDPgB4J74A2H6+AKCRPgCgEb0AUL29AJB3PgDomL4AEIO9AHinPgCYRL4AAOm7AOBLvvBQI0LMQoDCAFC9PgDgS70AMCA+AEhwPgA8yL4AEAM+ADAgPgAINr4A4Ms9AMCuPgBYir4AAOm9AKy5PgDYfr4AUL29ADCgPgC0hr4AAGm9ADCgPgAoU74AwC49ACjTPgAA6bsAEIO9ANSjPgCQ970AEIO9AIycPgAAabwAkPe9AGSyPgDArr4AAGm+AMCuPgBYir4AEAO+AJB3PgAQg74AMCC+AAi2PgCsub4AwC6+0MlFQmC5eUEQlo3CALSGPgCgEb0AAGk9ADAgPgCgEb0AAOk8AJjEPgDM1r4AtIa+AKCRPgCQ974AEIO+,0,False,1716271901.8862703,0.05013585090637207
/magnets,AAAAAAAAAAAAAAAAAAAAAAAAAAAAAAAAAAAAAAAAAAAAAAAAAAAAAAAAAAAAAAAAAAAAAAAAAAAAAAAAAAAAAAAAAAAAAAAAAAAAAAAAAAAAAAAAAAAAAAAAAAAAAAAAAAAAAAAAAAAAAAAAAAAAAAAAAAAAAAAAAAAAAAAAAAAAAAAAAAAAAAAAAAAAAAAAAAAAAAAAAAAAAAAAAAAAAAAAAAAAAAAAAAAAAAAAAAAAAAAAAAAAAAAAAAAAAAAAAAAAAAAAAAAAAAAAAAAAAAAAAAAAAAAAAAAAAAAAAAAAAAAAAAAAAAAAAAAAAAAAAAAAAAAAAAAAAAAAAAAAAAAAAAAAAAAAAAAAAAAAAAAAAAAAAAAAAAAAAAAAAAAAAAAAAAAAAAAAAAAAAAAAAAAAAAAAAAAAAAAAAAAAAAAAAAAAAAAAAAAAAAAAAAAAAAAAAAAAAAAAAAAAAAAAAAAAAAAAAAAAAAAAAAAAAAAAAAAAAAAAAAAAAAAAAAAAAAAAAAAAAAAAAAAAAAAAAAAAAAAAAAAAAAAAAAAAAAAAAAAAAAAAAAAAAAAAAAAAAAAAAAAAAAAAAAAAAAAAAAAAAAAAAAAAAAAAAAAAAAAAAAAAAAAAAAAAAAAAAAAAAKCRPgDALr4AkHe+AFiKPgBw2r0AoJG9AJB3PgAQg74AoJG9AKCRPgBIcL4AAOm7AHBavhBuI0KEO4DCAAi2PgBw2r0A6Bg+AFiKPgD0wL4AkPc9AJB3PgAQA74AcNo9APyNPgCQd74AcNq9AMCuPgBIcL4AEAO+AMCuPgBYir4AMKC9AIycPgCQd74AwC49ADzIPgDgS70AwC69AESVPgAQA74AUL29ANSjPgDALr0AoBG+APyNPgB4p74AcFq+AByrPgCgkb4AeCe+AABpPgBYir4AWAq+AOiYPgCYxL4AeCe+YNhFQiBoekHoq43CAFiKPgAAabwAAGk9AMAuPgAA6bwAAOk8AAi2PgD0wL4AtIa+AMCuPgDY/r4AkHe+,0,False,1716271901.9363174,0.05004715919494629
/magnets,AAAAAAAAAAAAAAAAAAAAAAAAAAAAAAAAAAAAAAAAAAAAAAAAAAAAAAAAAAAAAAAAAAAAAAAAAAAAAAAAAAAAAAAAAAAAAAAAAAAAAAAAAAAAAAAAAAAAAAAAAAAAAAAAAAAAAAAAAAAAAAAAAAAAAAAAAAAAAAAAAAAAAAAAAAAAAAAAAAAAAAAAAAAAAAAAAAAAAAAAAAAAAAAAAAAAAAAAAAAAAAAAAAAAAAAAAAAAAAAAAAAAAAAAAAAAAAAAAAAAAAAAAAAAAAAAAAAAAAAAAAAAAAAAAAAAAAAAAAAAAAAAAAAAAAAAAAAAAAAAAAAAAAAAAAAAAAAAAAAAAAAAAAAAAAAAAAAAAAAAAAAAAAAAAAAAAAAAAAAAAAAAAAAAAAAAAAAAAAAAAAAAAAAAAAAAAAAAAAAAAAAAAAAAAAAAAAAAAAAAAAAAAAAAAAAAAAAAAAAAAAAAAAAAAAAAAAAAAAAAAAAAAAAAAAAAAAAAAAAAAAAAAAAAAAAAAAAAAAAAAAAAAAAAAAAAAAAAAAAAAAAAAAAAAAAAAAAAAAAAAAAAAAAAAAAAAAAAAAAAAAAAAAAAAAAAAAAAAAAAAAAAAAAAAAAAAAAAAAAAAAAAAAAAAAAAAAAAAAAAAKCRPgB4J74AtIa+APyNPgBQvb0AwK69AEhwPgCgkb4AMKC9AESVPgC4Yb4AwK68AOBLvhBuI0KEO4DCAESVPgDArrwA6Bg+AOiYPgA8yL4AEAM+AABpPgBQPb4AAGk9AOiYPgAoU74AAOm9ADCgPgAQg74AwK69AFiKPgC0hr4AMKC9AKCRPgDYfr4A4Es9AJjEPgAAabwAwC69ADCgPgDoGL4AoJG9AMCuPgCgEb0AWAq+ANSjPgAwoL4AcFq+ANSjPgC0hr4ACDa+AHBaPgAQg74AEAO+AIycPgAItr4AWAq+WAtGQgA0e0G0mY3CAPyNPgAAab0AMKA9AFA9PgDArrwAAOk7APTAPgA8yL4A2H6+AGSyPgC0Br8ASHC+,0,False,1716271901.9863513,0.0500338077545166
/magnets,AAAAAAAAAAAAAAAAAAAAAAAAAAAAAAAAAAAAAAAAAAAAAAAAAAAAAAAAAAAAAAAAAAAAAAAAAAAAAAAAAAAAAAAAAAAAAAAAAAAAAAAAAAAAAAAAAAAAAAAAAAAAAAAAAAAAAAAAAAAAAAAAAAAAAAAAAAAAAAAAAAAAAAAAAAAAAAAAAAAAAAAAAAAAAAAAAAAAAAAAAAAAAAAAAAAAAAAAAAAAAAAAAAAAAAAAAAAAAAAAAAAAAAAAAAAAAAAAAAAAAAAAAAAAAAAAAAAAAAAAAAAAAAAAAAAAAAAAAAAAAAAAAAAAAAAAAAAAAAAAAAAAAAAAAAAAAAAAAAAAAAAAAAAAAAAAAAAAAAAAAAAAAAAAAAAAAAAAAAAAAAAAAAAAAAAAAAAAAAAAAAAAAAAAAAAAAAAAAAAAAAAAAAAAAAAAAAAAAAAAAAAAAAAAAAAAAAAAAAAAAAAAAAAAAAAAAAAAAAAAAAAAAAAAAAAAAAAAAAAAAAAAAAAAAAAAAAAAAAAAAAAAAAAAAAAAAAAAAAAAAAAAAAAAAAAAAAAAAAAAAAAAAAAAAAAAAAAAAAAAAAAAAAAAAAAAAAAAAAAAAAAAAAAAAAAAAAAAAAAAAAAAAAAAAAAAAAAAAAAAAOiYPgCYRL4AkHe+ABCDPgAA6bwAAGm9ABCDPgBYir4AEAO+AESVPgAAab4AAOm7AAg2voBfI0IUSoDCADCgPgCgEb0AMCA+ANh+PgDgy74A4Ms9AFA9PgBQPb4AwK49AIycPgCQd74AAOm9AMCuPgDYfr4AAOm9ADCgPgAQg74A4Mu9AOiYPgBIcL4AwC49AJjEPgAQg70AwC69APyNPgCgEb4AAOm9ANSjPgDArrwA4Mu9AHinPgB4p74ASHC+AFC9PgCgkb4AkPe9APyNPgDomL4AoBG+ANSjPgBksr4AEAO+qN9FQsD5ekG0mY3CANh+PgAA6bwAAGk9AFA9PgAA6bsAoBE9ADzIPgA8yL4AEIO+AHinPgA+Ab8ASHC+,0,False,1716271902.03653,0.05017876625061035
/magnets,AAAAAAAAAAAAAAAAAAAAAAAAAAAAAAAAAAAAAAAAAAAAAAAAAAAAAAAAAAAAAAAAAAAAAAAAAAAAAAAAAAAAAAAAAAAAAAAAAAAAAAAAAAAAAAAAAAAAAAAAAAAAAAAAAAAAAAAAAAAAAAAAAAAAAAAAAAAAAAAAAAAAAAAAAAAAAAAAAAAAAAAAAAAAAAAAAAAAAAAAAAAAAAAAAAAAAAAAAAAAAAAAAAAAAAAAAAAAAAAAAAAAAAAAAAAAAAAAAAAAAAAAAAAAAAAAAAAAAAAAAAAAAAAAAAAAAAAAAAAAAAAAAAAAAAAAAAAAAAAAAAAAAAAAAAAAAAAAAAAAAAAAAAAAAAAAAAAAAAAAAAAAAAAAAAAAAAAAAAAAAAAAAAAAAAAAAAAAAAAAAAAAAAAAAAAAAAAAAAAAAAAAAAAAAAAAAAAAAAAAAAAAAAAAAAAAAAAAAAAAAAAAAAAAAAAAAAAAAAAAAAAAAAAAAAAAAAAAAAAAAAAAAAAAAAAAAAAAAAAAAAAAAAAAAAAAAAAAAAAAAAAAAAAAAAAAAAAAAAAAAAAAAAAAAAAAAAAAAAAAAAAAAAAAAAAAAAAAAAAAAAAAAAAAAAAAAAAAAAAAAAAAAAAAAAAAAAAAAAAAAESVPgCQ970AAGm+ALSGPgAwoL0AcNq9ABCDPgD8jb4AoJG9AHinPgAQg74AAGm8AHBavlh1I0LMQoDCANSjPgAAab0AMCA+AJB3PgA8yL4A4Ms9AHBaPgCgEb4A4Ms9APyNPgDYfr4AAOm9ADCgPgBIcL4AcNq9ANSjPgC0hr4AUL29AKCRPgCQd74AwC49AJjEPgDArrwAAOm8AIycPgCQ970AoJG9AESVPgDgS70AWAq+AGSyPgCMnL4AAGm+AByrPgDYfr4A6Bi+AEhwPgBYir4A6Bi+AGSyPgBQvb4A6Bi+EARGQmCiekHoq43CAJB3PgDArrwAEIM9AAg2PgCgEb0AwC49ADzIPgDgy74A2H6+AByrPgAQA78ASHC+,0,False,1716271902.0870142,0.05048418045043945
/magnets,AAAAAAAAAAAAAAAAAAAAAAAAAAAAAAAAAAAAAAAAAAAAAAAAAAAAAAAAAAAAAAAAAAAAAAAAAAAAAAAAAAAAAAAAAAAAAAAAAAAAAAAAAAAAAAAAAAAAAAAAAAAAAAAAAAAAAAAAAAAAAAAAAAAAAAAAAAAAAAAAAAAAAAAAAAAAAAAAAAAAAAAAAAAAAAAAAAAAAAAAAAAAAAAAAAAAAAAAAAAAAAAAAAAAAAAAAAAAAAAAAAAAAAAAAAAAAAAAAAAAAAAAAAAAAAAAAAAAAAAAAAAAAAAAAAAAAAAAAAAAAAAAAAAAAAAAAAAAAAAAAAAAAAAAAAAAAAAAAAAAAAAAAAAAAAAAAAAAAAAAAAAAAAAAAAAAAAAAAAAAAAAAAAAAAAAAAAAAAAAAAAAAAAAAAAAAAAAAAAAAAAAAAAAAAAAAAAAAAAAAAAAAAAAAAAAAAAAAAAAAAAAAAAAAAAAAAAAAAAAAAAAAAAAAAAAAAAAAAAAAAAAAAAAAAAAAAAAAAAAAAAAAAAAAAAAAAAAAAAAAAAAAAAAAAAAAAAAAAAAAAAAAAAAAAAAAAAAAAAAAAAAAAAAAAAAAAAAAAAAAAAAAAAAAAAAAAAAAAAAAAAAAAAAAAAAAAAAAAAAAAKCRPgAwIL4AEIO+AHBaPgCgEb0AEIO9AJB3PgCgkb4AwK69APyNPgCYRL4AAGm8AAg2vlh1I0KkWIDCAOiYPgAQg70A6Bg+APyNPgBQvb4AcNo9AMAuPgAINr4AMKA9AHinPgBIcL4A4Mu9AMCuPgCQd74AwK69ADCgPgDomL4AoJG9AKCRPgBwWr4AEIM9ADzIPgDArrwA4Eu9ANSjPgBYCr4AUL29AMCuPgDArrwAAOm9AESVPgAwoL4ASHC+AMCuPgCgkb4AoBG+ANh+PgAQg74AWAq+APyNPgDUo74AeCe+WAtGQoC/ekHIjo3CAJB3PgAAab0AAGk9AAg2PgAAab0AAGk9AKy5PgAo074AtIa+AMCuPgDs874AEIO+,0,False,1716271902.136691,0.04967689514160156
/magnets,AAAAAAAAAAAAAAAAAAAAAAAAAAAAAAAAAAAAAAAAAAAAAAAAAAAAAAAAAAAAAAAAAAAAAAAAAAAAAAAAAAAAAAAAAAAAAAAAAAAAAAAAAAAAAAAAAAAAAAAAAAAAAAAAAAAAAAAAAAAAAAAAAAAAAAAAAAAAAAAAAAAAAAAAAAAAAAAAAAAAAAAAAAAAAAAAAAAAAAAAAAAAAAAAAAAAAAAAAAAAAAAAAAAAAAAAAAAAAAAAAAAAAAAAAAAAAAAAAAAAAAAAAAAAAAAAAAAAAAAAAAAAAAAAAAAAAAAAAAAAAAAAAAAAAAAAAAAAAAAAAAAAAAAAAAAAAAAAAAAAAAAAAAAAAAAAAAAAAAAAAAAAAAAAAAAAAAAAAAAAAAAAAAAAAAAAAAAAAAAAAAAAAAAAAAAAAAAAAAAAAAAAAAAAAAAAAAAAAAAAAAAAAAAAAAAAAAAAAAAAAAAAAAAAAAAAAAAAAAAAAAAAAAAAAAAAAAAAAAAAAAAAAAAAAAAAAAAAAAAAAAAAAAAAAAAAAAAAAAAAAAAAAAAAAAAAAAAAAAAAAAAAAAAAAAAAAAAAAAAAAAAAAAAAAAAAAAAAAAAAAAAAAAAAAAAAAAAAAAAAAAAAAAAAAAAAAAAAAAAAAHinPgDALr4A2H6+ALSGPgAAab0AoJG9AEhwPgAQg74A4Mu9AESVPgAoU74AAGm8AABpvhBuI0JwRoDCAByrPgAwoL0AWAo+AEhwPgAo074AWAo+AABpPgDALr4AoJE9ANSjPgDYfr4AkPe9AAi2PgAAab4AwK69AHinPgCgkb4A4Eu9AOiYPgCQd74AMKA9ADzIPgDArrwA4Eu9AESVPgAwIL4AwK69APyNPgAA6bwAAOm9AESVPgDomL4AAGm+AKy5PgC0hr4AMCC+AHBaPgBYir4AoBG+ANSjPgBksr4A6Bi+yPxFQsAQekHIjo3CANh+PgDArrwAoJE9AMAuPgCgEb0AwK48ADzIPgCYxL4A2H6+AGSyPgCGCL8AEIO+,0,False,1716271902.1873076,0.05061650276184082
/magnets,AAAAAAAAAAAAAAAAAAAAAAAAAAAAAAAAAAAAAAAAAAAAAAAAAAAAAAAAAAAAAAAAAAAAAAAAAAAAAAAAAAAAAAAAAAAAAAAAAAAAAAAAAAAAAAAAAAAAAAAAAAAAAAAAAAAAAAAAAAAAAAAAAAAAAAAAAAAAAAAAAAAAAAAAAAAAAAAAAAAAAAAAAAAAAAAAAAAAAAAAAAAAAAAAAAAAAAAAAAAAAAAAAAAAAAAAAAAAAAAAAAAAAAAAAAAAAAAAAAAAAAAAAAAAAAAAAAAAAAAAAAAAAAAAAAAAAAAAAAAAAAAAAAAAAAAAAAAAAAAAAAAAAAAAAAAAAAAAAAAAAAAAAAAAAAAAAAAAAAAAAAAAAAAAAAAAAAAAAAAAAAAAAAAAAAAAAAAAAAAAAAAAAAAAAAAAAAAAAAAAAAAAAAAAAAAAAAAAAAAAAAAAAAAAAAAAAAAAAAAAAAAAAAAAAAAAAAAAAAAAAAAAAAAAAAAAAAAAAAAAAAAAAAAAAAAAAAAAAAAAAAAAAAAAAAAAAAAAAAAAAAAAAAAAAAAAAAAAAAAAAAAAAAAAAAAAAAAAAAAAAAAAAAAAAAAAAAAAAAAAAAAAAAAAAAAAAAAAAAAAAAAAAAAAAAAAAAAAAAAAAESVPgAwIL4AAGm+AKCRPgDArrwAoJG9AFiKPgAQg74A4Mu9AIycPgBIcL4AwK48AAg2vuiDI0I8NIDCAIycPgDArr0A6Bg+AFiKPgCEz74AEAM+AMAuPgCYRL4AMKA9ABCDPgAQg74AoBG+AAi2PgBIcL4AcNq9ANSjPgAQg74AwK69APyNPgDYfr4AoBE9AODLPgAA6TsAAGm9AHinPgB4J74AoJG9AFC9PgAwoL0AAOm9AHinPgDArr4AAGm+AGSyPgCMnL4AeCe+ANh+PgC0hr4AoBG+AGSyPgDArr4AMCC+OO5FQiBoekHIjo3CAEhwPgAAabwAAOk8AOgYPgAAabwAAOk8ACjTPgDArr4AEIO+AFC9PgDiBL8AtIa+,0,False,1716271902.237077,0.04976940155029297
/magnets,AAAAAAAAAAAAAAAAAAAAAAAAAAAAAAAAAAAAAAAAAAAAAAAAAAAAAAAAAAAAAAAAAAAAAAAAAAAAAAAAAAAAAAAAAAAAAAAAAAAAAAAAAAAAAAAAAAAAAAAAAAAAAAAAAAAAAAAAAAAAAAAAAAAAAAAAAAAAAAAAAAAAAAAAAAAAAAAAAAAAAAAAAAAAAAAAAAAAAAAAAAAAAAAAAAAAAAAAAAAAAAAAAAAAAAAAAAAAAAAAAAAAAAAAAAAAAAAAAAAAAAAAAAAAAAAAAAAAAAAAAAAAAAAAAAAAAAAAAAAAAAAAAAAAAAAAAAAAAAAAAAAAAAAAAAAAAAAAAAAAAAAAAAAAAAAAAAAAAAAAAAAAAAAAAAAAAAAAAAAAAAAAAAAAAAAAAAAAAAAAAAAAAAAAAAAAAAAAAAAAAAAAAAAAAAAAAAAAAAAAAAAAAAAAAAAAAAAAAAAAAAAAAAAAAAAAAAAAAAAAAAAAAAAAAAAAAAAAAAAAAAAAAAAAAAAAAAAAAAAAAAAAAAAAAAAAAAAAAAAAAAAAAAAAAAAAAAAAAAAAAAAAAAAAAAAAAAAAAAAAAAAAAAAAAAAAAAAAAAAAAAAAAAAAAAAAAAAAAAAAAAAAAAAAAAAAAAAAAAAAAFiKPgCgEb4AEIO+ANh+PgAQg70AoJG9AFiKPgD8jb4AUL29ANSjPgBIcL4AAAAAAOBLvqB8I0IIIoDCAOiYPgCgkb0AMCA+ABCDPgA8yL4AUL09AMAuPgCYRL4AwK49AIycPgCQd74AEAO+AAi2PgC0hr4AUL29AByrPgC0hr4AMKC9AOiYPgC4Yb4AMKA9ABTePgCgEb0AwC69ANSjPgDoGL4AEIO9AGSyPgDArrwAWAq+AFiKPgDomL4AAGm+AIycPgAAab4AAOm9AJB3PgBElb4AMCC+AMCuPgBQvb4AWAq+YNhFQmC5eUGAh43CAHBaPgDALr0A4Es9AAg2PgAA6bwAAGk8APTAPgAo074A/I2+AByrPgCQ974AEIO+,0,False,1716271902.2878063,0.05072927474975586
/magnets,AAAAAAAAAAAAAAAAAAAAAAAAAAAAAAAAAAAAAAAAAAAAAAAAAAAAAAAAAAAAAAAAAAAAAAAAAAAAAAAAAAAAAAAAAAAAAAAAAAAAAAAAAAAAAAAAAAAAAAAAAAAAAAAAAAAAAAAAAAAAAAAAAAAAAAAAAAAAAAAAAAAAAAAAAAAAAAAAAAAAAAAAAAAAAAAAAAAAAAAAAAAAAAAAAAAAAAAAAAAAAAAAAAAAAAAAAAAAAAAAAAAAAAAAAAAAAAAAAAAAAAAAAAAAAAAAAAAAAAAAAAAAAAAAAAAAAAAAAAAAAAAAAAAAAAAAAAAAAAAAAAAAAAAAAAAAAAAAAAAAAAAAAAAAAAAAAAAAAAAAAAAAAAAAAAAAAAAAAAAAAAAAAAAAAAAAAAAAAAAAAAAAAAAAAAAAAAAAAAAAAAAAAAAAAAAAAAAAAAAAAAAAAAAAAAAAAAAAAAAAAAAAAAAAAAAAAAAAAAAAAAAAAAAAAAAAAAAAAAAAAAAAAAAAAAAAAAAAAAAAAAAAAAAAAAAAAAAAAAAAAAAAAAAAAAAAAAAAAAAAAAAAAAAAAAAAAAAAAAAAAAAAAAAAAAAAAAAAAAAAAAAAAAAAAAAAAAAAAAAAAAAAAAAAAAAAAAAAAAAAAPyNPgAINr4A2H6+ALhhPgDALr0AEIO9AABpPgAwoL4AoJG9AIycPgAQg74AAOk7AJhEvhg7I0LMQoDCAOiYPgCgkb0AWAo+APyNPgDgy74AAOk9AFA9PgDALr4AwK49AOiYPgBIcL4AAOm9AMCuPgAAab4AcNq9ANSjPgAQg74AAOm9ANh+PgBwWr4AwC49ACjTPgDALr0A4Eu9AIycPgBYCr4A4Mu9AIycPgAA6bwAAOm9ADCgPgAcq74ASHC+AGSyPgAQg74AWAq+AHBaPgD8jb4AeCe+AIycPgDArr4AWAq+GNFFQgBLekFEqI3CABCDPgAA6bwAoBE9ADAgPgAQg70AwK48AJjEPgCYxL4A2H6+AGSyPgCQ974AAGm+,0,False,1716271902.3373885,0.04958224296569824
/magnets,AAAAAAAAAAAAAAAAAAAAAAAAAAAAAAAAAAAAAAAAAAAAAAAAAAAAAAAAAAAAAAAAAAAAAAAAAAAAAAAAAAAAAAAAAAAAAAAAAAAAAAAAAAAAAAAAAAAAAAAAAAAAAAAAAAAAAAAAAAAAAAAAAAAAAAAAAAAAAAAAAAAAAAAAAAAAAAAAAAAAAAAAAAAAAAAAAAAAAAAAAAAAAAAAAAAAAAAAAAAAAAAAAAAAAAAAAAAAAAAAAAAAAAAAAAAAAAAAAAAAAAAAAAAAAAAAAAAAAAAAAAAAAAAAAAAAAAAAAAAAAAAAAAAAAAAAAAAAAAAAAAAAAAAAAAAAAAAAAAAAAAAAAAAAAAAAAAAAAAAAAAAAAAAAAAAAAAAAAAAAAAAAAAAAAAAAAAAAAAAAAAAAAAAAAAAAAAAAAAAAAAAAAAAAAAAAAAAAAAAAAAAAAAAAAAAAAAAAAAAAAAAAAAAAAAAAAAAAAAAAAAAAAAAAAAAAAAAAAAAAAAAAAAAAAAAAAAAAAAAAAAAAAAAAAAAAAAAAAAAAAAAAAAAAAAAAAAAAAAAAAAAAAAAAAAAAAAAAAAAAAAAAAAAAAAAAAAAAAAAAAAAAAAAAAAAAAAAAAAAAAAAAAAAAAAAAAAAAAAAAAKCRPgAwIL4AAGm+AJB3PgDgS70AcNq9ABCDPgBYir4AoJG9AESVPgBIcL4AAOm7AOBLvjhYI0LsX4DCAByrPgDArrwAeCc+AJB3PgCEz74AMKA9AAg2PgAINr4AEIM9APyNPgAQg74AEAO+AMCuPgDYfr4A4Mu9AESVPgBYir4AUL29ADCgPgBYir4AAOk8AITPPgAAabwAAGm8AMCuPgAQA74AoJG9ADCgPgDALr0AWAq+AIycPgAcq74AuGG+AMCuPgD8jb4AoBG+ANh+PgCgkb4AeCe+AESVPgD0wL4AMCC+EARGQkCFekFMdY3CANh+PgCgEb0AAGk9AMAuPgAA6bwAAGk8APTAPgCYxL4AtIa+AHinPgDY/r4ASHC+,0,False,1716271902.387356,0.04996752738952637
/magnets,AAAAAAAAAAAAAAAAAAAAAAAAAAAAAAAAAAAAAAAAAAAAAAAAAAAAAAAAAAAAAAAAAAAAAAAAAAAAAAAAAAAAAAAAAAAAAAAAAAAAAAAAAAAAAAAAAAAAAAAAAAAAAAAAAAAAAAAAAAAAAAAAAAAAAAAAAAAAAAAAAAAAAAAAAAAAAAAAAAAAAAAAAAAAAAAAAAAAAAAAAAAAAAAAAAAAAAAAAAAAAAAAAAAAAAAAAAAAAAAAAAAAAAAAAAAAAAAAAAAAAAAAAAAAAAAAAAAAAAAAAAAAAAAAAAAAAAAAAAAAAAAAAAAAAAAAAAAAAAAAAAAAAAAAAAAAAAAAAAAAAAAAAAAAAAAAAAAAAAAAAAAAAAAAAAAAAAAAAAAAAAAAAAAAAAAAAAAAAAAAAAAAAAAAAAAAAAAAAAAAAAAAAAAAAAAAAAAAAAAAAAAAAAAAAAAAAAAAAAAAAAAAAAAAAAAAAAAAAAAAAAAAAAAAAAAAAAAAAAAAAAAAAAAAAAAAAAAAAAAAAAAAAAAAAAAAAAAAAAAAAAAAAAAAAAAAAAAAAAAAAAAAAAAAAAAAAAAAAAAAAAAAAAAAAAAAAAAAAAAAAAAAAAAAAAAAAAAAAAAAAAAAAAAAAAAAAAAAAAAAAIycPgAINr4AAGm+AEhwPgDgy70AwK69ABCDPgBElb4AUL29APyNPgDALr4AAOm7AJhEvhBuI0KYMIDCADCgPgDALr0AAOk9ABCDPgD0wL4AcNo9AJhEPgCQ970AEIM9ABCDPgCQd74AAOm9AHinPgDYfr4AEAO+AByrPgCgkb4A4Mu9AOiYPgC4Yb4AoJE9AMzWPgCgEb0AwC69AKCRPgBYCr4AwK69AIycPgDArrwAAOm9AAi2PgAItr4AAGm+AByrPgC0hr4AoBG+AJB3PgCMnL4AoBG+AHinPgCsub4A6Bi+qN9FQgBLekFYnY3CAJB3PgAA6bwAwK49ADAgPgDArrwAwC49ACjTPgAo074AEIO+AByrPgDiBL8A2H6+,0,False,1716271902.4379673,0.050611257553100586
/magnets,AAAAAAAAAAAAAAAAAAAAAAAAAAAAAAAAAAAAAAAAAAAAAAAAAAAAAAAAAAAAAAAAAAAAAAAAAAAAAAAAAAAAAAAAAAAAAAAAAAAAAAAAAAAAAAAAAAAAAAAAAAAAAAAAAAAAAAAAAAAAAAAAAAAAAAAAAAAAAAAAAAAAAAAAAAAAAAAAAAAAAAAAAAAAAAAAAAAAAAAAAAAAAAAAAAAAAAAAAAAAAAAAAAAAAAAAAAAAAAAAAAAAAAAAAAAAAAAAAAAAAAAAAAAAAAAAAAAAAAAAAAAAAAAAAAAAAAAAAAAAAAAAAAAAAAAAAAAAAAAAAAAAAAAAAAAAAAAAAAAAAAAAAAAAAAAAAAAAAAAAAAAAAAAAAAAAAAAAAAAAAAAAAAAAAAAAAAAAAAAAAAAAAAAAAAAAAAAAAAAAAAAAAAAAAAAAAAAAAAAAAAAAAAAAAAAAAAAAAAAAAAAAAAAAAAAAAAAAAAAAAAAAAAAAAAAAAAAAAAAAAAAAAAAAAAAAAAAAAAAAAAAAAAAAAAAAAAAAAAAAAAAAAAAAAAAAAAAAAAAAAAAAAAAAAAAAAAAAAAAAAAAAAAAAAAAAAAAAAAAAAAAAAAAAAAAAAAAAAAAAAAAAAAAAAAAAAAAAAAAAAFiKPgCgEb4AtIa+AABpPgAwoL0A4Mu9ANh+PgBElb4AoJG9ADCgPgBwWr4AAAAAAABpvqB8I0KYMIDCAHinPgAAab0AWAo+ALSGPgCYxL4AUL09AJhEPgAINr4AMKA9ALSGPgAAab4AAOm9AHinPgC4Yb4AcNq9ANSjPgBYir4AUL29AKCRPgAQg74AwC49ABTePgAA6TwAEIO9AOiYPgBYCr4AoJG9ANSjPgDALr0AcNq9ADCgPgBElb4AuGG+AByrPgCMnL4AoBG+AOBLPgD8jb4AcNq9ANSjPgA8yL4AWAq+gPVFQsD5ekH8oI3CAFiKPgAA6bwAwC49AOBLPgDgS70AAOk8AKy5PgCEz74A2H6+AIycPgDs874A2H6+,0,False,1716271902.487371,0.04940366744995117
/magnets,AAAAAAAAAAAAAAAAAAAAAAAAAAAAAAAAAAAAAAAAAAAAAAAAAAAAAAAAAAAAAAAAAAAAAAAAAAAAAAAAAAAAAAAAAAAAAAAAAAAAAAAAAAAAAAAAAAAAAAAAAAAAAAAAAAAAAAAAAAAAAAAAAAAAAAAAAAAAAAAAAAAAAAAAAAAAAAAAAAAAAAAAAAAAAAAAAAAAAAAAAAAAAAAAAAAAAAAAAAAAAAAAAAAAAAAAAAAAAAAAAAAAAAAAAAAAAAAAAAAAAAAAAAAAAAAAAAAAAAAAAAAAAAAAAAAAAAAAAAAAAAAAAAAAAAAAAAAAAAAAAAAAAAAAAAAAAAAAAAAAAAAAAAAAAAAAAAAAAAAAAAAAAAAAAAAAAAAAAAAAAAAAAAAAAAAAAAAAAAAAAAAAAAAAAAAAAAAAAAAAAAAAAAAAAAAAAAAAAAAAAAAAAAAAAAAAAAAAAAAAAAAAAAAAAAAAAAAAAAAAAAAAAAAAAAAAAAAAAAAAAAAAAAAAAAAAAAAAAAAAAAAAAAAAAAAAAAAAAAAAAAAAAAAAAAAAAAAAAAAAAAAAAAAAAAAAAAAAAAAAAAAAAAAAAAAAAAAAAAAAAAAAAAAAAAAAAAAAAAAAAAAAAAAAAAAAAAAAAAAAABCDPgDoGL4A2H6+ALSGPgCgEb0AEIO9AIycPgC0hr4AoJG9AKCRPgBIcL4AwK48AHBavqhJI0IoP4DCAKCRPgDALr0AMCA+ABCDPgC44b4AAOk9AHgnPgAINr4AUL09AKCRPgC4Yb4AcNq9AHinPgCQd74A4Mu9AFiKPgBElb4AAGm9AESVPgDYfr4AAGk9ABTePgAAab0AwC69AOiYPgDgy70AwK69AHinPgDALr0AEAO+AIycPgAwoL4AcFq+AHinPgBElb4AWAq+AEhwPgBElb4AWAq+AHinPgDUo74AEAO++LNFQgBLekFEqI3CAEhwPgAAab0AwK49AFA9PgDArrwAAOk8AITPPgD0wL4A2H6+AGSyPgC0Br8A2H6+,0,False,1716271902.5391052,0.051734209060668945
/magnets,AAAAAAAAAAAAAAAAAAAAAAAAAAAAAAAAAAAAAAAAAAAAAAAAAAAAAAAAAAAAAAAAAAAAAAAAAAAAAAAAAAAAAAAAAAAAAAAAAAAAAAAAAAAAAAAAAAAAAAAAAAAAAAAAAAAAAAAAAAAAAAAAAAAAAAAAAAAAAAAAAAAAAAAAAAAAAAAAAAAAAAAAAAAAAAAAAAAAAAAAAAAAAAAAAAAAAAAAAAAAAAAAAAAAAAAAAAAAAAAAAAAAAAAAAAAAAAAAAAAAAAAAAAAAAAAAAAAAAAAAAAAAAAAAAAAAAAAAAAAAAAAAAAAAAAAAAAAAAAAAAAAAAAAAAAAAAAAAAAAAAAAAAAAAAAAAAAAAAAAAAAAAAAAAAAAAAAAAAAAAAAAAAAAAAAAAAAAAAAAAAAAAAAAAAAAAAAAAAAAAAAAAAAAAAAAAAAAAAAAAAAAAAAAAAAAAAAAAAAAAAAAAAAAAAAAAAAAAAAAAAAAAAAAAAAAAAAAAAAAAAAAAAAAAAAAAAAAAAAAAAAAAAAAAAAAAAAAAAAAAAAAAAAAAAAAAAAAAAAAAAAAAAAAAAAAAAAAAAAAAAAAAAAAAAAAAAAAAAAAAAAAAAAAAAAAAAAAAAAAAAAAAAAAAAAAAAAAAAAAAABCDPgBQPb4AEIO+ABCDPgDgS70A4Eu9APyNPgCgkb4AcNq9ADCgPgAoU74AAOm7AJhEvqB8I0LMQoDCANSjPgAAab0AoBE+ABCDPgCEz74AkPc9AJhEPgAINr4AwK49AOiYPgBIcL4AkPe9AMCuPgAAab4AcNq9APyNPgCgkb4AwK69AOiYPgAQg74AUL09ALjhPgAA6bsAwC69ANSjPgAQA74AUL29AESVPgAAab0AWAq+AByrPgDArr4AAGm+AByrPgC0hr4AWAq+AKCRPgBYir4AeCe+ANSjPgAItr4AMCC+QLtFQqDcekGgpI3CABCDPgAA6bsAwC49AOBLPgDALr0AAGk8ADzIPgA8yL4AkHe+AByrPgCGCL8AuGG+,0,False,1716271902.5877547,0.04864954948425293
/magnets,AAAAAAAAAAAAAAAAAAAAAAAAAAAAAAAAAAAAAAAAAAAAAAAAAAAAAAAAAAAAAAAAAAAAAAAAAAAAAAAAAAAAAAAAAAAAAAAAAAAAAAAAAAAAAAAAAAAAAAAAAAAAAAAAAAAAAAAAAAAAAAAAAAAAAAAAAAAAAAAAAAAAAAAAAAAAAAAAAAAAAAAAAAAAAAAAAAAAAAAAAAAAAAAAAAAAAAAAAAAAAAAAAAAAAAAAAAAAAAAAAAAAAAAAAAAAAAAAAAAAAAAAAAAAAAAAAAAAAAAAAAAAAAAAAAAAAAAAAAAAAAAAAAAAAAAAAAAAAAAAAAAAAAAAAAAAAAAAAAAAAAAAAAAAAAAAAAAAAAAAAAAAAAAAAAAAAAAAAAAAAAAAAAAAAAAAAAAAAAAAAAAAAAAAAAAAAAAAAAAAAAAAAAAAAAAAAAAAAAAAAAAAAAAAAAAAAAAAAAAAAAAAAAAAAAAAAAAAAAAAAAAAAAAAAAAAAAAAAAAAAAAAAAAAAAAAAAAAAAAAAAAAAAAAAAAAAAAAAAAAAAAAAAAAAAAAAAAAAAAAAAAAAAAAAAAAAAAAAAAAAAAAAAAAAAAAAAAAAAAAAAAAAAAAAAAAAAAAAAAAAAAAAAAAAAAAAAAAAAAAAESVPgB4J74AAGm+AEhwPgBw2r0AwK69ABCDPgCgkb4AEIO9AMCuPgDgS74AAGm8AABpvvBQI0K4TYDCAOiYPgAAab0AWAo+ALSGPgCYxL4AWAo+AAg2PgDoGL4AoJE9AFiKPgCQd74A4Mu9AHinPgDgS74AUL29ANSjPgBElb4AMKC9AIycPgC4Yb4AEIM9AITPPgDALj0AAOm8AESVPgBYCr4AoJG9ADCgPgDgS70AcNq9AIycPgDomL4AkHe+AByrPgCgkb4AMCC+AJB3PgAQg74AoBG+AIycPgBQvb4AeCe+gPVFQsD5ekEQlo3CALSGPgAQg70AwC49AHDaPQCgEb0AoBE9AFC9PgCsub4ARJW+AESVPgA0+74ASHC+,0,False,1716271902.6382647,0.05050992965698242
/magnets,AAAAAAAAAAAAAAAAAAAAAAAAAAAAAAAAAAAAAAAAAAAAAAAAAAAAAAAAAAAAAAAAAAAAAAAAAAAAAAAAAAAAAAAAAAAAAAAAAAAAAAAAAAAAAAAAAAAAAAAAAAAAAAAAAAAAAAAAAAAAAAAAAAAAAAAAAAAAAAAAAAAAAAAAAAAAAAAAAAAAAAAAAAAAAAAAAAAAAAAAAAAAAAAAAAAAAAAAAAAAAAAAAAAAAAAAAAAAAAAAAAAAAAAAAAAAAAAAAAAAAAAAAAAAAAAAAAAAAAAAAAAAAAAAAAAAAAAAAAAAAAAAAAAAAAAAAAAAAAAAAAAAAAAAAAAAAAAAAAAAAAAAAAAAAAAAAAAAAAAAAAAAAAAAAAAAAAAAAAAAAAAAAAAAAAAAAAAAAAAAAAAAAAAAAAAAAAAAAAAAAAAAAAAAAAAAAAAAAAAAAAAAAAAAAAAAAAAAAAAAAAAAAAAAAAAAAAAAAAAAAAAAAAAAAAAAAAAAAAAAAAAAAAAAAAAAAAAAAAAAAAAAAAAAAAAAAAAAAAAAAAAAAAAAAAAAAAAAAAAAAAAAAAAAAAAAAAAAAAAAAAAAAAAAAAAAAAAAAAAAAAAAAAAAAAAAAAAAAAAAAAAAAAAAAAAAAAAAAAAAAESVPgDgy70AkHe+AKCRPgCgkb0AEIO9ALSGPgD8jb4A4Mu9ANSjPgCYRL4AwK68AJhEvuiDI0LgN4DCAMCuPgDALr0AeCc+AEhwPgDgy74AWAo+AJhEPgDoGL4A4Ms9ADCgPgC0hr4AEAO+AHinPgDYfr4AkPe9AOiYPgDYfr4AMKC9AESVPgAoU74AwK48AODLPgCgET0AAOm8AHinPgCgEb4AMKC9AHinPgAAab0AEAO+ANSjPgB4p74AkHe+AESVPgBElb4AEAO+AJB3PgCMnL4AWAq+AByrPgAcq74AeCe+GNFFQoDWeUGAh43CALSGPgDgS70AEIM9AFA9PgAA6TsAAOk8AITPPgD0wL4AtIa+ANSjPgCQ974AWIq+,0,False,1716271902.6878996,0.04963493347167969
/magnets,AAAAAAAAAAAAAAAAAAAAAAAAAAAAAAAAAAAAAAAAAAAAAAAAAAAAAAAAAAAAAAAAAAAAAAAAAAAAAAAAAAAAAAAAAAAAAAAAAAAAAAAAAAAAAAAAAAAAAAAAAAAAAAAAAAAAAAAAAAAAAAAAAAAAAAAAAAAAAAAAAAAAAAAAAAAAAAAAAAAAAAAAAAAAAAAAAAAAAAAAAAAAAAAAAAAAAAAAAAAAAAAAAAAAAAAAAAAAAAAAAAAAAAAAAAAAAAAAAAAAAAAAAAAAAAAAAAAAAAAAAAAAAAAAAAAAAAAAAAAAAAAAAAAAAAAAAAAAAAAAAAAAAAAAAAAAAAAAAAAAAAAAAAAAAAAAAAAAAAAAAAAAAAAAAAAAAAAAAAAAAAAAAAAAAAAAAAAAAAAAAAAAAAAAAAAAAAAAAAAAAAAAAAAAAAAAAAAAAAAAAAAAAAAAAAAAAAAAAAAAAAAAAAAAAAAAAAAAAAAAAAAAAAAAAAAAAAAAAAAAAAAAAAAAAAAAAAAAAAAAAAAAAAAAAAAAAAAAAAAAAAAAAAAAAAAAAAAAAAAAAAAAAAAAAAAAAAAAAAAAAAAAAAAAAAAAAAAAAAAAAAAAAAAAAAAAAAAAAAAAAAAAAAAAAAAAAAAAAAAAAKCRPgBYCr4AAGm+ANh+PgDArr0AwK69ABCDPgD8jb4AAGm9AHinPgDYfr4AAAAAALhhvhBuI0IUSoDCAOiYPgAAab0AoBE+AEhwPgBc5b4AAOk9AABpPgDALr4AUL09ADCgPgBwWr4AWAq+AIycPgBIcL4AUL29AKy5PgCgkb4AwK69AIycPgCQd74AoBE9ADzIPgAA6bwAAGm9AIycPgAwIL4AwK69AByrPgBQvb0AWAq+AByrPgB4p74AAGm+AByrPgAQg74AWAq+AABpPgCgkb4AAOm9AESVPgCsub4AkPe98OZFQoC/ekE4gI3CAJB3PgDgS70AEIM9AHgnPgAA6bsAwK48AFC9PgBQvb4AEIO+AGSyPgCQ974AkHe+,0,False,1716271902.738324,0.05042433738708496
/magnets,AAAAAAAAAAAAAAAAAAAAAAAAAAAAAAAAAAAAAAAAAAAAAAAAAAAAAAAAAAAAAAAAAAAAAAAAAAAAAAAAAAAAAAAAAAAAAAAAAAAAAAAAAAAAAAAAAAAAAAAAAAAAAAAAAAAAAAAAAAAAAAAAAAAAAAAAAAAAAAAAAAAAAAAAAAAAAAAAAAAAAAAAAAAAAAAAAAAAAAAAAAAAAAAAAAAAAAAAAAAAAAAAAAAAAAAAAAAAAAAAAAAAAAAAAAAAAAAAAAAAAAAAAAAAAAAAAAAAAAAAAAAAAAAAAAAAAAAAAAAAAAAAAAAAAAAAAAAAAAAAAAAAAAAAAAAAAAAAAAAAAAAAAAAAAAAAAAAAAAAAAAAAAAAAAAAAAAAAAAAAAAAAAAAAAAAAAAAAAAAAAAAAAAAAAAAAAAAAAAAAAAAAAAAAAAAAAAAAAAAAAAAAAAAAAAAAAAAAAAAAAAAAAAAAAAAAAAAAAAAAAAAAAAAAAAAAAAAAAAAAAAAAAAAAAAAAAAAAAAAAAAAAAAAAAAAAAAAAAAAAAAAAAAAAAAAAAAAAAAAAAAAAAAAAAAAAAAAAAAAAAAAAAAAAAAAAAAAAAAAAAAAAAAAAAAAAAAAAAAAAAAAAAAAAAAAAAAAAAAAAAFiKPgCgEb4A/I2+APyNPgDArr0AoJG9APyNPgD8jb4AMKC9AIycPgC4Yb4AAOm8AEhwvmBCI0KYMIDCANSjPgDALr0AeCc+ALhhPgCYxL4AcNo9AAg2PgB4J74AwK49ADCgPgC0hr4AEAO+AMCuPgDgS74AAOm9ADCgPgD8jb4AwK69AHinPgBwWr4AAGk9ADzIPgAAAAAAAOm8AKCRPgB4J74AAGm9AIycPgCgkb0AoBG+AHinPgDUo74AmES+AByrPgBIcL4A6Bi+AEhwPgBYir4AMCC+AMCuPgBksr4AoBG+YNhFQiBoekHcg43CAABpPgCgkb0AEIM9AAg2PgAQg70AAOk8AFC9PgBQvb4AEIO+AMCuPgDs874AAGm+,0,False,1716271902.7880754,0.04975152015686035
/magnets,AAAAAAAAAAAAAAAAAAAAAAAAAAAAAAAAAAAAAAAAAAAAAAAAAAAAAAAAAAAAAAAAAAAAAAAAAAAAAAAAAAAAAAAAAAAAAAAAAAAAAAAAAAAAAAAAAAAAAAAAAAAAAAAAAAAAAAAAAAAAAAAAAAAAAAAAAAAAAAAAAAAAAAAAAAAAAAAAAAAAAAAAAAAAAAAAAAAAAAAAAAAAAAAAAAAAAAAAAAAAAAAAAAAAAAAAAAAAAAAAAAAAAAAAAAAAAAAAAAAAAAAAAAAAAAAAAAAAAAAAAAAAAAAAAAAAAAAAAAAAAAAAAAAAAAAAAAAAAAAAAAAAAAAAAAAAAAAAAAAAAAAAAAAAAAAAAAAAAAAAAAAAAAAAAAAAAAAAAAAAAAAAAAAAAAAAAAAAAAAAAAAAAAAAAAAAAAAAAAAAAAAAAAAAAAAAAAAAAAAAAAAAAAAAAAAAAAAAAAAAAAAAAAAAAAAAAAAAAAAAAAAAAAAAAAAAAAAAAAAAAAAAAAAAAAAAAAAAAAAAAAAAAAAAAAAAAAAAAAAAAAAAAAAAAAAAAAAAAAAAAAAAAAAAAAAAAAAAAAAAAAAAAAAAAAAAAAAAAAAAAAAAAAAAAAAAAAAAAAAAAAAAAAAAAAAAAAAAAAAAADCgPgAQA74AoJG+AJB3PgDArrwAMKC9AKCRPgD8jb4AMKC9ANSjPgDgS74AAGm8AABpvuiDI0KEO4DCAHinPgCgkb0AWAo+AFiKPgA8yL4AkPc9AOBLPgAwIL4AMKA9ADCgPgAQg74AAOm9AMCuPgCQd74A4Mu9ADCgPgBElb4AwK69ADCgPgAAab4AMKA9AAi2PgAA6TsAEIO9AKCRPgAA6b0AwK69AESVPgDArrwAoBG+AKCRPgAwoL4ASHC+AGSyPgCgkb4AWAq+AChTPgD8jb4AEAO+AGSyPgA8yL4AWAq+iMJFQoC/ekGocY3CAABpPgAAab0AMKA9AAg2PgDArrwAwC49APTAPgAItr4AEIO+ANSjPgA+Ab8AAGm+,0,False,1716271902.8380964,0.05002093315124512
/magnets,AAAAAAAAAAAAAAAAAAAAAAAAAAAAAAAAAAAAAAAAAAAAAAAAAAAAAAAAAAAAAAAAAAAAAAAAAAAAAAAAAAAAAAAAAAAAAAAAAAAAAAAAAAAAAAAAAAAAAAAAAAAAAAAAAAAAAAAAAAAAAAAAAAAAAAAAAAAAAAAAAAAAAAAAAAAAAAAAAAAAAAAAAAAAAAAAAAAAAAAAAAAAAAAAAAAAAAAAAAAAAAAAAAAAAAAAAAAAAAAAAAAAAAAAAAAAAAAAAAAAAAAAAAAAAAAAAAAAAAAAAAAAAAAAAAAAAAAAAAAAAAAAAAAAAAAAAAAAAAAAAAAAAAAAAAAAAAAAAAAAAAAAAAAAAAAAAAAAAAAAAAAAAAAAAAAAAAAAAAAAAAAAAAAAAAAAAAAAAAAAAAAAAAAAAAAAAAAAAAAAAAAAAAAAAAAAAAAAAAAAAAAAAAAAAAAAAAAAAAAAAAAAAAAAAAAAAAAAAAAAAAAAAAAAAAAAAAAAAAAAAAAAAAAAAAAAAAAAAAAAAAAAAAAAAAAAAAAAAAAAAAAAAAAAAAAAAAAAAAAAAAAAAAAAAAAAAAAAAAAAAAAAAAAAAAAAAAAAAAAAAAAAAAAAAAAAAAAAAAAAAAAAAAAAAAAAAAAAAAAAAKCRPgDoGL4ASHC+AJB3PgCgkb0AEIO9AFiKPgD8jb4AwK69AOiYPgAoU74AAOm7AJhEvshmI0LMQoDCABCDPgAAab0AoBE+ANh+PgBksr4AwK49AChTPgDoGL4AEIM9AESVPgAAab4AwK69AIycPgC4Yb4A4Mu9AHinPgCQd74AAOm9AOiYPgC4Yb4AwC49ABTePgAwoL0AAGm9AESVPgCQ970AEIO9AMCuPgDgS70AEAO+AHinPgCMnL4AKFO+AIycPgCgkb4ACDa+AJB3PgBYir4AMCC+AOiYPgBksr4AoBG+GNFFQmCiekFsko3CAABpPgDArr0AwC49AEhwPgCgEb0AwC49AITPPgA8yL4AEIO+AOiYPgA0+74AAGm+,0,False,1716271902.8883376,0.05024123191833496
/magnets,AAAAAAAAAAAAAAAAAAAAAAAAAAAAAAAAAAAAAAAAAAAAAAAAAAAAAAAAAAAAAAAAAAAAAAAAAAAAAAAAAAAAAAAAAAAAAAAAAAAAAAAAAAAAAAAAAAAAAAAAAAAAAAAAAAAAAAAAAAAAAAAAAAAAAAAAAAAAAAAAAAAAAAAAAAAAAAAAAAAAAAAAAAAAAAAAAAAAAAAAAAAAAAAAAAAAAAAAAAAAAAAAAAAAAAAAAAAAAAAAAAAAAAAAAAAAAAAAAAAAAAAAAAAAAAAAAAAAAAAAAAAAAAAAAAAAAAAAAAAAAAAAAAAAAAAAAAAAAAAAAAAAAAAAAAAAAAAAAAAAAAAAAAAAAAAAAAAAAAAAAAAAAAAAAAAAAAAAAAAAAAAAAAAAAAAAAAAAAAAAAAAAAAAAAAAAAAAAAAAAAAAAAAAAAAAAAAAAAAAAAAAAAAAAAAAAAAAAAAAAAAAAAAAAAAAAAAAAAAAAAAAAAAAAAAAAAAAAAAAAAAAAAAAAAAAAAAAAAAAAAAAAAAAAAAAAAAAAAAAAAAAAAAAAAAAAAAAAAAAAAAAAAAAAAAAAAAAAAAAAAAAAAAAAAAAAAAAAAAAAAAAAAAAAAAAAAAAAAAAAAAAAAAAAAAAAAAAAAAAAABCDPgAINr4AkHe+AJB3PgDALr0AoJG9AFiKPgCQd74AUL29ALSGPgAQg74AAOk7AHBavoBfI0I8NIDCAGSyPgDArr0AWAo+ANh+PgAA6b4AAOk9AFA9PgAINr4AUL09AOiYPgBIcL4AkPe9AOiYPgAQg74AwK69AKCRPgBYir4AEIO9AHinPgBwWr4AEIM9AODLPgCgEb0A4Eu9ADCgPgDgy70AUL29AHinPgAAab0AWAq+ADCgPgD8jb4AcFq+AIycPgD8jb4A6Bi+AEhwPgCgkb4AWAq+ADCgPgBksr4AoBG+QLtFQgBLekHcg43CALSGPgAA6bwAwK49AHgnPgCgEb0AwK48AFC9PgCYxL4AkHe+AHinPgBI8L4AcFq+,0,False,1716271902.9383173,0.04997968673706055
/magnets,AAAAAAAAAAAAAAAAAAAAAAAAAAAAAAAAAAAAAAAAAAAAAAAAAAAAAAAAAAAAAAAAAAAAAAAAAAAAAAAAAAAAAAAAAAAAAAAAAAAAAAAAAAAAAAAAAAAAAAAAAAAAAAAAAAAAAAAAAAAAAAAAAAAAAAAAAAAAAAAAAAAAAAAAAAAAAAAAAAAAAAAAAAAAAAAAAAAAAAAAAAAAAAAAAAAAAAAAAAAAAAAAAAAAAAAAAAAAAAAAAAAAAAAAAAAAAAAAAAAAAAAAAAAAAAAAAAAAAAAAAAAAAAAAAAAAAAAAAAAAAAAAAAAAAAAAAAAAAAAAAAAAAAAAAAAAAAAAAAAAAAAAAAAAAAAAAAAAAAAAAAAAAAAAAAAAAAAAAAAAAAAAAAAAAAAAAAAAAAAAAAAAAAAAAAAAAAAAAAAAAAAAAAAAAAAAAAAAAAAAAAAAAAAAAAAAAAAAAAAAAAAAAAAAAAAAAAAAAAAAAAAAAAAAAAAAAAAAAAAAAAAAAAAAAAAAAAAAAAAAAAAAAAAAAAAAAAAAAAAAAAAAAAAAAAAAAAAAAAAAAAAAAAAAAAAAAAAAAAAAAAAAAAAAAAAAAAAAAAAAAAAAAAAAAAAAAAAAAAAAAAAAAAAAAAAAAAAAAAAAABCDPgAQA74A2H6+AHBaPgCgkb0AwK69AFiKPgC0hr4AUL29AOiYPgAoU74AAOk8AMAuvlh1I0K4TYDCAPyNPgBw2r0AoBE+AFiKPgAo074AkPc9AHBaPgAINr4AwK49AFiKPgAQg74AcNq9AHinPgAAab4AkPe9AOiYPgD8jb4AMKC9AHinPgBIcL4AwK49AHDaPgAA6bwA4Eu9AByrPgBw2r0AoJG9AESVPgAA6bwA6Bi+AIycPgCsub4ASHC+ANSjPgC0hr4AeCe+AABpPgD8jb4AWAq+AIycPgDgy74AMCC+yPxFQkCFekGUfI3CAHBaPgDgS70AwC49AHgnPgDArrwAAOk8AITPPgAItr4A/I2+AIycPgAQA78AuGG+,0,False,1716271902.9884634,0.05014610290527344
/magnets,AAAAAAAAAAAAAAAAAAAAAAAAAAAAAAAAAAAAAAAAAAAAAAAAAAAAAAAAAAAAAAAAAAAAAAAAAAAAAAAAAAAAAAAAAAAAAAAAAAAAAAAAAAAAAAAAAAAAAAAAAAAAAAAAAAAAAAAAAAAAAAAAAAAAAAAAAAAAAAAAAAAAAAAAAAAAAAAAAAAAAAAAAAAAAAAAAAAAAAAAAAAAAAAAAAAAAAAAAAAAAAAAAAAAAAAAAAAAAAAAAAAAAAAAAAAAAAAAAAAAAAAAAAAAAAAAAAAAAAAAAAAAAAAAAAAAAAAAAAAAAAAAAAAAAAAAAAAAAAAAAAAAAAAAAAAAAAAAAAAAAAAAAAAAAAAAAAAAAAAAAAAAAAAAAAAAAAAAAAAAAAAAAAAAAAAAAAAAAAAAAAAAAAAAAAAAAAAAAAAAAAAAAAAAAAAAAAAAAAAAAAAAAAAAAAAAAAAAAAAAAAAAAAAAAAAAAAAAAAAAAAAAAAAAAAAAAAAAAAAAAAAAAAAAAAAAAAAAAAAAAAAAAAAAAAAAAAAAAAAAAAAAAAAAAAAAAAAAAAAAAAAAAAAAAAAAAAAAAAAAAAAAAAAAAAAAAAAAAAAAAAAAAAAAAAAAAAAAAAAAAAAAAAAAAAAAAAAAAAAAADCgPgCgEb4AtIa+ABCDPgDArr0AUL29APyNPgC0hr4AMKC9ANSjPgBwWr4AAOm8AHBavjhYI0IUSoDCADCgPgCgkb0A6Bg+APyNPgC44b4AEAM+AFA9PgDoGL4AMKA9AFiKPgBIcL4AoJG9AGSyPgAAab4AMKC9ANSjPgAAab4AwK69AKCRPgAAab4AEIM9AHDaPgCgEb0AoBG9AESVPgAA6b0AwK69AIycPgCgkb0AWAq+ANSjPgAcq74AAGm+AGSyPgC0hr4A6Bi+ALhhPgAQg74AeCe+AByrPgAcq74A6Bi+8OZFQqDcekGUfI3CAJB3PgDArrwAwK49ADAgPgDArrwAoBE9APTAPgBQvb4A2H6+AAi2PgC0Br8ASHC+,0,False,1716271903.0386581,0.050194740295410156
/magnets,AAAAAAAAAAAAAAAAAAAAAAAAAAAAAAAAAAAAAAAAAAAAAAAAAAAAAAAAAAAAAAAAAAAAAAAAAAAAAAAAAAAAAAAAAAAAAAAAAAAAAAAAAAAAAAAAAAAAAAAAAAAAAAAAAAAAAAAAAAAAAAAAAAAAAAAAAAAAAAAAAAAAAAAAAAAAAAAAAAAAAAAAAAAAAAAAAAAAAAAAAAAAAAAAAAAAAAAAAAAAAAAAAAAAAAAAAAAAAAAAAAAAAAAAAAAAAAAAAAAAAAAAAAAAAAAAAAAAAAAAAAAAAAAAAAAAAAAAAAAAAAAAAAAAAAAAAAAAAAAAAAAAAAAAAAAAAAAAAAAAAAAAAAAAAAAAAAAAAAAAAAAAAAAAAAAAAAAAAAAAAAAAAAAAAAAAAAAAAAAAAAAAAAAAAAAAAAAAAAAAAAAAAAAAAAAAAAAAAAAAAAAAAAAAAAAAAAAAAAAAAAAAAAAAAAAAAAAAAAAAAAAAAAAAAAAAAAAAAAAAAAAAAAAAAAAAAAAAAAAAAAAAAAAAAAAAAAAAAAAAAAAAAAAAAAAAAAAAAAAAAAAAAAAAAAAAAAAAAAAAAAAAAAAAAAAAAAAAAAAAAAAAAAAAAAAAAAAAAAAAAAAAAAAAAAAAAAAAAAAAAKCRPgCgEb4A2H6+AKCRPgAwoL0AMKC9AFiKPgCMnL4AMKC9AOiYPgB4J74AAOm7AABpvjhYI0JkHoDCAHinPgDArr0AeCc+AFiKPgAo074AkPc9AFA9PgAINr4AwK49APyNPgDYfr4AcNq9ANSjPgBYir4AAOm9AKCRPgCgkb4AoJG9ANSjPgBIcL4AwC49ADzIPgCgEb0AoJG9AByrPgAwIL4AEIO9AGSyPgCgkb0AMCC+AESVPgD8jb4ASHC+AMCuPgBElb4AoBG+AHBaPgCQd74AkPe9AESVPgCsub4AMCC+QLtFQkCFekFsko3CABCDPgDALr0AAGk9AMAuPgCgEb0AwC49AITPPgCEz74A2H6+AGSyPgBI8L4AAGm+,0,False,1716271903.0892363,0.05057811737060547
/magnets,AAAAAAAAAAAAAAAAAAAAAAAAAAAAAAAAAAAAAAAAAAAAAAAAAAAAAAAAAAAAAAAAAAAAAAAAAAAAAAAAAAAAAAAAAAAAAAAAAAAAAAAAAAAAAAAAAAAAAAAAAAAAAAAAAAAAAAAAAAAAAAAAAAAAAAAAAAAAAAAAAAAAAAAAAAAAAAAAAAAAAAAAAAAAAAAAAAAAAAAAAAAAAAAAAAAAAAAAAAAAAAAAAAAAAAAAAAAAAAAAAAAAAAAAAAAAAAAAAAAAAAAAAAAAAAAAAAAAAAAAAAAAAAAAAAAAAAAAAAAAAAAAAAAAAAAAAAAAAAAAAAAAAAAAAAAAAAAAAAAAAAAAAAAAAAAAAAAAAAAAAAAAAAAAAAAAAAAAAAAAAAAAAAAAAAAAAAAAAAAAAAAAAAAAAAAAAAAAAAAAAAAAAAAAAAAAAAAAAAAAAAAAAAAAAAAAAAAAAAAAAAAAAAAAAAAAAAAAAAAAAAAAAAAAAAAAAAAAAAAAAAAAAAAAAAAAAAAAAAAAAAAAAAAAAAAAAAAAAAAAAAAAAAAAAAAAAAAAAAAAAAAAAAAAAAAAAAAAAAAAAAAAAAAAAAAAAAAAAAAAAAAAAAAAAAAAAAAAAAAAAAAAAAAAAAAAAAAAAAAAANh+PgBYCr4ASHC+ABCDPgAwoL0AMKC9AJB3PgAAab4AwC69AByrPgDALr4AwK68ANh+voBfI0LYaoDCAOiYPgDArr0A6Bg+AESVPgCEz74AEAM+AOBLPgDoGL4AEIM9AHinPgBwWr4AAOm9ANSjPgBIcL4AWAq+AHinPgAQg74AoJG9AByrPgBwWr4AoJE9AJjEPgDALr0AwC69AHinPgAA6b0AEIO9AESVPgCgEb0AAOm9ADCgPgB4p74AuGG+AHinPgC0hr4AEAO+ANh+PgCgkb4AoBG+AByrPgCYxL4AWAq+OO5FQuAtekHweI3CALhhPgAAab0AAGk9AMAuPgAAabwAAOk7APTAPgCYxL4AkHe+AMCuPgC0Br8ASHC+,0,False,1716271903.139708,0.05047178268432617
/magnets,AAAAAAAAAAAAAAAAAAAAAAAAAAAAAAAAAAAAAAAAAAAAAAAAAAAAAAAAAAAAAAAAAAAAAAAAAAAAAAAAAAAAAAAAAAAAAAAAAAAAAAAAAAAAAAAAAAAAAAAAAAAAAAAAAAAAAAAAAAAAAAAAAAAAAAAAAAAAAAAAAAAAAAAAAAAAAAAAAAAAAAAAAAAAAAAAAAAAAAAAAAAAAAAAAAAAAAAAAAAAAAAAAAAAAAAAAAAAAAAAAAAAAAAAAAAAAAAAAAAAAAAAAAAAAAAAAAAAAAAAAAAAAAAAAAAAAAAAAAAAAAAAAAAAAAAAAAAAAAAAAAAAAAAAAAAAAAAAAAAAAAAAAAAAAAAAAAAAAAAAAAAAAAAAAAAAAAAAAAAAAAAAAAAAAAAAAAAAAAAAAAAAAAAAAAAAAAAAAAAAAAAAAAAAAAAAAAAAAAAAAAAAAAAAAAAAAAAAAAAAAAAAAAAAAAAAAAAAAAAAAAAAAAAAAAAAAAAAAAAAAAAAAAAAAAAAAAAAAAAAAAAAAAAAAAAAAAAAAAAAAAAAAAAAAAAAAAAAAAAAAAAAAAAAAAAAAAAAAAAAAAAAAAAAAAAAAAAAAAAAAAAAAAAAAAAAAAAAAAAAAAAAAAAAAAAAAAAAAAAAANSjPgB4J74A2H6+AEhwPgAAab0AEIO9AKCRPgCgkb4AMKC9AIycPgDYfr4AwK68AOBLvuiDI0K4TYDCAHinPgDALr0AMCA+ALSGPgBw2r4AWAo+AABpPgBYCr4AwK49AHinPgC4Yb4AkPe9AByrPgC4Yb4AMKC9ADCgPgAQg74AwK69AOiYPgAQg74AAGk9ACjTPgCgEb0AEIO9AHinPgAwIL4AMKC9AByrPgDgS70A6Bi+AHinPgCMnL4AAGm+AByrPgAQg74AkPe9AChTPgBElb4AoBG+AIycPgAItr4AoBG+YNhFQgBLekG0mY3CAFiKPgCgEb0AMKA9ADAgPgAAab0AAOk8AFC9PgA8yL4AWIq+ANSjPgAA6b4AcFq+,0,False,1716271903.1889822,0.04927420616149902
