/magnets,AOiYPgAwIL4AAOm9AFiKPgDALr0AEAM+AKCRPgAQg74AwC49AByrPgDALr4AAGk8ANh+PgDALr4AwK68gLIBQECQUUEUwIXCABCDPgDYfr4AWAo+AHBaPgDArr0AAOk8ACcCQbzFk0KQsuzBAP1eQJDM9UGApCBBIAZqQYDsJ0KwiZ7C8HbUQdAozEF0grTC0AivQTBpzUF4jWDCADCgPgCgEb4A6Bg+EG6jQayQrkJwgKbBgPI7wbC9MELgEiDBMLYXQpjeckLArZjAAABpQQC0BsCgXVfCEBKnQZD36UGwZL7C4PbdQbj+fELg4RfBcPy/wbBF8kGYDHHCCIQQwgBw2kEATbPCQCWjwMAb0UBIFUrCAOnpv1CGTULA/j1B,0,False,1716271589.3166804,0.046840667724609375
/magnets,ANh+PgBQPb4AAOm9APyNPgDgS70A4Ms9ALSGPgD8jb4AAGk8ADCgPgDALr4AwK48ANh+PgAINr4AAGm8AFUAQOAhUkEAy4XCAJB3PgAQg74AoBE+ABCDPgAwoL0AAGk8QGECQWiWk0KQsuzBAKFiQHCv9UHA3iBB4LRqQajWJ0IMhp7CABHUQdAozEEse7TC8CWvQXCjzUGgd2DCADCgPgBYCr4AKFM+UKijQayQrkLQ16bBIJs7wdDaMEKg2B/B6K4XQnjBckLAlpnA4PlnQYBWBcDIR1fCEBKnQbAU6kFoXb7CgJ/dQSjwfEKgpxfBsDbAwcDf8UEI/nDCoF8QwtC42kHsV7PCgEikwECn0EBoMkrCAOnpv1CGTUJAcz5B,0,False,1716271589.3323603,0.01567983627319336
/magnets,AFiKPgB4J74AkPe9APyNPgDgS70A4Ms9APyNPgC0hr4AAGk9ADCgPgDgS74AoBE9AEhwPgDoGL4AAGm9gMkAQKDnUUFI0oXCALhhPgBYir4AEAM+AHBaPgCgkb0AwC49wOwBQTSEk0Kwz+zBALhhQLDp9UEgTSBBoHpqQcjzJ0KIn57CsDzUQUAazEFAcLTCgDSvQaBazUFYcGDCAHinPgCgEb4AeCc+wJmjQayQrkKAGqbBoA88wWi2MEJAaiDBoKcXQnjBckJAIpnAwMVoQYA/BsA4OVfCEBKnQbAU6kEgVr7CEK7dQQAGfULA2xbBkBnAwfB/8kFwInHCWFgQwuBS2kEATbPCAAKiwABt0ECwOUrCAI3tv+CUTUKAxD1B,0,False,1716271589.381986,0.04962563514709473
/magnets,AESVPgAwIL4AAOm9ALSGPgAAab0AcNo9ABCDPgAQg74AwC49AHinPgDgS74A4Es9ALhhPgB4J74AAOm8AB38P2CtUUEotYXCABCDPgBYir4AWAo+AJhEPgBw2r0AAOk8ACcCQYizk0JA3uzBAKFiQED49UFAaiBBgF1qQajWJ0JUjZ7CEJTUQRBjzEGcbLTC0AivQcB3zUHAlGDCAESVPgAA6b0AmEQ+4LajQeCirkLgcabBAH47wbC9MEJgnh/BwMQXQjC6ckIA6JjAgItoQYBtBMBYVlfCMC+nQQDp6UGcb77CEK7dQcDLfEKAihfBcPy/wXAL8kGYDHHCWFgQwuBS2kGkULPCQA6kwIDh0EBIFUrCAADpv+hhTUIAOT5B,0,False,1716271589.4322362,0.05025029182434082
/magnets,ANSjPgCgEb4AoBG+AEhwPgDArr0AAOk9ALSGPgBYir4AwC49AMCuPgC4Yb4AoBE9ANh+PgDALr4AAGm8ACcCQAA/UkEAy4XCAJB3PgAQg74AWAo+AHBaPgBw2r0AwK48oLgCQWiWk0KQsuzBAKFiQCDb9UGApCBBQCNqQaAJKEIso57CEJTUQRBjzEF0grTCYBevQZDAzUFQo2DCADCgPgAQA74AoBE+ANSjQcCFrkJQY6bBwEM7wWi2MEKAux/ByJEXQlikckJAIpnAoKhoQYCEA8DAelfCgAOnQUAj6kHQgb7CMMvdQQjTfEKAihfBICjAwQAa8kFwInHCUIsQwkCq2kEUQrPCgHaiwMAb0UD4QErCAC7nvzg2TUKArT5B,0,False,1716271589.4819775,0.049741268157958984
/magnets,AESVPgCgEb4A4Mu9AFiKPgDgS70AcNo9ANh+PgAQg74AoBE9ANSjPgBQPb4A4Es9ALhhPgAQA74AAGm8AD4BQCBzUUEUwIXCANh+PgC0hr4AEAM+ANh+PgBQvb0AAAAAwNUCQWDJk0IgwezBAM9gQCDb9UEAMCBBwJdqQRD7J0LEfp7CYGjUQYBUzEFAcLTCQPquQVCGzUEwhmDCAFiKPgCQ970AeCc+EG6jQSiqrkJwgKbBgPI7wYjTMELA9R/BeL0XQhCdckKAXJnAYG5oQQDLBcA4OVfCcGmnQVC96UEsfr7C0HPdQXD3fEJAUBfBICjAwUBU8kEI/nDC6GYQwrCb2kGQW7PCwIKkwMAy0ED4QErCAEXmv1CGTULgGz5B,0,False,1716271589.5328836,0.05090618133544922
/magnets,APyNPgAA6b0AkPe9AJB3PgBQvb0AAOk9ANh+PgC0hr4AoBE9AIycPgAoU74AAOk8ALhhPgDoGL4AAGm9gG0EQIDKUUHMuIXCALSGPgBwWr4A4Ms9AHBaPgDArr0AwK48YH4CQfikk0KQsuzBAIpjQCDb9UFghyBBQAxrQVgCKEJogp7CsDzUQfBFzEGcbLTC8CWvQcB3zUHAlGDCAOiYPgAQA74A6Bg+EG6jQQiNrkIQKabBYNU7wWDpMELgEiDBMLYXQpjeckJAIpnAwMVoQYBWBcBYVlfCgAOnQQDp6UGIer7C0HPdQQjTfEIAFhfBkBnAwbBF8kHA9nDCMG4QwrCb2kG4RbPCgF+jwMAy0EAgK0rCALvrv8hETUIgVj5B,0,False,1716271589.5836558,0.05077219009399414
/magnets,AIycPgB4J74A6Bi+AIycPgAwoL0AEAM+ANh+PgAAab4AoBE9APyNPgCYRL4AAOk8AOBLPgAINr4AoBG9AMH/P0B5UkG4w4XCABCDPgAQg74AcNo9AHBaPgAA6b0AAOk8QGECQdiHk0KQsuzBAKFiQCDb9UFAaiBBgF1qQVgCKEKwiZ7CQEvUQYBUzEEMXrTCwG6vQZDAzUGgd2DCAPyNPgAA6b0AeCc+wJmjQXCxrkJQY6bBIJs7wWi2MELgEiDBEJkXQhCdckJAIpnAIDRoQYBWBcDIR1fCoCCnQVC96UHkdr7CsFbdQZjhfEJgbRfBcPy/wZAo8kFoVXHCCIQQwtC42kGQW7PCwJmjwIDh0EDYI0rCABfovxBMTULA/j1B,0,False,1716271589.6333416,0.04968571662902832
/magnets,AIycPgDgy70AoBG+ALSGPgAQg70AUL09APyNPgCQd74AwC49AGSyPgCYRL4AAOk8AJB3PgAINr4AwC69AFUAQMAEUkHMuIXCAFiKPgDYfr4AoBE+AChTPgDgy70AAOk7wOwBQex8k0IgwezBgBVjQCDb9UGgwSBBoHpqQajWJ0IAXp7CABHUQUAazEFUZbTCYBevQRBMzUGgd2DCAPyNPgDALr4AoBE+cMWjQTTSrkLAVKbBwEM7wbC9MEKAux/BwMQXQqCrckKAc5jAIDRoQYA/BsA4OVfCYOamQUAj6kHkdr7CYILdQTC9fEKAihfBwNC/wcDf8UEAMXHCUIsQwtC42kFIVLPCAOuiwIDh0EBw/0nCAC7nv8hETUJgkD5B,0,False,1716271589.6832998,0.049958229064941406
/magnets,ABCDPgDoGL4AEAO+ALSGPgBQvb0AcNo9APyNPgC0hr4AAOk8AMCuPgDALr4AAAAAALhhPgDALr4AwC69ANj+P4DKUUG4w4XCAABpPgC0hr4AkPc9AABpPgDArr0AAOk7gLIBQZyok0KQsuzBgFpgQJDM9UEgTSBBwJdqQTAYKEIso57C0FnUQUAazEFgjbTCkM6uQbDdzUF4jWDCANSjPgCgEb4AMCA+4LajQXCxrkJQY6bBgPI7wYjTMELA9R/B6K4XQlDXckKAc5jAgItoQYBWBcAQT1fCMC+nQSAG6kF8Ur7C4PbdQQAGfUJAUBfBAAvAwZAo8kEoG3HCeHUQwvDV2kHYYrPCANSjwMAb0UCwOUrCAKTsv8B3TULA/j1B,0,False,1716271589.733473,0.050173282623291016
/magnets,ADCgPgDALr4AEAO+ANh+PgDArr0AcNo9AKCRPgBYir4AwK48APyNPgBwWr4A4Es9AOBLPgCgEb4AAGm9gMkAQIDKUUEUwIXCANh+PgCQd74AAOk9AABpPgDArr0AAOk8QGECQZyok0JA3uzBgCxiQED49UFghyBBQCNqQVgCKEJogp7CYGjUQbALzEGId7TCQPquQTBpzUF4jWDCAIycPgCgEb4AwC4+MIujQYSmrkKgN6bBgPI7wYjTMELgEiDBUNMXQuiyckKAXJnAAABpQYBWBcA4OVfCMC+nQQDp6UH4a77CEK7dQSjwfEKAihfBcPy/wQAa8kGYDHHCMG4QwtC42kGQW7PCQCWjwABW0UD4QErCAHbuv+CUTUJAcz5B,0,False,1716271589.783616,0.05014300346374512
/magnets,ANSjPgB4J74AkPe9ABCDPgAA6bwAUL09AFiKPgAwoL4AoBE9AIycPgDgS74AwK48AEhwPgDgS74A4Eu9AB38P8AEUkG4w4XCAFiKPgCgkb4AoBE+AOBLPgBQvb0AAOk84PICQRjCk0IApOzBAHNkQAC+9UFghyBBIAZqQYDsJ0J8d57C8HbUQbALzEEse7TCMGCvQVCGzUGgd2DCANSjPgCQ970AMCA+gF+jQSiqrkIQKabB4GA7wWi2MEKg2B/BMLYXQuiyckIA6JjAABdoQQCGCMB4c1fCUEynQYBd6kH4a77CoLzdQei1fELg4RfBQEXAwZAo8kEAMXHCMG4QwpB+2kEUQrPCgHaiwABt0EBASErCAHbuv3hwTUIgVj5B,0,False,1716271589.8336885,0.050072431564331055
/magnets,AESVPgCgEb4AEAO+AOiYPgAA6b0AUL09ANh+PgBYir4A4Es9AHinPgCYRL4AwK48AABpPgBQPb4AAOm7ANj+P2CtUUEAy4XCALSGPgBIcL4AkPc9AJhEPgAwoL0AAAAAwNUCQWiWk0JwlezBgENhQCDb9UEgTSBBANJqQfDdJ0Jogp7CEJTUQTCAzEG8ibTCcLGuQRBMzUF4jWDCAIycPgCQ970AwC4+cMWjQeCirkKgN6bBwCw8wSCvMEKg2B/BUNMXQlDXckIA6JjAABdoQYBWBcBYVlfC8PSmQQDp6UFAc77CMMvdQQAGfUIgMxfBkBnAwcDf8UFQBXHCeHUQwuBS2kHsV7PCAAKiwMAy0EBoMkrCABfov5iNTUIgVj5B,0,False,1716271589.8839011,0.05021262168884277
/magnets,AOiYPgCgEb4AcNq9ABCDPgDALr0A4Ms9AESVPgC0hr4AAGk8AKCRPgDgS74AoBE9AHBaPgAwIL4AwK68gMkAQAA/UkHMuIXCAPyNPgDYfr4AAOk9AABpPgBw2r0AoBE9oLgCQcSSk0IgwezBAM9gQCDb9UFAaiBBIO9qQRD7J0Ige57CEJTUQXDRy0EYhrTCAMCuQeCUzUHgsWDCAIycPgBQvb0AMCA+gF+jQVCUrkKgN6bBAH47wbC9MEKAux/BKOkXQnjBckJAIpnAABdoQYA/BsBgI1fCMC+nQQDp6UH4a77C0HPdQQjTfEJgbRfBUN+/wUBU8kGQP3HCwHwQwgBw2kEATbPCwJmjwMAb0UCwOUrCAOnpv5iNTUIgVj5B,0,False,1716271589.933957,0.05005598068237305
/magnets,APyNPgAwIL4AkPe9AFiKPgDgS70AAOk9ALSGPgCgkb4AoBE9AByrPgBQPb4AwK48AJB3PgDALr4AoBG9AD4BQKDnUUEAy4XCALSGPgAQg74AWAo+AChTPgAwoL0AoBE9ACcCQUCsk0IApOzBALhhQED49UGgwSBBoJFpQegQKEIso57CgIXUQYBUzEG8ibTCYBevQZDAzUHofmDCAESVPgCgEb4AMCA+4LajQbi4rkKAGqbBQLg7wdDaMEJAaiDBUNMXQnjBckIA6JjAgItoQYBWBcDwMVfCMC+nQSAG6kHkdr7CoLzdQQAGfUKAihfBkBnAwbBF8kGYDHHCoF8QwrCb2kE0X7PCgHaiwABW0UAgK0rCAFzlvzBpTUIgVj5B,0,False,1716271589.9841065,0.05014944076538086
/magnets,ADCgPgCYRL4AWAq+ALSGPgCgEb0AMKA9AFiKPgBYir4AAOk8AOiYPgCYRL4A4Es9AEhwPgAwIL4AwK68AO/9PwBWUUFwvIXCALhhPgCgkb4A6Bg+AJhEPgDArr0AoBE9IEQCQbCdk0KQsuzBgCxiQCDb9UGApCBBoHpqQcjzJ0J8d57CIC7UQbALzEGcbLTC8CWvQcB3zUHofmDCANSjPgAwIL4AeCc+EG6jQbi4rkLAVKbBYNU7wYjTMEJAaiDBwMQXQsDIckIA6JjAQFFoQYAoB8CgXVfCYOamQcCu6UFoXb7C8JDdQXD3fEKAihfBYGLAwUBU8kFwInHCwHwQwgBw2kGQW7PCQCWjwECn0EBoMkrCALvrv3hwTUJAcz5B,0,False,1716271590.034386,0.05027937889099121
/magnets,ABCDPgB4J74AkPe9ANh+PgAA6bwAAOk9AFiKPgAQg74AwK48ALSGPgCYRL4AwK48ALhhPgCgEb4AAGm8ANj+P6DnUUFI0oXCABCDPgAQg74A6Bg+AChTPgAQg70AAGk8IEQCQWiWk0IgwezBgFpgQCDb9UEgTSBBwK5pQYDsJ0KQbJ7C0FnUQbALzEGId7TC8CWvQcB3zUFYcGDCAKCRPgDoGL4AUD0+UKijQVy8rkKAGqbB4Ek8wUDMMEIAMCDBWKAXQgjQckLAlpnA4OJoQQDiBMA4OVfCYOamQQDp6UH4a77CoLzdQZjhfEJgbRfBUN+/wUBU8kEgTnHCwHwQwtC42kG4RbPCQDyiwABt0EAADkrCABfov3hwTUIgVj5B,0,False,1716271590.0841985,0.04981255531311035
/magnets,ADCgPgB4J74AcNq9AESVPgDgS70AEAM+AEhwPgDUo74AAOk8AOiYPgAAab4AoBE9AJB3PgDoGL4AEIO9AMH/P+AhUkFwvIXCABCDPgDYfr4AEAM+AABpPgAQg70AoBE9YJUBQWiWk0Kwz+zBAP1eQOCg9UGApCBBoHpqQRD7J0Jogp7CgIXUQfBFzEEse7TCwG6vQTBpzUEwhmDCALSGPgCgEb4AMCA+UKijQfSXrkKQnabB4GA7wfjEMEIgTSDBeL0XQuiyckKAXJnAAABpQQDLBcDIR1fCwD2nQeDL6UEMYb7CEK7dQSjwfEJgbRfBAAvAwaDC8UG4KXHCEFEQwoDk2kFIVLPCAAKiwECn0EBoMkrCALvrv3CjTUIgVj5B,0,False,1716271590.134265,0.050066471099853516
/magnets,ANSjPgDALr4AoBG+AABpPgDgy70AcNo9ALSGPgCgkb4AoBE9ADCgPgCYRL4AoBE9AOBLPgAoU74AAGm8AMH/P4DKUUGYpoXCALSGPgC0hr4AAOk9ANh+PgDgy70AAOk8QGECQfikk0JQeOzBgFpgQOCg9UHg+yBBwJdqQTjlJ0LsaJ7C0FnUQSD9y0FAcLTC8CWvQXCjzUEwhmDCANSjPgDALr4A6Bg+MIujQfSXrkKgN6bBoA88wUDMMELgEiDBwMQXQkgKc0JAIpnAIB1pQYBWBcBgI1fCMC+nQeDL6UGwZL7CEK7dQeDofEIgMxfBMMK/wUBU8kGYDHHCoF8QwrCb2kHsV7PCANSjwABt0EDYI0rCAI3tv+hhTULA/j1B,0,False,1716271590.18435,0.05008506774902344
/magnets,AIycPgDoGL4AEAO+AFiKPgAwoL0AcNo9ANh+PgD8jb4AAOk8AGSyPgAwIL4AwK48AABpPgCgEb4AoJG9AD4BQMAEUkE8qoXCAOiYPgBElb4AAOk9AABpPgAQA74AAOk8ACcCQUCsk0LghuzBAOZfQKBm9UFghyBBANJqQYDsJ0LEfp7CQEvUQbALzEGolLTC0AivQcB3zUEwhmDCANSjPgAQA74AMCA+wJmjQbi4rkLAVKbBYNU7wdinMELA9R/BmNoXQjC6ckLArZjA4OJoQYCEA8CgXVfCYOamQXDa6UHkdr7CMMvdQbj+fEJgbRfBEKW/wUBU8kEoG3HCCIQQwiCN2kF8ZrPCwJmjwMAy0EBoMkrCAC7nv+CUTUIAOT5B,0,False,1716271590.2359316,0.051581621170043945
/magnets,AOiYPgB4J74AEAO+APyNPgCgkb0AUL09APyNPgDYfr4AAOk8AHinPgAoU74AAGk8AHBaPgBQPb4AAGm9AFUAQEB5UkG4w4XCALSGPgC0hr4AcNo9ALhhPgDArr0AAOk7ACcCQVShk0JwlezBALhhQJDM9UFghyBBgF1qQWDPJ0KQbJ7C0FnUQUAazEHwm7TCQPquQXCjzUGgd2DCAIycPgCQ970AMCA+4LajQXCxrkLgcabBQLg7wbC9MEJAgR/BMLYXQsDIckKAXJnAQFFoQYAoB8CAQFfCAHinQeDL6UGIer7CEK7dQZjhfEJAUBfBkBnAwZAo8kGQP3HCeHUQwtC42kGkULPCQA6kwMAb0UD4QErCAADpv1CGTUIAOT5B,0,False,1716271590.2852197,0.049288034439086914
/magnets,ADCgPgDoGL4AAOm9ABCDPgAAab0AMKA9AESVPgCQd74AAOm7AESVPgC4Yb4AwC49ABCDPgCYRL4AAAAAgLIBQIDKUUEAy4XCAESVPgC0hr4AWAo+ALhhPgAQg70AAGk84AkCQfikk0LghuzBgBVjQLDp9UGgwSBBwJdqQYDsJ0LEfp7CgIXUQYBUzEFgjbTCAMCuQTBpzUFYcGDCAIycPgCQ970AMCA+8FCjQRS1rkIQKabBIIQ8wdDaMELA9R/BMLYXQgjQckKAXJnAAABpQYBWBcDoZFfCwD2nQVC96UG8jL7CEK7dQei1fEJgbRfBAAvAwTDR8UG4KXHCeHUQwiCN2kG4RbPCANSjwABt0EBIFUrCAADpv3hwTULgGz5B,0,False,1716271590.3352928,0.05007314682006836
/magnets,AFiKPgDoGL4AcNq9APyNPgCgkb0AkPc9ALSGPgCgkb4AAGk8ANSjPgAoU74AoBE9AABpPgAINr4AoBG9gLIBQGCWUkFwvIXCAKCRPgDYfr4AWAo+AAg2PgDArr0AwC49IEQCQeSvk0KQsuzBAM9gQKBP9kFghyBBANJqQTjlJ0LsaJ7C8HbUQWA3zEE4o7TC0AivQRBMzUF4jWDCAGSyPgDALr4AwC4+4LajQTyfrkLgcabBAH47wfjEMELA9R/B6K4XQlDXckLAlpnA4OJoQQDiBMDIR1fCMC+nQcCu6UFAc77CwNndQVDafEJAUBfBQEXAweD88UGQP3HCwHwQwkCq2kG4RbPCgF+jwABW0UAgK0rCAI3tv1CGTUIgVj5B,0,False,1716271590.3849313,0.04963850975036621
/magnets,AEhwPgCYRL4AcNq9ANh+PgAwoL0AAOk9AESVPgD8jb4AwC49ADCgPgCYRL4A4Es9AJhEPgAwIL4AoBG9gMkAQOAhUkG4w4XCANh+PgDYfr4AEAM+AHBaPgBw2r0AwK48IEQCQYizk0IgwezBgENhQLDp9UFAaiBBANJqQRD7J0Jogp7C0FnUQRBjzEGolLTC8CWvQcB3zUGgd2DCAESVPgAQA74AeCc+gF+jQayQrkIwRqbBYNU7wfjEMEIAMCDBWKAXQsiVckJAIpnAABdoQQDiBMBgI1fC8PSmQSAG6kEgVr7C8JDdQQjTfEJgbRfBICjAwUBU8kGYDHHCUIsQwvDV2kF8ZrPCQCWjwID4z0D4QErCAOnpvwh/TUIgVj5B,0,False,1716271590.4358952,0.0509638786315918
/magnets,APyNPgDoGL4AWAq+AABpPgDALr0AAOk9AJB3PgBIcL4A4Es9AHinPgDgS74AAOk8AChTPgB4J74AEIO9gMkAQCBcUkFwvIXCAFiKPgBIcL4AcNo9AOBLPgDArr0AAGk8IC0DQbCdk0Kwz+zBAHNkQCDb9UFghyBBYEBqQTjlJ0LEfp7CwL/UQZDuy0HQfrTCEEOvQcB3zUHAlGDCAOiYPgCgEb4ACDY+ANSjQXCxrkIQKabBYNU7wSCvMELgEiDBEJkXQnjBckLArZjAAABpQQC0BsDAelfCQMmmQXDa6UGcb77CIEjdQXD3fEKAihfBYGLAwUBU8kG4KXHCMG4QwiCN2kFcSbPCQCWjwIDh0ECwOUrCANLqvzg2TUJgkD5B,0,False,1716271590.4860213,0.050126075744628906
/magnets,AKCRPgB4J74AcNq9ALSGPgCQ970A4Ms9APyNPgD8jb4AoBE9AGSyPgCYRL4AAGk8AJB3PgAA6b0AoBG9ACcCQAA/UkFI0oXCANh+PgC0hr4AEAM+AEhwPgBQvb0AAGk9oLgCQQyak0JwlezBgFpgQJDM9UFghyBBQCNqQaAJKELYc57CYGjUQUAazEF0grTCQPquQQCyzUGgd2DCAPyNPgAwIL4AUD0+EG6jQayQrkKwuqbBAH47wRjiMELA9R/BMLYXQnjBckLArZjAIB1pQYBtBMDwMVfCoCCnQZD36UFAc77C8JDdQSjwfEIgMxfBMMK/wdBi8kGQP3HCwHwQwiCN2kGkULPCgF+jwMAy0ECwOUrCABfovwh/TULA/j1B,0,False,1716271590.5356395,0.04961824417114258
/magnets,AHinPgBQPb4AcNq9AEhwPgCgEb0AUL09AKCRPgC0hr4AAOk7ANSjPgDgS74AAOk8AJB3PgAINr4AAGm8AD4BQMAEUkFwvIXCAJB3PgBYir4AoBE+AFA9PgDgy70AwK48IEQCQQyak0IApOzBgBVjQMCD9UFghyBBIAZqQaAJKELYc57CkB/UQfBFzEEse7TC8CWvQRBMzUF4jWDCADCgPgCgEb4AwC4+ANSjQTyfrkIAj6bBYNU7wSCvMEJgnh/BmNoXQuiyckIA6JjAYG5oQQDiBMCgXVfCoCCnQVC96UHQgb7CYILdQXD3fEJgbRfBAAvAwUBU8kHA9nDCEFEQwmDH2kGQW7PCwJmjwACEz0D4QErCALvrvxBMTULgGz5B,0,False,1716271590.5857046,0.050065040588378906
/magnets,AIycPgAwIL4AoBG+ABCDPgAAab0AAOk9ANh+PgBYir4AwC49ADCgPgDgS74AwC49AHBaPgCYRL4AAGm8ANj+P+AhUkG4w4XCALSGPgBYir4AAOk9AABpPgCgkb0AAGk8QGECQXyLk0JwlezBAM9gQHCv9UGgwSBBQCNqQRD7J0I0cJ7CEJTUQXDRy0Hkc7TC8CWvQcB3zUEInGDCADCgPgB4J74AeCc+gF+jQeCirkJwgKbBoCY7wSCvMELgEiDBUNMXQuiyckLAlpnA4OJoQQCdB8BYVlfC4FqnQRCD6UEMYb7CoLzdQdgbfUJAUBfBAAvAwQAa8kEAMXHCeHUQwiCN2kHYYrPCwLCiwABt0EC4BkrCAADpvzBpTULA/j1B,0,False,1716271590.6354325,0.0497279167175293
/magnets,ANSjPgDArr0AEAO+ANh+PgBQvb0A4Ms9AJB3PgDYfr4AwK48ADCgPgCYRL4AwC49AHBaPgCYRL4AAOk7AAb9PwA/UkF85IXCAFiKPgAQg74AAOk9AABpPgDgy70AAOm7YH4CQUCsk0Kwz+zBgCxiQCDb9UEAGSFB4LRqQWDPJ0LYc57C0FnUQUAazEEYhrTC0AivQcB3zUEwhmDCAOiYPgDoGL4ACDY+ANSjQbi4rkLAVKbBIJs7wdDaMEKg2B/BwMQXQnD0ckIA6JjAoKhoQQAnAsDIR1fC8PSmQSAG6kFAc77C8JDdQQAGfUIAFhfBcPy/wSA38kFwInHCMG4QwiCN2kFcSbPCwIKkwECn0ECwOUrCAEXmv3hwTUIgVj5B,0,False,1716271590.6854467,0.05001425743103027
/magnets,ALSGPgAwIL4AkPe9AEhwPgDgS70AwK49AFiKPgBYir4AAGk9ANSjPgAoU74AwK48AChTPgCgEb4AAGm8AMH/P0B5UkEg6IXCABCDPgBIcL4AkPc9ABCDPgAQA74A4Es9IFsBQbCdk0LghuzBgENhQNAG9kHA3iBB4LRqQfDdJ0LYc57CYGjUQUAazEGolLTCMGCvQQCyzUEwhmDCANSjPgBYCr4AwC4+oHyjQaTDrkJQY6bBYNU7wUDMMEIgTSDBMLYXQsDIckJAC5rAwMVoQYARCMDwMVfCMC+nQeDL6UGcb77CUOjdQQAGfUKAihfBoLO/wZAo8kHA9nDCWFgQwtC42kFcSbPCwIKkwIDh0EDYI0rCAADpvzBpTUJAcz5B,0,False,1716271590.7359295,0.050482749938964844
/magnets,AOiYPgCQ970AEAO+AESVPgDgS70AkPc9ALSGPgBElb4AAOk8AESVPgBQPb4AwC49AABpPgAQA74AwC69gMkAQOAhUkGkzoXCALhhPgCQd74A4Ms9AJhEPgCgkb0AAAAAQGECQZyok0LghuzBAGpGQEA66UHAZRFBwJdqQTAYKEKQbJ7CkB/UQXDRy0F0grTCkM6uQXCjzUGgd2DCAHinPgAA6b0AMCA+cMWjQcytrkLAVKbBwCw8wfD3MEIAMCDBmNoXQlDXckLAlpnA4OJoQQDLBcCAQFfCYOamQZD36UFAc77CQGXdQXD3fEJAUBfBwNC/wUBU8kEAMXHCcKgQwiCN2kFIVLPCwJmjwABW0UBASErCAC7nv5iNTULgGz5B,0,False,1716271590.7861094,0.05017995834350586
/magnets,APyNPgAwIL4AcNq9ANh+PgDgS70AEAM+AEhwPgAQg74AwK48AIycPgDgS74AAGk8AABpPgAINr4AwK68AO/9P8AEUkFI0oXCAEhwPgBIcL4AAOk9AChTPgAA6b0AAAAA4AkCQcSSk0LwZenBAOPVP2DVO0HgmRBBgF1qQeBDKEKIn57CMLHUQTCAzEEYhrTCEEOvQVCGzUGYqmDCANSjPgCgEb4AeCc+sP+jQeCirkLAVKbBwCw8wWi2MELgEiDBwMQXQqCrckJAIpnAoKhoQQCdB8BYVlfCgAOnQaCR6UH4a77CEK7dQeDofEKgpxfBsDbAwSA38kEgTnHCwHwQwvDV2kHsV7PCwJmjwECn0EDYI0rCAADpv3hwTUKg4T1B,0,False,1716271590.8358817,0.04977226257324219
/magnets,AKCRPgDoGL4AcNq9AESVPgAwoL0AEAM+ANh+PgC0hr4A4Es9AKCRPgDALr4AwK48AABpPgDALr4AwC69AMH/P6DnUUE03YXCANh+PgDYfr4AkPc9ANh+PgDgy70AAOk74CABQXyLk0KQJejBgM8UQEBL1ECAueZAgF1qQZBvKEKwiZ7CIBfVQbD0zEHwm7TC8CWvQYA9zUF4jWDCAKCRPgBYCr4AeCc+kOKjQSiqrkJQY6bBwEM7wSCvMELA9R/BgIoXQlikckJAC5rAYG5oQQC0BsB4c1fCwD2nQSAG6kGcb77C8JDdQZjhfEJAUBfBICjAwQAa8kHYRnHC6GYQwrCb2kHsV7PCANSjwECQ0UAADkrCALvrv5iNTULA/j1B,0,False,1716271590.8858886,0.050006866455078125
/magnets,APyNPgDoGL4AkPe9ALSGPgAwoL0AkPc9AFiKPgBYir4AAOk8ANSjPgCYRL4AAOk8ALhhPgAwIL4AAGm9AO/9P+AhUkHgrYXCAESVPgC0hr4AoBE+AABpPgAwoL0AwK48IHIAQex8k0LA3OfBAI+mP4DmE0AAlTpAIB1pQZBvKEK4Vp7CkAjVQbD0zEFgjbTCIN2uQRA1zkFQo2DCAESVPgAA6b0AMCA+oHyjQZibrkIwRqbBAH47wfjEMEJgnh/BMLYXQpjeckLAlpnA4OJoQQC0BsDAelfC4FqnQVC96UGIer7CwNndQQAGfUKAihfBcPy/wZAo8kG4KXHCmJIQwpB+2kGQW7PCgI2hwABW0UDYI0rCAADpv6BaTUIAOT5B,0,False,1716271590.9361758,0.05028724670410156
/magnets,AKCRPgDgS74AcNq9AKCRPgAA6b0AUD0+AOiYPgCgkb4AwK48AMCuPgDALr4AAOk8AABpPgCYRL4AwK68gLIBQOAhUkGkzoXCAFiKPgD8jb4A6Bg+AChTPgCQ970AoBE9gMkAQTSEk0Kgv+fBAMZCPwB+uz8AnYc/oHpqQUCbKEJ8d57CkAjVQXC6zEE4o7TCsOuuQZDAzUHofmDCAIycPgAA6b0AWAo+oHyjQeCirkIwRqbBQLg7wSCvMEJgnh/BMLYXQjiHckIA0ZnAoKhoQYAoB8DoZFfCEBKnQXDa6UGIer7C8JDdQZjhfELAxBfBMMK/wQAa8kFwInHC6GYQwiCN2kHsV7PCANSjwMAy0EAgK0rCANLqvzBpTULgGz5B,0,False,1716271590.9860866,0.049910783767700195
/magnets,AKCRPgAwIL4A4Mu9ADCgPgAAab4AkHc+AFiKPgBElb4AwK48AMCuPgDALr4AwK48ALhhPgDALr4AAGm9AMH/P6DnUUEotYXCANh+PgBElb4AWAo+AOBLPgCQ970AAGk8QI8AQex8k0IAF+jBAADpPgA0+z4APMg+YEBqQShLKEI0cJ7CAPrUQYBUzEF0grTCcJqvQZDAzUHgsWDCAIycPgCgEb4AMCA+8FCjQfSXrkJwgKbBYNU7wWi2MEKAux/ByJEXQsDIckLAlpnAoKhoQYBWBcDIR1fCoCCnQeDL6UFAc77CYILdQbj+fEJgbRfBAAvAwSA38kGYDHHCKKEQwlBE2kHsV7PCAOuiwECn0EAgK0rCANLqv1CGTUIAOT5B,0,False,1716271591.0362236,0.05013704299926758
/magnets,APyNPgDoGL4AAOm9AFC9PgDaN78AmEQ+AOiYPgBYir4AAOk8AOiYPgC4Yb4AAOk8AABpPgAwIL4AwC69AD4BQGCWUkGQ2YXCAPyNPgCQd74AkPc9AABpPgCgkb0AwK48YKwAQfikk0IgNOjBAMCuPgDgSz0AEIM+IO9qQUhoKELsaJ7CAPrUQeCrzEGolLTC0AivQUDszUHAlGDCAPyNPgCQ970AMCA+wJmjQQDArkKAGqbBIJs7wSCvMEKAux/B4OEXQrj7ckLArZjAYG5oQQBvCcAQT1fC4FqnQZD36UHkdr7CIEjdQXjEfEKAihfBsDbAwXAL8kFwInHCoF8QwmDH2kGkULPCwLCiwACEz0CQHErCAADpv3hwTUIgVj5B,0,False,1716271591.0863025,0.0500788688659668
/magnets,ALSGPgBYCr4AwK69ABYXPwBf778A7iy/AFiKPgDYfr4A4Es9AGSyPgDALr4AwK48AKCRPgDALr4AwK68AD4BQGCtUUFcx4XCAABpPgAAab4AAOk9AHBaPgAA6b0AwK48wBoAQbCdk0KQJejBAByrPgAA6b0AmEQ+wJdqQZBvKEIMhp7CQDTVQeCrzEEEkbTCEEOvQZDAzUEInGDCAAi2PgAA6b0AWAo+IAijQVCUrkJA4KXB4Ek8wdinMELA9R/BYG0XQrgSckIAuprAAABpQYAoB8BQiVfCAHinQcCu6UF0hb7CgJ/dQdgbfUKAihfBkBnAwcDf8UGQP3HCwHwQwgBw2kEATbPCANSjwID4z0AgK0rCALvrv8B3TUIgVj5B,0,False,1716271591.1375086,0.051206111907958984
/magnets,AFiKPgAwIL4AAOm9AMAuPwAcK8AAP1LAAFiKPgC0hr4A4Es9AByrPgDALr4AAGk9AHBaPgAwIL4AwC69gMkAQKDnUUG4w4XCAKCRPgCQd74AAOk9AChTPgCQ970AAGk8wAMBQZCAk0JgbujBADCgPgCgEb4AoBE+YClrQeBDKEJ8d57CUM7UQaBxzEHwm7TC0AivQbDdzUHAlGDCADCgPgAA6b0AeCc+gF+jQezKrkIwRqbBgPI7wSCvMEKg2B/B6K4XQuiyckLArZjAwMVoQQDLBcA4OVfCAHinQcCu6UFAc77CoLzdQTC9fEIAFhfBICjAwSA38kFoVXHCUIsQwpB+2kGkULPCgF+jwID4z0D4QErCANLqv1CGTULgGz5B,0,False,1716271591.1865056,0.048996925354003906
/magnets,AABpPgB4J74AEAO+AAIiPwCpr7/ASc/AAKCRPgC0hr4AAOk8AIycPgDgS74A4Es9ANh+PgAwIL4AoBG9AD4BQMAEUkGkzoXCANh+PgDYfr4AEAM+AChTPgDgy70AAGk84CABQdC6k0JAUejBANSjPgBQPb4AeCc+oHpqQSB+KELEfp7CAPrUQZDXzEFMmLTCQPquQXCjzUEwhmDCAFC9PgAwIL4AMCA+MIujQYSmrkLgcabBwCw8wWDpMEJghyDBwMQXQnjBckKAXJnAQDppQYCEA8BYVlfCAHinQeDL6UHwnr7CIEjdQQjTfEKgpxfBEKW/weD88UFQBXHCCIQQwmDH2kEATbPCgEikwECn0EAADkrCANLqvzBpTUJAcz5B,0,False,1716271591.2367508,0.05024528503417969
/magnets,ABCDPgDALr4AMKC9AMzWPgCgET3ASwjBAIycPgDomL4AAGk9AOiYPgAoU74AAOk8AJB3PgAwIL4A4Eu9ABADQIDKUUE03YXCAFiKPgC0hr4A6Bg+AJB3PgDArr0AAOk7wAMBQcSSk0KwQujBANSjPgC4Yb4AMCA+oHpqQXBSKEJwT57CUM7UQXC6zEGolLTCwG6vQQCyzUEInGDCAIycPgBYCr4AwC4+8FCjQcytrkIQKabBQLg7wUDMMEIAMCDBWKAXQvB/ckLAaJvAAABpQYA/BsCgXVfCMC+nQQDp6UHQgb7CABTeQQAGfUKAihfBsDbAwbBF8kG4KXHCeHUQwvDV2kGkULPCgF+jwECn0EBASErCAI3tv4A9TUKg4T1B,0,False,1716271591.2866316,0.0498807430267334
/magnets,AJB3PgAQA74AkPe9ACoMPwDoGEBgWSLBAPyNPgBYir4AAGk9AGSyPgCYRL4AwC49ALhhPgDgS74AwK68gLIBQIDKUUFcx4XCADCgPgC0hr4AWAo+AABpPgBw2r0AwK48QI8AQTSEk0JgbujBAPyNPgC4Yb4AoBE+wJdqQShLKEKwiZ7CAPrUQcCOzEFMmLTC8CWvQSDPzUF4jWDCAOiYPgAQA74AMCA+MIujQWSJrkLAVKbBAH47wWDpMELA9R/B6K4XQkBUckJA9JrAoKhoQQDLBcBYVlfCEBKnQXDa6UFUaL7C8JDdQXD3fELg4RfB4O2/wUBU8kFwInHCMG4QwrCb2kFwPrPCgF+jwMAE0kBoMkrCAKTsv8B3TUKgyj5B,0,False,1716271591.3370588,0.05042719841003418
/magnets,AABpPgDoGL4AcNq9ACXJP4CiZ0CgmTbBAPyNPgD8jb4A4Es9AESVPgDALr4AwC49AABpPgAwIL4AAGm8ACcCQAA/UkHMuIXCABCDPgDYfr4A6Bg+AHBaPgAQg70AAAAA4CABQSCPk0IgNOjBAAi2PgAoU74A6Bg+4LRqQWiFKEIMhp7CkAjVQQDJzEGUn7TCcJqvQRA1zkHAlGDCAHinPgDoGL4ACDY+gF+jQYSmrkJQY6bBIJs7wbC9MEKg2B/BeL0XQrj7ckJAIpnA4OJoQYBWBcAwbFfCEBKnQeDL6UHEWb7CgJ/dQTC9fEIgHBjBsDbAwXAL8kEoG3HC6GYQwgBw2kEUQrPCAOuiwMAb0UCwOUrCALvrv1CGTUIAOT5B,0,False,1716271591.387885,0.050826311111450195
/magnets,ANh+PgCgEb4AkPe9gPhPQEAuwUDAv1TBAESVPgBElb4A4Es9AESVPgAINr4AAOk8AABpPgDALr4AwK68AMH/P+AhUkEotYXCANh+PgCQd74AkPc9AChTPgDArr0AwK48AD4BQaR1k0KQJejBAByrPgBIcL4AWAo+4LRqQZBvKEL4kJ7CsCXVQeCrzEHIsbTCYBevQXCjzUGgd2DCAKCRPgBYCr4AoBE+oHyjQXCxrkJAyabBIJs7wfjEMEJAgR/BoKcXQqh4ckJAC5rAoKhoQQCGCMAQT1fC0NemQSAG6kHQgb7CEK7dQXjEfELg4RfBcPy/wSA38kEoG3HCEFEQwkCq2kG4RbPCgHaiwID4z0CwOUrCAC7nv8B3TUKg4T1B,0,False,1716271591.4369192,0.04903411865234375
/magnets,AJB3PgBYCr4AEIO9AITPQMCQBUEgfqjBALSGPgBYir4AAGk9AByrPgAINr4A4Es9AABpPgDALr4AAGm9gMkAQCBcUkHMuIXCAOiYPgBYir4AcNo9ALhhPgAwoL0AAOk8AD4BQQyak0IAF+jBAByrPgAoU74AEAM+YClrQeBDKEKQbJ7CQDTVQZDXzEFMmLTCgDSvQUDszUEwhmDCAOiYPgAA6b0AUD0+kOKjQcCFrkJwgKbBAH47wUDMMEKg2B/BCMwXQjC6ckJAC5rAIDRoQYAoB8DoZFfCoCCnQcCu6UFUaL7CoLzdQSAjfUIgMxfBUN+/wXAL8kGQP3HCMG4QwlBE2kGQW7PCAOuiwMAb0UCwOUrCAKTsv5iNTUJAcz5B,0,False,1716271591.4879875,0.05106830596923828
/magnets,ALSGPgBQPb4AEIO9QFw/QcCXakEQhSLCANh+PgD8jb4AAGk9AHinPgBQPb4AAOk8ANh+PgCgEb4AMKC9gMkAQEB5UkFwvIXCAJB3PgCQd74AkPc9AEhwPgDgy70A4Es94CABQfikk0KQJejBAKy5PgAoU74ACDY+YEBqQQBhKEJIZZ7CIBfVQRBjzEEEkbTCMGCvQQCyzUEouWDCANSjPgCgEb4AUD0+4LajQaTDrkIQKabBoA88wfjEMELA9R/BeL0XQqCrckKAXJnAwMVoQYA/BsDoZFfCoCCnQTCg6UEsfr7CEK7dQSjwfEJAUBfBICjAwbBF8kG4KXHCeHUQwmDH2kGkULPCgHaiwABt0ECQHErCAF/vv+CUTUIgVj5B,0,False,1716271591.5371506,0.049163103103637695
/magnets,AABpPgDoGL4A4Mu9QADDQABLekGAFJLCABCDPgCQd74AwK49AIycPgBQPb4AAOk8ABCDPgAINr4AoBG9AO/9PwBWUUGQ2YXCAFiKPgC0hr4AoBE+AChTPgBQvb0AAOk8YKwAQZyok0JgbujBAMCuPgAoU74AWAo+YEBqQUhoKEKwiZ7CsCXVQeCrzEGId7TCYBevQdD6zUFQo2DCAIycPgDoGL4AMCA+gF+jQZibrkLgcabBQLg7wdinMEJgnh/BeL0XQkgKc0KAc5jAoKhoQQCdB8DoZFfC4FqnQeDL6UGcb77CUOjdQbj+fEKgpxfBUN+/wXAL8kEoG3HCUIsQwrCb2kEATbPCQA6kwABt0EBASErCABfovzBpTUIAOT5B,0,False,1716271591.5871353,0.04998469352722168
/magnets,ANh+PgDoGL4A4Mu9QLWxQIDTb0Gg7JTCANh+PgDYfr4A4Es9AKCRPgAINr4AwK48AHBaPgDoGL4AAOm8ANj+PwD6VEH0ooXCAABpPgDYfr4AEAM+AHBaPgAQA74AAOk8YKwAQQyak0IAF+jBAESVPgBIcL4AeCc+oHpqQZBvKEL4kJ7CAPrUQYBUzEGcbLTCQPquQSDPzUEInGDCAHinPgDoGL4ACDY+wJmjQXCxrkIwRqbBoA88wWDpMEKAux/BWKAXQsiVckJAIpnAoKhoQQC0BsAQT1fCEBKnQeDL6UF0hb7CABTeQWgqfULg+BbB4O2/wUBU8kFIOHHC6GYQwgBw2kFIVLPCQDyiwIDh0EAgK0rCAADpvwh/TUIAOT5B,0,False,1716271591.6373532,0.05021786689758301
/magnets,ABCDPgAwIL4A4Mu9QDmYQGBDdEHMSJTCALSGPgC0hr4AoJE9AESVPgCYRL4AAOk8ANh+PgBQPb4AAOm8gJsCQOAhUkFcx4XCANh+PgD8jb4AEAM+AChTPgBw2r0AAAAAYKwAQXyLk0JAUejBAKy5PgD8jb4AMCA+QAxrQWiFKEIge57CYFHVQXC6zEFgjbTCEEOvQYAmzkF4jWDCAPyNPgBYCr4ACDY+EG6jQaTDrkIwRqbBoA88wfjEMEKAux/BeL0XQsiVckIAuprAwMVoQYARCMCgXVfCAHinQeDL6UFUaL7CMMvdQXD3fEJgVhjBAAvAweD88UFwInHCeHUQwtC42kFcSbPCQCWjwIDh0ECobErCANLqv+CUTUJgkD5B,0,False,1716271591.687487,0.050133705139160156
/magnets,AJB3PgB4J74AwK69wBjHQMBDO0EscpbCAPyNPgBYir4AAGk9AMCuPgAINr4AoBE9ALhhPgCgEb4AAOm8ACcCQOAhUkEotYXCAKCRPgDYfr4AkPc9ALhhPgDArr0AAGk8wAMBQVxuk0KQJejBAByrPgAAab4AeCc+IO9qQZBvKEKwiZ7CEJTUQeCrzEHQfrTC8CWvQZDAzUF4jWDCAIycPgCgEb4AeCc+sBajQSiqrkLgcabBwEM7wSCvMELgEiDBcPAXQkA9c0JAOZjAIDRoQQCdB8AQT1fCYOamQZD36UFAc77C8JDdQXD3fEJgbRfBUN+/wQAa8kEoG3HCwHwQwhDz2kFwPrPCANSjwECn0EDYI0rCANLqvwh/TUIgVj5B,0,False,1716271591.737472,0.04998517036437988
/magnets,APyNPgAwIL4AUL29oAp5QYBLLkGYe5HCAKCRPgAAab4AAGk9AHinPgCYRL4AAGk8AChTPgDALr4AAOm8gMkAQEB5UkHs1YXCABCDPgAQg74AWAo+ALhhPgDArr0AAOk7QHgBQQyak0IgNOjBAMCuPgBYir4AMCA+IO9qQShLKEKwiZ7C4NzUQeCrzEHwm7TCgDSvQUDszUHofmDCADCgPgBYCr4AwC4+8FCjQcytrkIwRqbBgAk7wbC9MEKAux/BgIoXQohbckJA9JrAoKhoQQC0BsAQT1fCoCCnQdAx6kFUaL7CoLzdQei1fEKAihfBMMK/wbBF8kFIOHHCeHUQwkCq2kF8ZrPCQA6kwMAy0EDYI0rCABfov6BaTUKAxD1B,0,False,1716271591.787646,0.05017399787902832
/magnets,AFiKPgCgEb4AcNq9cJelQcCnBEG8UpjCANh+PgCQd74AoJE9AHinPgAINr4AAGk8AFA9PgAwIL4AAOm8AFUAQECQUUEotYXCAKCRPgDYfr4AkPc9ABCDPgAwoL0AAGk8IFsBQdiHk0JwCOjBADCgPgC4Yb4AmEQ+IO9qQbCMKEL4kJ7CsCXVQaBxzEHQfrTCgDSvQUDszUEInGDCAESVPgCgEb4AmEQ+UKijQcytrkIAj6bB4GA7wWi2MEKg2B/BUNMXQijtckJAIpnA4OJoQQCdB8DoZFfCEBKnQUAj6kHkdr7CUOjdQeDofEIA/xfB4O2/wQAa8kEI/nDCCIQQwtC42kGQW7PCgF+jwEB50kAgK0rCAADpv6BaTUJAcz5B,0,False,1716271591.8381782,0.05053210258483887
/magnets,ANh+PgAINr4AEIO9ANetQYDW+UAM+ZnCAPyNPgBYir4AAOk8ADCgPgBQPb4A4Es9AABpPgDALr4AoBG9AO/9P2CtUUFI0oXCAABpPgAQg74AkPc9AOBLPgBQvb0AwK48gMkAQQByk0KQJejBAIycPgDYfr4A6Bg+4LRqQdh2KEL4kJ7C4NzUQaBxzEEEkbTCEEOvQUDszUEwhmDCAKCRPgBw2r0AwC4+UKijQRS1rkLAVKbBwCw8wfjEMELA9R/BEJkXQjC6ckLAlpnAQDppQYARCMB4c1fCcGmnQeDL6UFAc77CMMvdQQjTfEKAihfBwNC/wXAL8kHYRnHC6GYQwiCN2kFIVLPCANSjwECn0ECwOUrCAF/vvyicTUKAxD1B,0,False,1716271591.8883805,0.050202369689941406
/magnets,AOiYPgAA6b0AoJG98DyuQcAn+UCcB5rCAIycPgCgkb4AMKA9AByrPgCYRL4AwK48ABCDPgB4J74AAOm8ANj+P0B5UkHs1YXCALSGPgC0hr4AWAo+AHBaPgBw2r0AwK48YKwAQWiWk0KQJejBANSjPgAoU74AwC4+wJdqQZBvKEKwiZ7CoKLUQSDmzEGolLTCgDSvQcB3zUF4jWDCAESVPgDgy70AMCA+wJmjQZibrkJwgKbBYNU7wZCgMEJgnh/BGGYXQtgvckJA9JrAwMVoQYBtBMDAelfCcGmnQaCR6UFUaL7CMMvdQbj+fELg4RfBcPy/wVDu8UHgE3HCUIsQwgBw2kEATbPCgEikwMAy0EAgK0rCAKTsv8B3TUIgVj5B,0,False,1716271591.9382925,0.0499119758605957
/magnets,APyNPgCgEb4AMKC9sAKuQQBi+UBo9ZnCABCDPgCgkb4AAOk8ADCgPgDoGL4AoBE9AJhEPgAINr4AAGm8ANj+P6DnUUEUwIXCAESVPgC4Yb4AWAo+ANh+PgCgkb0AwK48gMkAQVxuk0IgNOjBAESVPgAAab4AMCA+YEBqQfiTKEIMhp7CAPrUQQDJzEF0grTCgDSvQWAJzkGgd2DCAOiYPgAwIL4AeCc+UKijQehvrkIQKabBwCw8wfjEMEIgTSDBeL0XQnD0ckLAlpnAAABpQYARCMDoZFfCcGmnQcCu6UHQgb7CUOjdQTC9fEJgbRfBkBnAwcDf8UEoG3HCeHUQwpB+2kGQW7PCgF+jwID4z0CwOUrCANLqv8B3TUIgVj5B,0,False,1716271591.9885547,0.0502622127532959
/magnets,AESVPgDALr4A4Mu9QBGuQYAE+EDkDprCABCDPgDomL4AEIM9AByrPgB4J74AAOk8AHBaPgDoGL4AAOm8gMkAQOAhUkFwvIXCABCDPgDYfr4AoBE+AJhEPgAAab0AAGk8gLIBQZCAk0JwCOjBANSjPgAQg74A6Bg+ANJqQfiTKEL4kJ7C8F/VQXC6zEE4o7TC0AivQbDdzUHAlGDCAESVPgCgEb4AeCc+EG6jQcytrkKQnabBoA88wRjiMEIARx/BoKcXQjiHckIAuprAwMVoQYA/BsAon1fCUEynQQDp6UEYib7CEK7dQZjhfELg4RfBYGLAwVDu8UGg2XDCCIQQwhDz2kEATbPCwJmjwECn0EBoMkrCAOnpvzg2TULgGz5B,0,False,1716271592.038044,0.04948925971984863
/magnets,AOiYPgDALr4AMKC9kOWtQcAn+UCw/JnCANh+PgCgkb4AwK49AByrPgB4J74AAOk8ALSGPgDoGL4AwC69AFUAQMAEUkFI0oXCALSGPgDYfr4AkPc9AEhwPgDArr0AAAAAwAMBQdiHk0KwQujBAKCRPgCQd74AMCA+4LRqQUhoKEJUjZ7CcOvUQXC6zEGId7TCYBevQXCjzUHofmDCAOiYPgCgEb4AeCc+oHyjQRyCrkIwRqbBwEM7wbC9MEKg2B/BOIMXQkBUckLAf5rAQFFoQYAoB8DAelfCkIanQQDp6UH4a77CoLzdQSjwfEIA/xfB0FPAwZAo8kEAMXHCoF8QwtC42kHEbbPCANSjwACEz0AgK0rCAHbuv6BaTUJAcz5B,0,False,1716271592.088404,0.05035996437072754
/magnets,ANSjPgAQA74AMKC9IPStQcAn+UBUAJrCAESVPgCgkb4AoBE9AGSyPgCYRL4AAGk9AABpPgB4J74AwC69gLIBQIDKUUHMuIXCAPyNPgCQd74A6Bg+AHgnPgAA6b0AAGk8wAMBQXyLk0IAF+jBAOiYPgBwWr4AoBE+wJdqQSB+KELkm57CsCXVQZDXzEF0grTCwG6vQWAJzkEwhmDCAIycPgAQA74AeCc+cMWjQSDdrkKgN6bB4GA7wYjTMELA9R/BuPcXQpjeckKAXJnAAABpQYBWBcDAelfCEBKnQeDL6UGIer7CACvdQcDLfEIA/xfBkBnAwQAa8kFwInHCoF8QwrCb2kE0X7PCwLCiwABW0UAgK0rCAOnpvwh/TUKAxD1B,0,False,1716271592.1388154,0.05041146278381348
/magnets,AESVPgBYCr4AoJG9EFquQUCz+EAsFprCAJB3PgDYfr4AwC49AIycPgC4Yb4AoBE9AChTPgDoGL4AwC69ABADQMAEUkFcx4XCANh+PgC0hr4AEAM+AEhwPgDArr0AwK48gMkAQdiHk0KQJejBANSjPgAAab4A6Bg+gF1qQUhoKELkm57CEJTUQcCOzEFAcLTCAMCuQWAJzkEInGDCAKCRPgBQPb4ACDY+UKijQcytrkJwgKbBAH47wUDMMELA9R/BEJkXQvhMckKALpvAoKhoQQC0BsB4c1fC4FqnQXDa6UGcb77CYILdQbj+fEKgpxfBAAvAwQAa8kG4KXHCMG4QwhDz2kEUQrPCwJmjwECn0EBoMkrCALvrv+hhTUIgVj5B,0,False,1716271592.188465,0.049649715423583984
/magnets,AOiYPgCQ970AEIO9YC6uQYAE+EDQGZrCAESVPgBYir4AEIM9AByrPgBwWr4AwK48AEhwPgCgEb4AoBG9AFUAQAA/UkFI0oXCAIycPgDYfr4A4Ms9AHBaPgDgS70AAOm7wAMBQSCPk0JAUejBAHinPgCQd74AMCA+ANJqQSB+KEIAXp7CAPrUQbD0zEF0grTCoFGvQQCyzUF4jWDCAFiKPgDoGL4AeCc+oHyjQcytrkLAVKbBYNU7wfjEMEKg2B/BEJkXQrBFckJA9JrAwMVoQQCdB8AIglfCUEynQaCR6UFgkL7CoLzdQQjTfEJgVhjBUN+/wbBF8kFIOHHCUIsQwiCN2kEgarPCgHaiwACEz0CQHErCANLqv6BaTUIAOT5B,0,False,1716271592.23891,0.050444841384887695
/magnets,AOiYPgDoGL4AAGm9QBGuQcAn+UCIEprCAPyNPgAQg74AAOk8AAi2PgBwWr4AoBE9AEhwPgAINr4A4Eu9AFUAQIDKUUE8qoXCALSGPgAQg74AMCA+AFA9PgAA6b0AAOk7AD4BQdiHk0Lg+efBADCgPgBIcL4AwC4+wJdqQfiTKEL4kJ7CQDTVQZDXzEEEkbTCoFGvQQCyzUF4jWDCADCgPgBw2r0AeCc+8FCjQfSXrkIwRqbBAH47wWi2MEJAgR/BSAYYQpARc0IA6JjAwMVoQQDLBcDoZFfCEBKnQQDp6UGIer7CEK7dQbj+fELAxBfBsDbAwSA38kGQP3HC6GYQwqAB20HsV7PCgHaiwABt0EAADkrCAFzlvzBpTULgGz5B,0,False,1716271592.2887568,0.04984688758850098
/magnets,AKCRPgB4J74AAGm9UJSuQQB5+EDQGZrCAOiYPgDomL4AoJE9AHinPgCQd74AoBE9ANh+PgDoGL4AAOm8gMkAQOAhUkHMuIXCAEhwPgDYfr4AEAM+AJhEPgDArr0AoBE9QI8AQTSEk0JQ6+fBAHinPgC4Yb4AwC4+wJdqQUhoKELsaJ7CsCXVQVCdzEGId7TCYBevQQCyzUGYqmDCAOiYPgAA6b0AWAo+4LajQcCFrkLwC6bBwEM7wbC9MEKg2B/B8HsXQrBFckLAf5rAwMVoQQDLBcAwbFfCEBKnQZD36UHQgb7CMMvdQaCufELAxBfBAAvAwcDf8UGYDHHCEFEQwkCq2kFIVLPCANSjwIDh0EBASErCAEjwv+hhTUIgVj5B,0,False,1716271592.3386865,0.04992961883544922
/magnets,AKCRPgB4J74AoJG9EFquQYDW+UB0HZrCANh+PgCgkb4AAGk9AIycPgCgEb4AwC49AJhEPgC4Yb4AwC69gLIBQEB5UkG4w4XCANh+PgBYir4AWAo+AChTPgCQ970AwK484CABQQyak0Lg+efBAByrPgAAab4AEAM+wJdqQbhZKEIso57C4NzUQUADzUEEkbTCoFGvQWAJzkFQo2DCAKCRPgDoGL4AwC4+4LajQZibrkJQY6bBIJs7wSCvMEJgnh/B8HsXQrBFckKALpvAYG5oQQC0BsDAelfCcGmnQWBA6kEYib7CYILdQZjhfELg4RfB0FPAwUBU8kFIOHHCoF8QwmDH2kEATbPCgEikwIAPz0BoMkrCANLqv+hhTUIAOT5B,0,False,1716271592.3888013,0.05011487007141113
/magnets,ALSGPgCgEb4AkPe9wIWuQYDt+EBUAJrCABCDPgCgkb4AEIM9APyNPgBwWr4AEIM9ALhhPgDALr4AAOm8gMkAQKDnUUHs1YXCAEhwPgDomL4AAOk9AOBLPgCQ970AwK48YJUBQbCdk0Lg+efBAHinPgCQd74AeCc+YClrQXBSKEIAXp7CIBfVQVCdzEFgjbTCQPquQZDAzUHofmDCADCgPgB4J74AeCc+4LajQTyfrkIQKabBYNU7wZCgMEIgZB/BUNMXQnD0ckLArZjAwMVoQQDiBMB4c1fCgAOnQZD36UEsfr7CYILdQbj+fEKAihfB0FPAwUBU8kH4Y3HCoF8QwpB+2kG4RbPCwJmjwABt0ED4QErCABfovzg2TUJAcz5B,0,False,1716271592.4389753,0.05017399787902832
/magnets,ADCgPgDALr4AwK69YC6uQcAn+UCIEprCAKCRPgDYfr4A4Es9AHinPgCYRL4AwK48ALhhPgCYRL4A4Eu9gMkAQMAEUkG4w4XCAFiKPgDYfr4AWAo+ANh+PgAAab0AAOk7YKwAQcSSk0JQ6+fBAESVPgDgS74AeCc+ANJqQbhZKEJUjZ7CkAjVQVCdzEGId7TCgDSvQbDdzUFQo2DCAMCuPgBw2r0AWAo+UKijQYSmrkLAVKbBQLg7wYjTMEJAgR/BYG0XQjiHckJA9JrAgItoQQCdB8AQT1fCEBKnQcCu6UGol77C0HPdQQjTfEKAihfBAAvAwUBU8kEAMXHCCIQQwtC42kGQW7PCwMehwECn0ED4QErCAOnpv5iNTULA/j1B,0,False,1716271592.4891417,0.05016636848449707
/magnets,AIycPgAwIL4AEIO98DyuQYDt+EBUAJrCAPyNPgDomL4AEIM9AByrPgCYRL4AwC49AJB3PgCYRL4AwC69AMH/P8AEUkEUwIXCAJB3PgDYfr4AoBE+AABpPgDgy70AAAAAYJUBQXyLk0JQ6+fBAAi2PgC0hr4A6Bg+wJdqQdh2KEKwiZ7CcOvUQaBxzEHwm7TC4IuvQWAJzkF4jWDCADCgPgCgEb4AeCc+YEKjQZibrkKAGqbBAH47wbC9MEIAMCDBgIoXQmg+ckLAaJvAgItoQQCGCMCYkFfCMC+nQXDa6UEsfr7CEK7dQZjhfELg4RfBUN+/wbBF8kEAMXHCCIQQwiCN2kEgarPCgHaiwID4z0D4QErCAOnpv1CGTULgGz5B,0,False,1716271592.5391243,0.049982547760009766
/magnets,APyNPgCQ970AMKC9MHeuQcBV90C8JJrCAPyNPgDomL4AAGk9ADCgPgAAab4AwC49AJB3PgDoGL4AwK68gMkAQOAhUkHs1YXCAABpPgCQd74AEAM+AEhwPgAQg70AAOk8YKwAQTSEk0Lg+efBAHinPgAAab4A6Bg+ANJqQYiiKEJUjZ7C0ELVQeCrzEG8ibTCkM6uQSDPzUHAlGDCANSjPgCQ970AmEQ+oHyjQYSmrkLAVKbBIJs7wRjiMEJgnh/B6K4XQjiHckKARZrAgItoQYA/BsBYVlfCwD2nQQDp6UHkdr7CwNndQQAGfULg4RfBQEXAwZAo8kFwInHCeHUQwiCN2kFIVLPCANSjwIDh0ECIT0rCAADpvzBpTUIAOT5B,0,False,1716271592.5897262,0.050601959228515625
/magnets,AKCRPgCQ970A4Mu9QBGuQUDK90BAC5rCALSGPgC4Yb4AwC49ADCgPgDgS74AwK48ALhhPgBQPb4A4Eu9AFUAQOAhUkE03YXCAPyNPgBYir4AoBE+AJhEPgAQg70AAAAAoOYAQbzFk0JgbujBAByrPgC0hr4ACDY+oGNrQQBhKEJ0qp7CsCXVQUADzUHQfrTCMGCvQZDAzUHgsWDCAHinPgCgEb4AwC4+0DOjQfSXrkIwRqbBoA88wUiZMEKg2B/BoKcXQijtckIA0ZnAIB1pQYARCMAwbFfCMC+nQQDp6UGcb77C8JDdQXD3fEJgbRfB0FPAwUBU8kEgTnHC6GYQwtC42kHsV7PCgF+jwMAE0kD4QErCAOnpv3hwTUIAOT5B,0,False,1716271592.639267,0.04954075813293457
/magnets,AFiKPgAwIL4AcNq94KKuQUCc+UCcB5rCAJB3PgAQg74AEIM9AHinPgCYRL4A4Es9AJB3PgAwIL4AoBG9gMkAQOAhUkFwvIXCAFiKPgBYir4AEAM+AFA9PgBw2r0AAOm7YKwAQVxuk0IAF+jBAMCuPgCQd74ACDY+oHpqQSB+KEL4kJ7CIBfVQSDmzEF0grTC0AivQfAXzkHgsWDCAByrPgDgy70ACDY+wJmjQayQrkLgcabBYNU7wUDMMELA9R/BEJkXQtBickJA9JrAIB1pQYA/BsBwplfCgAOnQeDL6UHEWb7CcAXeQSjwfELg4RfBkBnAwUBU8kEAMXHCwHwQwkCq2kHEbbPCwJmjwIDh0EDwc0rCAEjwv+hhTUIgVj5B,0,False,1716271592.6894085,0.05014157295227051
/magnets,ANh+PgBYCr4AUL29YC6uQcAn+UBAC5rCALSGPgDomL4AAGk8ANSjPgAoU74AAOk8AFA9PgDoGL4AAGm9AFUAQKDnUUHMuIXCAESVPgCQd74AkPc9AJhEPgDArr0AAGm8IFsBQfikk0KQJejBADCgPgAAab4A6Bg+wJdqQZBvKEKclJ7CsCXVQcCOzEHwm7TCgDSvQcB3zUF4jWDCAIycPgBYCr4AeCc+UKijQXh+rkJwgKbBoA88wRjiMEJgnh/BMLYXQqh4ckKALpvAYG5oQQCdB8DIR1fC8PSmQZD36UHEWb7CYILdQZjhfEKgpxfBsDbAwUBU8kHgE3HCwHwQwiCN2kE0X7PCgHaiwMAb0UBoMkrCAADpv1hTTUIgVj5B,0,False,1716271592.7396734,0.050264835357666016
/magnets,ALSGPgAwIL4AwK69oGiuQQBi+UDQGZrCAESVPgCQd74AwK49AKCRPgBQPb4AoBE9AABpPgCYRL4AAAAAAFUAQCBcUkEAy4XCANh+PgDomL4AWAo+AFA9PgAQA74AAGk8QHgBQWiWk0JQ6+fBADCgPgAQg74AeCc+gF1qQWiFKELkm57CEJTUQZDXzEF0grTCEEOvQQCyzUFQo2DCAFiKPgAQA74AmEQ+0DOjQfSXrkIwRqbBAH47wWi2MELA9R/BUNMXQqCrckKAXJnAAABpQQD5A8BYVlfCQMmmQaCR6UH4a77CoLzdQVDafEIgHBjBcPy/wXAL8kEYgXHCCIQQwrCb2kHsV7PCAOuiwECn0ED4QErCAADpv5iNTUIgVj5B,0,False,1716271592.7897835,0.0501101016998291
/magnets,AESVPgAINr4AMKC9cLGuQQB5+ECIEprCAPyNPgCQd74AAOk8AIycPgAoU74AoBE9AChTPgAINr4AwC69AD4BQOAhUkFI0oXCABCDPgD8jb4AoBE+AHBaPgAwoL0AAOk7YJUBQbCdk0KQJejBAOiYPgBwWr4A6Bg+ANJqQXBSKEJogp7CkAjVQVCdzEEYhrTC4IuvQUDszUEQaWDCADCgPgAA6b0A6Bg+MIujQeCirkLAVKbBQLg7wUDMMEIARx/BWKAXQmBxckJAC5rAQDppQQCGCMA4OVfCMC+nQeDL6UFUaL7CwNndQQjTfELg4RfBsDbAwXAL8kGYDHHCCIQQwqAB20FIVLPCgHaiwECn0EBoMkrCABfov5iNTUIAOT5B,0,False,1716271592.8399453,0.05016183853149414
/magnets,APyNPgAINr4AMKC9QBGuQUCc+UBgKJrCALSGPgBElb4AoBE9ADCgPgDALr4AAGk8AEhwPgDALr4AwK68gLIBQAA/UkHMuIXCAJB3PgCQd74AEAM+ALhhPgDgy70AAGm84CABQZyok0JwCOjBAMCuPgCQd74ACDY+oHpqQZBvKELYc57C4NzUQZDXzEFgjbTCEEOvQWAJzkFQo2DCAOiYPgCQ970AeCc+4LajQVCUrkKgN6bB4Ek8wSCvMEIAMCDBMLYXQjiHckJAC5rAIDRoQYAoB8DAelfCYOamQcCu6UHEWb7C8JDdQSjwfELg4RfB4O2/wQAa8kEI/nDCUIsQwrCb2kGkULPCwJmjwABW0UDYI0rCABfov3hwTUJgkD5B,0,False,1716271592.8899567,0.050011396408081055
/magnets,AOiYPgCQ970AAGm9EFquQcAn+UC8JJrCAESVPgCgkb4AAGk9ADCgPgDgS74AwC49AJB3PgDoGL4AAOm8ANj+P8AEUkGkzoXCABCDPgD8jb4AAOk9AOBLPgBw2r0AAOk8wAMBQTSEk0Lg+efBAByrPgBIcL4AoBE+4LRqQWiFKEJAmJ7C8F/VQYBUzEEYhrTCMGCvQRA1zkHgsWDCAESVPgAA6b0AwC4+kOKjQTyfrkKgN6bBwEM7wbC9MEJgnh/BAP8XQlDXckKAXJnAwNxnQQDiBMCgXVfCgAOnQSAG6kF0hb7CoLzdQSjwfEKgpxfBYGLAwXAL8kHgE3HCoF8QwkCq2kG4RbPCAOuiwECn0EBASErCAOnpvzBpTUIgVj5B,0,False,1716271592.940094,0.05013728141784668
/magnets,AKCRPgDoGL4AoJG9oGiuQYAb90AsFprCAPyNPgBYir4AwC49AByrPgAINr4AwK48AJB3PgAINr4AAOm8AFUAQKDnUUEg6IXCAFiKPgDYfr4AWAo+AEhwPgDgy70AAGk8AD4BQVxuk0JQ6+fBAHinPgAQg74AMCA+gF1qQbhZKELsaJ7CIBfVQQDJzEEYhrTCgDSvQeCUzUEouWDCAFiKPgDALr4AwC4+YEKjQSiqrkLAVKbBQLg7wSCvMEIgTSDB8HsXQhCdckKARZrAwMVoQQC0BsDIR1fC4FqnQSAG6kHkdr7C0HPdQZjhfEKAihfBAAvAwSA38kHgE3HCyEkQwmDH2kFcSbPCQCWjwMAy0ECIT0rCABfov8hETUIgVj5B,0,False,1716271592.9901547,0.05006074905395508
/magnets,AESVPgBYCr4AUL290B+uQYAE+ECIEprCAIycPgD8jb4AEIM9AByrPgB4J74AwC49AHBaPgAINr4A4Eu9AAb9P6DnUUFcx4XCAFiKPgD8jb4AWAo+AChTPgDALr0AoBE94CABQbCdk0IgNOjBANSjPgCgkb4A6Bg+4LRqQQBhKEKwiZ7CcOvUQYBUzEG8ibTCwG6vQUDszUF4jWDCAOiYPgBYCr4AUD0+gF+jQSiqrkJQY6bB4GA7wdinMEIgZB/B6K4XQsiVckLAf5rAIDRoQYAoB8AwbFfCsLqmQUAj6kEgVr7CgJ/dQZAUfUJAORjBcPy/wVDu8UEoG3HCCIQQwvDV2kE0X7PCANSjwIDh0EBoMkrCAI3tvwh/TUKg4T1B,0,False,1716271593.0404625,0.0503077507019043
/magnets,AKCRPgDoGL4AEIO90B+uQQCQ90DkDprCANh+PgCgkb4A4Es9AIycPgDgS74AoBE9AABpPgB4J74AAOm8AFUAQCBzUUG4w4XCABCDPgC4Yb4AEAM+AHBaPgBQvb0AwK48gLIBQSy3k0IAF+jBANSjPgDgS74ACDY+QAxrQUhoKEIso57CkAjVQVCdzEG8ibTCMGCvQeCUzUGgd2DCAESVPgBw2r0AMCA+wJmjQayQrkKgN6bBQLg7wbC9MEKg2B/B4OEXQpjeckIA0ZnAwMVoQQCGCMBYVlfCEBKnQaCR6UH4a77CEK7dQXD3fEJAUBfB4O2/wUBU8kEI/nDCcKgQwtC42kE0X7PCwIKkwID4z0CwOUrCAC7nv+hhTUJgkD5B,0,False,1716271593.0903924,0.04992985725402832
/magnets,ANh+PgCgEb4AEIO9YC6uQYDt+EDkDprCAFiKPgDYfr4AEIM9AHinPgBQPb4AoBE9ALSGPgDoGL4AwK68ABADQKDnUUEotYXCANh+PgC0hr4AkPc9AEhwPgDArr0AAOk7AFUAQex8k0Lg+efBAMCuPgAoU74AoBE+wJdqQUCbKEJogp7CIBfVQSDmzEEYhrTCgDSvQTBSzkHofmDCAFiKPgCgEb4A6Bg+ANSjQZibrkLgcabBYNU7wZCgMELA9R/BMLYXQoCOckLAf5rAgItoQYARCMBQiVfCEBKnQfBl6UFAc77C8JDdQeDofEJAUBfBQEXAwXAL8kHgE3HCEFEQwvDV2kHsV7PCQCWjwMAy0EBASErCAADpv/AuTUKg4T1B,0,False,1716271593.140559,0.05016660690307617
/magnets,ANh+PgB4J74AoJG9EFquQUCc+UCcB5rCAPyNPgBYir4AAGk9AHinPgBQPb4A4Es9AABpPgCgEb4AAOm7AMH/P0CQUUEotYXCAKCRPgCQd74AoBE+AJhEPgDArr0AAAAA4CABQfikk0IgNOjBAByrPgCYRL4ACDY+ANJqQbCMKEJogp7CUM7UQTCAzEG8ibTCwG6vQSDPzUGgd2DCAOiYPgDoGL4AoBE+wJmjQfSXrkIgrKbB4GA7wbC9MEKg2B/BmNoXQpjeckKAXJnA4OJoQYAoB8DAelfC8PSmQZD36UGcb77CoLzdQdgbfUIA/xfB8HDAwdBi8kG4KXHCEFEQwiCN2kHsV7PCwLCiwABW0UCIT0rCAEjwvzg2TUJAcz5B,0,False,1716271593.1905723,0.05001330375671387
/magnets,APyNPgB4J74AUL29YC6uQUCc+UB0HZrCAESVPgDomL4A4Es9AByrPgDgS74AwK48AJB3PgAINr4AAGm8AD4BQECQUUGEsYXCABCDPgC0hr4AEAM+AOBLPgDgy70AAGm8IFsBQVxuk0Kgv+fBAByrPgDYfr4AMCA+gF1qQRDkKEKIn57CAPrUQeCrzEFAcLTCMGCvQbDdzUEwhmDCADCgPgAQA74ACDY+MIujQTyfrkLAVKbBYNU7wUDMMEKg2B/BMLYXQjiHckIAuprAIB1pQYBWBcAIglfC4FqnQQDp6UGcb77CoLzdQdgbfULg4RfBICjAwZAo8kEoG3HCmJIQwjAQ20EMdbPCQCWjwIDK0UDYI0rCAOnpvzBpTULgGz5B,0,False,1716271593.2407231,0.05015087127685547
/magnets,AKCRPgDALr4A4Mu9oGiuQQB5+EDkDprCANh+PgBYir4A4Es9AIycPgCYRL4AwK48ALhhPgDoGL4AoBG9gJsCQMAEUkFI0oXCAJB3PgBIcL4AWAo+AJB3PgAA6b0AAAAAoM8BQdiHk0IAF+jBANSjPgC4Yb4A6Bg+QCNqQfiTKELkm57CoKLUQdARzUF0grTC8CWvQUDszUEInGDCADCgPgBYCr4AeCc+gF+jQeCirkLgcabBYNU7wUiZMEIgZB/BUNMXQsiVckJAC5rAgItoQQDLBcBYVlfCwD2nQQDp6UHkdr7C4PbdQeDofEIA/xfBkBnAwWBx8kEAMXHCUIsQwiCN2kE0X7PCQCWjwECn0EAgK0rCAHbuvzBpTUJAcz5B,0,False,1716271593.290712,0.04998898506164551
/magnets,AKCRPgAwIL4AcNq9MHeuQcA++EB0HZrCAABpPgC0hr4A4Es9AHinPgAoU74AwC49AJhEPgDoGL4AAOm8AMH/P+AhUkEUwIXCANh+PgAQg74AEAM+AABpPgAwoL0AAOk8oOYAQZCAk0Lg+efBAHinPgBwWr4AEAM+ANJqQZBvKEJgtZ7CcOvUQdARzUFstbTCEEOvQZDAzUEouWDCAFiKPgCgEb4A6Bg+MIujQeCirkIwRqbBwCw8wbC9MEIgZB/BwMQXQnjBckIA0ZnAwMVoQQDLBcAwbFfCEBKnQXDa6UHkdr7CgJ/dQXD3fEIgHBjBcPy/wUBU8kFQBXHCmJIQwiCN2kGQW7PCQCWjwABt0ECwOUrCAHPkv6BaTUIgVj5B,0,False,1716271593.3407946,0.05008244514465332
/magnets,AKCRPgCgEb4AoJG98DyuQUCz+ED4A5rCALSGPgD8jb4AAGk9ANSjPgBQPb4AoBE9AChTPgCgEb4AwK68gLIBQAA/UkEAy4XCAFiKPgD8jb4AoBE+AOBLPgCgkb0AAAAAwAMBQdiHk0JwCOjBAHinPgC4Yb4A6Bg+IO9qQUCbKEJAmJ7CsCXVQQDJzEEkrrTC4IuvQWAJzkGgd2DCAESVPgAwIL4AwC4+MIujQZibrkIQKabBoA88wSCvMEKg2B/BMLYXQnjBckIA0ZnAAABpQYARCMCgXVfCAHinQaCR6UEsfr7C8JDdQVDafEKAihfBwNC/wdBi8kG4KXHCoF8QwmDH2kGQW7PCwGulwIDh0EBoMkrCAOnpv1CGTUIAOT5B,0,False,1716271593.3908913,0.050096750259399414
/magnets,ABCDPgCgEb4AwK69MHeuQcAn+UD4A5rCAJB3PgCgkb4AoJE9AGSyPgAoU74AwC49ALhhPgBQPb4AoBG9AMH/PwBWUUEotYXCALSGPgAQg74AEAM+AHBaPgBw2r0AAOk7IHIAQTSEk0IwzufBAIycPgAAab4AwC4+oHpqQbhZKEKclJ7C0ELVQXC6zEGolLTCoFGvQUDszUEwhmDCAESVPgBYCr4AMCA+wJmjQTyfrkJQY6bBgPI7wWi2MEKAux/BeL0XQoCOckKARZrAYG5oQYAoB8AQT1fCoCCnQVC96UFUaL7CoLzdQSjwfEKgpxfBQEXAwbBF8kHYRnHCmJIQwkCq2kHYYrPCAOuiwMAE0kCwOUrCAC7nvzBpTUJAcz5B,0,False,1716271593.4410884,0.05019712448120117
/magnets,AOiYPgCgEb4AcNq90B+uQYDt+ECcB5rCALSGPgC0hr4A4Es9AGSyPgCQd74A4Es9ALhhPgAINr4AwC69ACcCQOAhUkFcx4XCABCDPgAQg74AWAo+AJB3PgBQvb0AAOk8YJUBQTSEk0Lg+efBANSjPgAAab4ACDY+YClrQdh2KEJ8d57CsCXVQcCOzEG8ibTCsOuuQSDPzUHAlGDCAByrPgCgEb4AoBE+oHyjQayQrkKgN6bBoA88wUDMMELgEiDBMLYXQgjQckJAC5rAYFdpQYAoB8AIglfCoCCnQVC96UFMm77CoLzdQSjwfEKgpxfBYGLAwQAa8kFwInHCwHwQwrCb2kGQW7PCAOuiwID4z0CwOUrCAEXmv8B3TUJAcz5B,0,False,1716271593.491127,0.05003857612609863
/magnets,ALSGPgCgEb4AMKC9gEuuQcA++EAsFprCAIycPgBYir4AwK49AAi2PgBwWr4AAOk8AEhwPgCgEb4A4Eu9AD4BQGCtUUFI0oXCALSGPgD8jb4AoBE+AHBaPgDArr0AAOk74CABQcSSk0KQJejBAByrPgBIcL4AWAo+4LRqQbhZKEIso57CAPrUQdARzUHQfrTCgDSvQRA1zkF4jWDCADCgPgAwIL4AoBE+UKijQSiqrkIwRqbBAH47wfjEMEJAgR/B6K4XQqCrckJAC5rAAABpQYD6CMDAelfCcGmnQXDa6UHkdr7CYILdQXD3fEIgHBjBsDbAwfB/8kEgTnHCMG4QwmDH2kE0X7PCgF+jwMAy0EBoMkrCABfov6BaTUJAcz5B,0,False,1716271593.5412443,0.05011725425720215
/magnets,APyNPgCgEb4AoJG9YC6uQQB5+ECcB5rCAPyNPgDUo74AoJE9ANSjPgCYRL4AwC49AHBaPgB4J74AAOm8gIQDQKDQUkGkzoXCABCDPgC0hr4AWAo+ALhhPgBQvb0AAGk8AD4BQWiWk0Lg+efBAMCuPgAAab4AoBE+YEBqQeBDKEL4kJ7CcOvUQeCrzEFMmLTCoFGvQbDdzUF4jWDCAOiYPgBYCr4AwC4+wJmjQbi4rkKgN6bBIIQ8wWDpMEJAgR/BoKcXQsiVckLAf5rAYG5oQYAoB8AQT1fCEBKnQTCg6UG8jL7CoLzdQVDafEKgpxfBcPy/wbBF8kHYRnHCeHUQwuBS2kFIVLPCAOuiwABt0EAYXkrCABfov1CGTUJAcz5B,0,False,1716271593.591895,0.050650835037231445
/magnets,ABCDPgAINr4AMKC98DyuQQBi+UCcB5rCAFiKPgAQg74AwC49AIycPgBwWr4AAOk8AJB3PgAoU74AAOm8AD4BQOAhUkGkzoXCAFiKPgBYir4AWAo+AHBaPgAAab0AAAAAYJUBQUh5k0IAF+jBAGSyPgBIcL4AeCc+gF1qQWiFKEJogp7CkAjVQXC6zEGolLTCoFGvQSDPzUEInGDCAHinPgAwIL4AwC4+wJmjQeCirkKgN6bBYNU7wdinMELA9R/BUNMXQlDXckIA0ZnAAABpQQCGCMCgXVfCMC+nQQDp6UGwZL7CEK7dQbj+fEKAihfBICjAwSA38kHYRnHCUIsQwrCb2kFIVLPCwLCiwMAb0UCIT0rCALvrv+hhTUIgVj5B,0,False,1716271593.6415677,0.049672603607177734
/magnets,APyNPgCQ970AEIO9IPStQYAE+ED4A5rCAFiKPgBYir4AEIM9AByrPgAwIL4AwC49AJB3PgBYCr4A4Eu9ABADQMAEUkFcx4XCANh+PgD8jb4AEAM+AFA9PgAwoL0AwK48IFsBQaR1k0JQ6+fBANSjPgDgS74AMCA+wJdqQdCpKEIMhp7CQDTVQdARzUGolLTCsOuuQXCjzUHofmDCALSGPgCgEb4AoBE+4LajQXCxrkLAVKbBwEM7wYjTMEIAMCDBCMwXQjC6ckLAlpnAABdoQQCdB8DoZFfCEBKnQeDL6UGcb77CoLzdQSjwfEIA/xfBkBnAwZAo8kEgTnHCUIsQwpB+2kGkULPCQDyiwACEz0DQVkrCAI3tvwh/TUJAcz5B,0,False,1716271593.6916747,0.05010700225830078
