/magnets,AKCRPgDgS74AAOm9AFiKPgAAab0AMKA9AFiKPgCgkb4AAGk9AOiYPgAINr4AAOk7AChTPgBYCr4A4Eu9AO/9PyBcUkEg6IXCAJB3PgAQg74AkPc9ABCDPgDArr0AwK48IIwJQfDXk0Io+gLCQJIKwSjPDkKcd4vCwJdqQSAII0LI2Z7CcBnTQTCrwEFMr7PCcA2rQSDjwkGYqmDCAPyNPgB4J74AeCc+AL2kQZz2rkJgXKzBgPI7wdDaMEJAPCLBEJkXQrj7ckJAIpnA4GxjQQDS6r84OVfC4IWbQVBDCUK4Gr/CQJPbQSA6fEKgXxDBUN+/wcDI8kHA9nDCgEIQwtCh20FocbPCwLCiwABW0UAgK0rCAEjwvwh/TULgGz5B,0,False,1716271551.0005689,0.048338890075683594
/magnets,AESVPgAA6b0A4Mu9ALSGPgDALr0AoJE9ANh+PgAQg74AAOk8AHinPgB4J74AwC49AABpPgBYCr4AoBG9ANj+PyBcUkGQ2YXCALhhPgBYir4AoBE+AJB3PgBw2r0AAAAAAG8JQWzxk0K4CAPCoAAKwVC5DkKkRIvCIO9qQbjjIkK05J7C4ArTQVDIwEGUtrPCIDmrQXC3wkF4jWDCAOiYPgBYCr4AoBE+4J+kQbwTr0LwaqzBAGc8wdDaMEJAPCLBCMwXQijtckKAc5jAAIpjQQDS6r/4/lbCUHebQTAmCUIUF7/CsITbQSgHfEKAQhDBMMK/wQAD80HgE3HCyEkQwtCh20F8ZrPCwJmjwIDh0ED4QErCANLqv8B3TUIgVj5B,0,False,1716271551.042279,0.04171013832092285
/magnets,AESVPgCgEb4AUL29AESVPgAwoL0A4Ms9AESVPgDYfr4AoBE9ADCgPgBQPb4AwC49ANh+PgAINr4AwC69AD4BQIDKUUEUwIXCAABpPgDYfr4AoBE+AJhEPgDArr0AAOk74FEJQUQHlEKQHgPCAFgKweDHDkK4OYvCgEZrQbjjIkKM+p7CYH/TQeDWwEHIyLPCUPCqQeCowkF4jWDCAOiYPgAA6b0AwC4+AL2kQRgQr0KQE6zBwCw8wajwMELgzSLBgIoXQqCrckLArZjA4GxjQQAX6L/wMVfCIMCbQfDrCEIUF7/CsITbQdgyfEJgJRDBMMK/wUA980GYDHHCYCUQwtCh20F8ZrPCAOuiwIDh0EBASErCANLqv1hTTUJAcz5B,0,False,1716271551.0921361,0.049857139587402344
/magnets,APyNPgCgEb4AAOm9ALSGPgCgkb0AMKA9AJB3PgBElb4AAGk8ANSjPgBwWr4AwC49AOBLPgDALr4AwK68ANj+P8DtUkEUwIXCAFiKPgC0hr4AkPc9AChTPgDgy70AwK48oBcJQXS+k0Lg8gLCwB0KwSjPDkJcPYvCYClrQSAII0Js3Z7CsFPTQVDIwEHwsrPCUPCqQeCowkHAlGDCAKCRPgDoGL4AwC4+kMukQRgQr0JAP6zBIIQ8wajwMEIAAiLB8HsXQlDXckKAXJnAYOFjQQDp6b+AQFfCMFqbQShZCUKQML/CYLDbQXAOfEIAzg/BsDbAwXD08kHgE3HCODsQwrCE20GweLPCQA6kwIDh0EDYI0rCAI3tv0i5TUJAcz5B,0,False,1716271551.1425643,0.050428152084350586
/magnets,AESVPgAQA74AEAO+AKCRPgDArrwAEIM9AABpPgAQg74AwC49AByrPgCYRL4AAOk8AChTPgAwIL4AAOm8AFUAQAA/UkG4w4XCAEhwPgC0hr4AWAo+AABpPgAA6b0AAOm7oBcJQWzxk0Io+gLCQJIKwQDlDkLYVovCYClrQQi4IkKg757CYH/TQcC5wEGUtrPC0GSrQfArw0HofmDCAIycPgDoGL4A6Bg+kMukQeT9rkKglqzBYL48wTj/MEJAPCLBoKcXQijtckKAipfAIKdjQQBF5r9YVlfCQN2bQYD6CELYN7/CYLDbQVDxe0LAfBDB0FPAweDl8kHA9nDCqCwQwhDc20EMdbPCwLCiwECQ0UBASErCAOnpv7iqTUIAOT5B,0,False,1716271551.1926672,0.050102949142456055
/magnets,ADCgPgDoGL4A6Bi+ADCgPgCgkb0AUL09ALSGPgBYir4AoBE9AGSyPgAINr4AoBE9ALhhPgAwIL4AoBG9AFUAQAA/UkHgrYXCABCDPgC0hr4AAOk9AEhwPgDArr0AAGk8QKkJQUzUk0Lg8gLC4DoKwUjsDkJISIvCwJdqQZjGIkKovJ7CkDbTQTCrwEGUtrPCAByrQUAAw0HofmDCAIycPgDALr4AMCA+AL2kQXQMr0IgIqzBgPI7wRjiMEJgWSLB6K4XQpARc0KAipfAoDJjQQDp6b9o8FbC4IWbQVgQCUK4Gr/CcErbQSA6fEKAQhDBICjAwSAg80EAMXHC8DMQwiB220HEbbPCQCWjwMAy0EAYXkrCAOnpvyicTULgGz5B,0,False,1716271551.2427049,0.05003762245178223
/magnets,AESVPgAwIL4AoBG+AKCRPgAwoL0AMKA9ABCDPgAQg74AwC49AHinPgAwIL4AwK48AJB3PgCgEb4AoBG9AO/9P+AhUkH0ooXCAFiKPgAQg74A4Ms9AABpPgAwoL0AAOk7IKMIQUzUk0JIFwPC4DoKwQDlDkIgXovCIO9qQVC/IkIk1p7C8I3TQQD0wEHcvbPCcA2rQVCawkEwhmDCAKCRPgAINr4AoBE+cK6kQbwTr0JgXKzBAGc8wfD3MEJgWSLB8HsXQijtckIA6JjAIKdjQQDS6r+IDVfCcJSbQRAJCUIoDL/CkGfbQXAOfEKAQhDBQEXAwQAD80EgTnHCEFEQwrCE20H4f7PCgF+jwECn0ECQHErCANLqvwh/TUKg4T1B,0,False,1716271551.2931895,0.050484657287597656
/magnets,ADCgPgBQPb4AkPe9ALSGPgAA6bwAAGk9ALhhPgD8jb4AAOk8APyNPgCYRL4AwC49AEhwPgAwIL4AwC69AMH/PwA/UkGEsYXCABCDPgAQg74AWAo+AEhwPgBQvb0AAGk8oBcJQfDXk0KY6wLCAFgKwbjdDkJ8WovC4LRqQQDrIkI4y57CcBnTQSARwUG007PCwOGqQYA6w0EInGDCAFiKPgAQA74A6Bg+QPekQQzorkKwMKzBoA88wfD3MEJgWSLBoKcXQijtckKAXJnAIKdjQQCk7L8YHFfCMFqbQcA0CUJIKb/CYLDbQSgHfEIg6w/B4O2/wZAR80HgE3HC8DMQwiB220FAh7PCwLCiwECn0ED4QErCAADpv+CUTULgGz5B,0,False,1716271551.342437,0.04924750328063965
/magnets,AFiKPgDoGL4AEAO+AJB3PgAAab0AkPc9AFiKPgC0hr4AAAAAADCgPgAAab4A4Es9AABpPgBYCr4AwC69AGL5P2CtUUFI0oXCAKCRPgBYir4AEAM+AJhEPgBQvb0AoBE9IKMIQXS+k0JwAQPCgMwKwSACD0JoZYvCwIBrQQi4IkLczp7CsFPTQXDlwEG8oLPCkCqrQWAdw0HAlGDCAIycPgCgEb4A6Bg+wIKkQeT9rkJgXKzBYL48wWDpMEKAdiLBoKcXQuDlckIA6JjAwE9jQQBz5L+oKlfCAKObQWDdCEJwE7/CQJPbQXAOfEIAzg/BcPy/wbAu80FwInHC6GYQwiB220HYYrPCQCWjwEC+z0DQVkrCANLqv5iNTUKg4T1B,0,False,1716271551.3925266,0.05008959770202637
/magnets,AKCRPgB4J74AWAq+ALSGPgDgS70AoJE9ABCDPgD8jb4AwK48AKCRPgAoU74AAOk8AJB3PgDoGL4AEIO9ACcCQKDnUUFI0oXCABCDPgCQd74AAOk9AOBLPgAA6b0AwC49oBcJQfz/k0KQHgPC4DoKwUjsDkJ8WovCQAxrQQDrIkL8657CACjTQeDWwEEEqLPCcA2rQQDGwkEInGDCAOiYPgCQ970AEAM+AL2kQVTvrkJgXKzBwCw8wajwMEJAPCLBEJkXQnjBckLAlpnA4GxjQQCh4r8YHFfCcJSbQQg8CULYN7/C0KHbQXAOfELgsA/BkBnAwQAD80HgE3HC8DMQwpBn20EgarPCgF+jwABW0UBASErCALvrv5iNTUIgVj5B,0,False,1716271551.4424903,0.04996371269226074
/magnets,AIycPgCYRL4AwK69AKCRPgCgkb0A4Ms9AFiKPgCgkb4AAOk7AOiYPgDALr4AwK48ALhhPgBQPb4AwC69AMH/P2CWUkGkzoXCAKCRPgCgkb4AWAo+AABpPgAA6b0AwK48YN0IQdzik0II3QLCoAAKwQDlDkI0U4vCIO9qQbjjIkLww57CcBnTQXDlwEGAwbPCAByrQeCowkF4jWDCAOiYPgDgS74AwC4+4J+kQSwFr0JAP6zBAGc8wRjiMEIAAiLBqHQXQlDXckKAc5jAAIpjQQCk7L/QFFfCkLGbQRAJCUKkJb/CsITbQZArfEJACBDBkBnAwVDX8kG4KXHCEFEQwnBK20EMdbPCAL2kwABW0UAYXkrCAF/vv5iNTULA/j1B,0,False,1716271551.4926236,0.05013322830200195
/magnets,ANh+PgDALr4AoBG+APyNPgCgEb0AMKA9ALSGPgAQg74AAOk7AIycPgDALr4AoBE9AABpPgBQPb4AwC69ANj+P6DnUUF85IXCAKCRPgCQd74AWAo+AEhwPgDArr0AAGk8wDQJQajQk0IgLQPCAFgKwbjdDkLYVovCYClrQXDcIkJE857CIEXTQeDWwEE4urPCQFarQcCLwkF4jWDCADCgPgCgEb4AMCA+INqkQbwTr0JAP6zBIIQ8wWDpMEKgkyLByJEXQsDIckLArZjAAIpjQQBF5r9ABlfCED2bQXgtCUIAIr/CAFnbQZj4e0LAfBDBAAvAweDl8kEoG3HCgEIQwrCE20EMdbPCgF+jwECn0ED4QErCAF/vv1CGTUJAcz5B,0,False,1716271551.5427253,0.05010175704956055
/magnets,ABCDPgB4J74AWAq+AOiYPgDgy70AwK49AHBaPgDYfr4AAGk8AHinPgDALr4AoBE9AJB3PgCQ970AoBG9ANj+P6DnUUGEsYXCAEhwPgBYir4AEAM+AChTPgDgy70AwK48wDQJQQTNk0KY6wLCoAAKwXDWDkIgXovCYClrQVC/IkI4y57CcBnTQZACwUHcvbPCsEerQeCowkF4jWDCANSjPgAwIL4ACDY+kMukQcTgrkLQTazBIIQ8wWDpMEKgkyLBWKAXQtgYc0IA6JjA4GxjQQDS6r8g6VbCMFqbQYD6CEKECL/CkGfbQQAdfEIAtxDBAAvAwRCd8kGYDHHCEFEQwmCw20HYYrPCQDyiwMAy0ED4QErCAOnpv1CGTULA/j1B,0,False,1716271551.5928109,0.05008554458618164
/magnets,AESVPgDgy70AkPe9AOiYPgDgy70AoJE9ALSGPgAQg74AAOk8AAi2PgDALr4AAOk8AChTPgAwIL4AAOm8gLIBQOAKU0GkzoXCAESVPgDYfr4AcNo9ALhhPgDArr0AwK484FEJQWzxk0LYJQPCQJIKwSACD0J8WovCQAxrQSjVIkJs3Z7CcBnTQeDWwEGoq7PCIDmrQdAOw0HofmDCAIycPgDoGL4AWAo+kMukQSwFr0JAP6zBIIQ8wTj/MEJgWSLB6K4XQjC6ckKAc5jA4GxjQQBF5r9ABlfCIMCbQaAXCUJcHr/CsITbQSA6fEJgJRDBAAvAwTC68kEoG3HCGB4QwsAH3EHEbbPCAOuiwABt0EDQVkrCAKTsv8B3TUJgpz1B,0,False,1716271551.6433551,0.05054426193237305
/magnets,AKCRPgDoGL4AWAq+AFiKPgDArr0AEIM9AFiKPgC0hr4AwK48AKCRPgAwIL4AwC49AChTPgB4J74AAAAAADT7P6DnUUG4w4XCABCDPgAQg74AEAM+AJhEPgAQg70AAOk8IKMIQQTNk0KY6wLCoAAKwZDzDkKQT4vCANJqQUjyIkIk1p7CsFPTQeDWwEHwsrPCcA2rQeCowkEInGDCAESVPgBYCr4AwC4+EFekQdAIr0LQTazBgNs8wRAVMUJAPCLBOIMXQlDXckIA6JjAgBVjQQAX6L/QFFfCcJSbQfDrCEJcHr/CkGfbQeD/e0Ig6w/B4O2/wTC68kFwInHCiA8QwiB220EgarPCgHaiwMAy0EDQVkrCAEjwv+CUTUIgVj5B,0,False,1716271551.692928,0.04957294464111328
/magnets,APyNPgCgEb4AEAO+ADCgPgCgkb0AUL09ABCDPgBIcL4AAGk8AESVPgDgS74AwK48AJB3PgDALr4AAOm8AD4BQMAEUkFcx4XCAESVPgC0hr4AcNo9AOBLPgAA6b0AAGk8AG8JQSTqk0IgLQPCoAAKwQDlDkKQT4vCQAxrQbAWI0Ik1p7CUPzSQcC5wEGoq7PCgJCrQXC3wkGYqmDCAByrPgDoGL4AMCA+AL2kQYgBr0LwaqzBQKE8wVgcMULAsCLBWKAXQnjBckKAXJnAAIpjQQAa8r/wMVfCwGibQfDrCEJcHr/CkGfbQXAOfEKgdg/BAAvAwZAR80G4KXHCYCUQwgBZ20FocbPCgEikwEC+z0D4QErCALvrv3hwTULA/j1B,0,False,1716271551.7434902,0.050562143325805664
/magnets,AFiKPgDALr4AcNq9AFiKPgDALr0AwK49APyNPgBIcL4AAAAAAIycPgDgS74AwK48ABCDPgBYCr4AwC69gMkAQEB5UkFI0oXCAPyNPgAwoL4AEAM+ANh+PgCQ970AoBE9gPoIQUzUk0IAEAPCoOkKwbjdDkIMaYvCoHpqQXDcIkI4y57CACjTQcC5wEEkxbPCUPCqQdAOw0HAlGDCAByrPgCQ970AeCc+cK6kQbDrrkLQTazBAGc8wfD3MELAxyHBqHQXQgjQckLArZjA4GxjQQBF5r/QFFfC4IWbQXgtCUIUF7/CUC3bQQAdfEJgJRDBAAvAwaCr8kHgE3HC8DMQwpBn20HsV7PCgF+jwECn0EDYI0rCAEXmv5iNTULgGz5B,0,False,1716271551.793152,0.049661874771118164
/magnets,AESVPgDALr4AcNq9APyNPgAwoL0AUL09ANh+PgAQg74AAOk8ANSjPgAINr4AAOk8AHBaPgAINr4A4Eu9ANj+PyBcUkG4w4XCANh+PgAQg74AoBE+AABpPgDgS70AAOk7oBcJQdzik0JIFwPC4DoKwUjsDkJoZYvCANJqQSjVIkL8657CIEXTQVDIwEFMr7PCkCqrQZDUwkFQo2DCANSjPgBw2r0AMCA+cK6kQXQMr0JAP6zBIIQ8wajwMEJgWSLByJEXQgjQckKAXJnAoDJjQQDS6r9ABlfCIMCbQegeCUJcHr/CkGfbQVDxe0IAzg/BwNC/wXD08kGQP3HCqCwQwpBn20FIVLPCQDyiwECn0EBoMkrCAI3tvzBpTULgGz5B,0,False,1716271551.8436432,0.0504910945892334
/magnets,AESVPgBYCr4AAOm9ALSGPgDArr0A4Ms9ABCDPgBElb4AwK48ANSjPgDALr4AwC49AABpPgAINr4AoBG9AFUAQCBcUkEAy4XCAESVPgBIcL4AkPc9AABpPgAwoL0AAOk7AG8JQbzFk0JIFwPCoAAKwSjPDkI0U4vCQAxrQVC/IkKM+p7CQGLTQSARwUEQ0LPCUPCqQXC3wkEwhmDCAIycPgBYCr4A6Bg+wIKkQWAXr0IQiKzB4Ek8wWDpMEKgkyLB6K4XQsDIckLArZjAgP5jQQCN7b8YHFfC4IWbQVgQCUIAIr/CsITbQSgHfEKgXxDBkBnAwSAg80FoVXHCWFgQwiB220HsV7PCAOuiwID4z0BASErCAEXmvzg2TUJgpz1B,0,False,1716271551.893776,0.05013275146484375
/magnets,AKCRPgAwIL4AWAq+AABpPgAAab0AoJE9AKCRPgAQg74AAOk8AMCuPgBwWr4AwC49AOBLPgDALr4AoBG9AMH/P6DQUkFI0oXCAKCRPgC0hr4AAOk9AOBLPgBw2r0AAAAAgPoIQfDXk0JwAQPCQJIKwbAQD0IMaYvCYClrQeDNIkLww57CQGLTQeDWwEGUtrPCsEerQYBRwkF4jWDCAFiKPgAwIL4AWAo+kMukQager0JgXKzB4Ek8wYjTMEIgHyLBEJkXQnjBckJAOZjAgP5jQQBc5b/4/lbCcJSbQYD6CELsLL/CQJPbQbBIfEKAQhDBQEXAwWBa80EoG3HCYCUQwtCh20FocbPCgHaiwID4z0CwOUrCANLqvwh/TULA/j1B,0,False,1716271551.943483,0.04970717430114746
/magnets,ADCgPgDoGL4AMCC+AESVPgAAab0AEAM+ANh+PgCgkb4A4Es9ANSjPgAINr4AwK48ABCDPgAwIL4AwC69AAb9PwA/UkFwvIXCABCDPgAQg74AkPc9AEhwPgAQg70AAOk8YN0IQfDXk0K4CAPCgOMJwdj6DkLEYYvCQAxrQSAII0KM+p7CQGLTQZACwUGAwbPC4P6qQSDjwkFQo2DCAIycPgCgEb4AEAM+cK6kQeT9rkLAs6zBoA88wTj/MEJgWSLBeL0XQsDIckKAc5jAoDJjQQAA6b/4/lbCwGibQTAmCUJwE7/CYLDbQSgHfEKAQhDBcPy/wVDX8kFwInHC8DMQwiB220GkULPCwJmjwABW0UCwOUrCANLqv8B3TUIAOT5B,0,False,1716271551.9936612,0.05017805099487305
/magnets,AJB3PgB4J74A4Mu9AKCRPgAwoL0AAGk9ABCDPgD8jb4AAAAAADCgPgBQPb4AwC49AOBLPgAINr4AAOm8ADT7P2CWUkGsm4XCALSGPgBElb4AMCA+AJhEPgCQ970AAGk84FEJQXS+k0JQ5ALCAFgKwZDzDkL4c4vCYClrQbjjIkLczp7CkDbTQeDWwEFgpLPC4P6qQZDUwkEInGDCADCgPgCQ970AMCA+QPekQXQMr0JgXKzBAGc8wYAGMUIgHyLBgIoXQlikckLAlpnAoDJjQQDS6r/wMVfCIMCbQaAXCUIUF7/CsITbQQAdfEIg6w/BwNC/wcDI8kG4KXHCyEkQwgBZ20F8ZrPCANSjwMAy0EDQVkrCAOnpv8B3TUIgVj5B,0,False,1716271552.0436828,0.05002164840698242
/magnets,AFiKPgAwIL4A6Bi+AESVPgDArrwAwK49APyNPgAQg74AoBE9AESVPgAoU74AAGk9AEhwPgB4J74AAGm8ACcCQIDKUUEAy4XCAJB3PgBYir4AEAM+AChTPgBQvb0AAOk74FEJQbzFk0KQHgPC4DoKwbjdDkLEYYvCYClrQZD5IkIk1p7CACjTQXDlwEHwsrPCUPCqQdAOw0F4jWDCANSjPgDoGL4AeCc+wIKkQdAIr0LQTazBYNU7wYAGMUIgHyLByJEXQsDIckKAXJnAoBtkQQCh4r/4/lbCED2bQYD6CEJwE7/CIHbbQXAOfELgsA/BICjAwRCd8kHgE3HCYCUQwkCT20GQW7PCQCWjwACEz0AADkrCAADpvwh/TUIgVj5B,0,False,1716271552.0936446,0.04996180534362793
/magnets,ABCDPgCQ970AkPe9AKCRPgBQvb0AwK49ALSGPgAQg74AAGk8ANSjPgAoU74AoBE9AFiKPgBYCr4AwK68AFUAQAA/UkFcx4XCAKCRPgCQd74AEAM+AEhwPgAA6b0AAOk8oBcJQajQk0Lg8gLCIHUKwSACD0KQT4vCIO9qQbjjIkIw/p7CQGLTQVDIwEHIyLPCsEerQSDjwkGYqmDCADCgPgAQA74AUD0+0AWlQXzZrkLQTazBwCw8wTj/MEJgWSLBOIMXQnjBckKAc5jAoBtkQQBF5r/QFFfCAKObQaAXCUKkJb/C0KHbQXAOfEJgPA/BkBnAwYB380EAMXHCYCUQwtCh20F8ZrPCANSjwABW0UCQHErCAKTsvxBMTUJgkD5B,0,False,1716271552.1439612,0.050316572189331055
/magnets,ALSGPgBQPb4AkPe9AOiYPgDgS70AAGk9ALSGPgDYfr4AAGk8AIycPgAoU74AoBE9ALhhPgDoGL4AAOm7AFUAQCBcUkFcx4XCAABpPgCgkb4A6Bg+AChTPgDgy70AAGk8oBcJQTjfk0JwAQPCwDQJwWgJD0J8WovC4J1rQXDcIkKovJ7CsFPTQdBTwEHcvbPCwOGqQXC3wkHAlGDCAHinPgAwIL4AeCc+cK6kQSwFr0LQTazB4Ek8wdDaMEKAdiLBiFcXQsDIckJAOZjAYOFjQQAA6b8YHFfCwGibQTAmCUL0+b7CIHbbQQAdfELAfBDBsDbAwSAg80GYDHHCEFEQwlAt20FocbPCwJmjwECQ0UCwOUrCAOnpvzBpTULgGz5B,0,False,1716271552.193846,0.049884796142578125
/magnets,AKCRPgBQPb4AAOm9ALSGPgCgEb0AUL09ANh+PgBYir4AAOk7AIycPgDgS74AAOk7AJB3PgDALr4AAAAAAFUAQCBzUUE8qoXCAESVPgD8jb4AWAo+AJB3PgDArr0AAOk8oBcJQegKlELYJQPCwB0KwQDlDkIMaYvCYClrQSjVIkJE857CIEXTQaCcwEGAwbPCwOGqQXC3wkGAWmDCAOiYPgAQA74AMCA+AL2kQXQMr0KQE6zBQKE8wfD3MELAsCLBoKcXQnjBckLArZjAoDJjQQAA6b9gI1fC4IWbQaAXCUIUF7/CkGfbQZj4e0KgXxDB4O2/wSAg80HA9nDCODsQwmCw20FocbPCgF+jwIDh0EBoMkrCANLqv+hhTUJAcz5B,0,False,1716271552.2440703,0.05022430419921875
/magnets,AAi2PgAQA74AAOm9ANh+PgAwoL0AoJE9ALSGPgCgkb4AwK48ADCgPgBwWr4AAAAAAABpPgB4J74AAOm8gJsCQOAhUkEUwIXCANh+PgAAab4AkPc9AOBLPgBYCr4AAOk8YMYJQcjtk0JwAQPCAFgKwdj6DkIMaYvCoHpqQZD5IkL8657C4ArTQZACwUGUtrPCUPCqQWAdw0GYqmDCADCgPgCQ970A6Bg+cK6kQbDrrkJgXKzBoA88wfD3MELAxyHBgIoXQsDIckIA/5fAQMRjQQAA6b9ABlfCkLGbQcgBCUIoDL/CYLDbQeD/e0JgJRDBAAvAwRCd8kEAMXHCGB4QwoDN20F8ZrPCAOuiwMAy0EBoMkrCAI3tv8B3TUIAOT5B,0,False,1716271552.2941668,0.05009651184082031
/magnets,ALSGPgAwIL4AkPe9AFiKPgBQvb0AUL09ALSGPgAQg74AAOk8AAi2PgAAab4AoBE9AJB3PgB4J74AwK68AMH/PyBcUkEUwIXCAFiKPgBYir4AkPc9AHBaPgAwoL0AAGm84FEJQcjtk0IAEAPCgOMJwZDzDkLYVovCYClrQeDNIkKUx57CkDbTQeDWwEHIyLPCAByrQQDGwkHgsWDCAKCRPgCgEb4AMCA+UJGkQSwFr0JgXKzBAGc8wcgNMUJgWSLBEJkXQnjBckJAIpnAwE9jQQAA6b/QFFfCwGibQRAJCUJIKb/CcErbQUgkfEJACBDBAAvAwTC68kHYRnHCqCwQwpBn20GkULPCANSjwMAy0ECwOUrCAI3tv+CUTUKArT5B,0,False,1716271552.3449912,0.05082440376281738
/magnets,AOiYPgB4J74AkPe9ANh+PgDgS70AAGk9AFiKPgCQd74AoBE9APyNPgAoU74AAOk7AABpPgDoGL4AwC69gMkAQCBcUkFwvIXCAEhwPgC0hr4AWAo+AFA9PgAA6b0AAOk7IIwJQTjfk0KY6wLCYK8KwQiyDkLYVovCoGNrQQDrIkK05J7CIEXTQRCOwEEkxbPCwOGqQeCowkHofmDCANSjPgDoGL4AMCA+UJGkQdAIr0JgXKzBAGc8wajwMEIgHyLBeL0XQgjQckKAXJnAwE9jQQAA6b+w91bCAKObQcgBCUKECL/CQJPbQZArfEIg6w/BQEXAweDl8kH4Y3HCgEIQwrCE20GkULPCAOuiwMAy0EAgK0rCAOnpv7iqTULA/j1B,0,False,1716271552.3943183,0.04932713508605957
/magnets,AFiKPgAwIL4AMCC+ALSGPgDALr0AwK49ABCDPgDomL4AAOk8AOiYPgDALr4A4Es9ALSGPgAA6b0AAOm8ANj+PyBcUkHs1YXCALSGPgDYfr4AWAo+ALhhPgBw2r0AwK48gPoIQSTqk0IAEAPCoAAKwZjADkIAQYvCQAxrQZjGIkKUx57CkDbTQVDIwEHwsrPC4P6qQeCowkEwhmDCAOiYPgCgEb4AeCc+oGWkQZQpr0KglqzBgPI7wfD3MEIAAiLBoKcXQpjeckJAIpnAoDJjQQAu57+IDVfC4IWbQVgQCUJ8O7/CkGfbQWhBfEKAQhDBkBnAwVDX8kEoG3HCYCUQwlAt20FIVLPCQCWjwABt0EDwc0rCAI3tv5iNTULgGz5B,0,False,1716271552.4444535,0.050135135650634766
/magnets,AKCRPgB4J74A4Mu9AKCRPgDALr0AAGk9APyNPgDYfr4AAAAAAESVPgDALr4AAOk8AABpPgAQA74AEIO9gMkAQGCWUkGQ2YXCAFiKPgAAab4AEAM+ALhhPgBQvb0AAOk8IKMIQUzUk0Io+gLCYK8KwZjADkJ8WovCwIBrQSjVIkJE857CACjTQZACwUH82rPCcA2rQbDxwkHofmDCAPyNPgAwIL4ACDY+AL2kQUD6rkIgIqzBgNs8wYjTMEIgHyLBCMwXQkgKc0KAXJnAgP5jQQCN7b+w91bCED2bQVgQCUI0NL/CIHbbQZArfEIg6w/BkBnAwVDX8kGQP3HCWFgQwtCh20H4f7PCwLCiwMAy0EAYXkrCANLqv5iNTULA/j1B,0,False,1716271552.4944053,0.049951791763305664
/magnets,ADCgPgDoGL4A4Mu9AEhwPgBQvb0AwK49ANh+PgCgkb4AAOk8AIycPgDgS74AwC49AChTPgBQPb4AoBG9ANj+PyBcUkF85IXCAFiKPgD8jb4AAOk9AAg2PgAwoL0AAOk74FEJQUzUk0LA1QLCIHUKwSjPDkJoZYvCgEZrQZD5IkKUx57CsFPTQeDWwEH82rPCkCqrQeCowkEInGDCANSjPgB4J74AeCc+AL2kQfAlr0IQiKzBAGc8wWDpMEJgWSLBWKAXQnjBckJAIpnAAIpjQQBF5r9ABlfCMFqbQcA0CULgBL/CkGfbQdgyfELAfBDBAAvAwSAg80G4KXHC8DMQwlAt20HsV7PCwJmjwMAb0UBgZUrCAADpv1CGTUIAOT5B,0,False,1716271552.5446105,0.050205230712890625
/magnets,AESVPgAwIL4AcNq9ANh+PgDALr0AoJE9APyNPgC0hr4AwC49ANSjPgAwIL4AwC49ABCDPgAINr4AwC69AD4BQEB5UkEUwIXCANh+PgCgkb4AWAo+AJB3PgDgy70AwK48gPoIQZTbk0Io+gLCQJIKwYgmD0LsS4vCIO9qQQDrIkK05J7CIEXTQQD0wEGAwbPCUPCqQVCawkEQaWDCANSjPgCgEb4AwC4+AL2kQdAIr0LQTazBwCw8wWDpMEJAPCLByJEXQlDXckKAXJnAgBVjQQDp6b/wMVfCMFqbQTjzCELsLL/CQJPbQZArfELgsA/B4O2/wVDX8kFQBXHCeHUQwtCh20HYYrPCQA6kwECn0ECIT0rCANLqv1CGTUIAOT5B,0,False,1716271552.594632,0.05002140998840332
/magnets,AESVPgB4J74AcNq9AJB3PgDALr0AcNo9AFiKPgCgkb4A4Es9AIycPgAINr4AoBE9ALhhPgB4J74AAOm7AMH/P6DQUkG4w4XCAABpPgDYfr4AoBE+ALhhPgBQvb0AAGk8oBcJQbT4k0KY6wLCgOMJwfgXD0LsS4vCALtrQSjVIkIQ4Z7CcBnTQQD0wEEkxbPCcA2rQbDxwkHIYWDCAHinPgCgEb4AWAo+INqkQeT9rkLQTazBYL48wRjiMELAxyHBeL0XQpjeckKAc5jAAIpjQQAu57+AQFfCkLGbQYD6CEK4Gr/CIHbbQSgHfEKgXxDBkBnAwXD08kHA9nDC8DMQwpBn20GkULPCAOuiwIDh0EDYI0rCAKTsv3CjTUJAcz5B,0,False,1716271552.6447423,0.0501103401184082
/magnets,AIycPgAwIL4AAOm9AFiKPgDgy70AEIM9AChTPgBYir4AAGk8AMCuPgCYRL4AwK48AEhwPgAwIL4AAOm8gLIBQEB5UkHMuIXCABCDPgAAab4AkPc9AFA9PgAwoL0AoBE9QKkJQWzxk0IAEAPCIHUKwbjdDkKQT4vCIO9qQSAII0KM+p7CACjTQTCrwEFMr7PCwOGqQWAdw0EQaWDCADCgPgAwIL4AwC4+4J+kQcTgrkKAeazBQKE8wfD3MEJgWSLBEJkXQgjQckIA6JjAgP5jQQC767/QFFfCkLGbQXgtCUKkJb/CsITbQXAOfELgsA/BwNC/wdBL80EAMXHCODsQwvC+20HYYrPCwJmjwIDh0ED4QErCAKTsv8B3TUIgVj5B,0,False,1716271552.6949615,0.05021929740905762
/magnets,AOiYPgB4J74A4Mu9APyNPgDgS70AAGk9AFiKPgCgkb4AwC49ANSjPgBQPb4AoBE9AChTPgAINr4AwK68ANj+P4CzUkGkzoXCALSGPgAQg74AWAo+ALhhPgBQvb0AAGk8oBcJQajQk0Lg8gLCIIdGwZA1AkK0PZHC4LRqQXDcIkLww57CIEXTQaCcwEH82rPCMNOqQcCLwkHofmDCANSjPgB4J74A6Bg+UJGkQUD6rkIgIqzBQKE8wfD3MEJgWSLBWKAXQijtckJAOZjAIJBkQQCK478QT1fCMFqbQcgBCUKQML/CENzbQQAdfEIg6w/BsDbAwSAg80HgE3HC8DMQwpBn20FocbPCQCWjwECQ0UAYXkrCABfovwh/TUIgVj5B,0,False,1716271552.745037,0.050075531005859375
/magnets,AKCRPgB4J74AcNq9AKCRPgDArr0AoJE9ALSGPgD8jb4AwC49ADCgPgAINr4AAGk8AEhwPgDoGL4AAGm8AAb9P4CzUkG4w4XCALSGPgC0hr4AEAM+ANh+PgBQvb0AAOk7wDQJQYizk0LA1QLCcC+BwRBs6kGAK5HCIO9qQWgPI0K05J7CkDbTQSARwUHwsrPCIDmrQZDUwkHIYWDCANSjPgAwIL4AwC4+QPekQeT9rkIgIqzBAGc8wfD3MEJAPCLBeL0XQuDlckIA0ZnAwE9jQQDp6b8YHFfCIMCbQTjzCELsLL/CkGfbQXAOfEIAzg/BwNC/wQAD80EoG3HCyEkQwiB220Gcg7PCQDyiwECn0ECwOUrCAI3tv1CGTUKg4T1B,0,False,1716271552.795154,0.05011701583862305
/magnets,AKCRPgAQA74AkPe9APyNPgAA6b0A4Es9ABCDPgC0hr4AAGk8AHinPgBwWr4A4Es9AJB3PgAINr4AwC69gLIBQAA/UkGEsYXCALSGPgCQd74AWAo+AHBaPgDALr0AAOk8wEsIQWDJk0Lg8gLCAMnMwQBc5UEI+FzCoGNrQQi4IkLI2Z7CsFPTQWBLwUFE4rPCsEerQQDGwkFYcGDCAOiYPgAwIL4AeCc+oGWkQZz2rkIQiKzBIIQ8wWDpMEJAPCLB6K4XQgADc0LArZjAoDJjQQBc5b8YHFfCwGibQTAmCUKQML/CwB7bQXAOfEIAzg/BwNC/wVDX8kF473DCqCwQwvC+20HEbbPCAOuiwECn0EBoMkrCANLqvyicTUIAOT5B,0,False,1716271552.845197,0.05004286766052246
/magnets,AKCRPgB4J74AAOm9APyNPgAQg70AUL09AESVPgCgkb4AoBE9ADCgPgAoU74AAOk8ABCDPgBQPb4AAOm8AD4BQKDnUUF85IXCALhhPgC0hr4AkPc9AHBaPgAwoL0AAOk7oBcJQYDmk0II3QLCINokwQDUo0FA3mzBYClrQSjVIkIk1p7CIEXTQeDWwEFszLPCkCqrQWAdw0FYcGDCAHinPgB4J74ACDY+cK6kQXQMr0LQTazBAGc8wTj/MEKgkyLBYG0XQnjBckIA6JjAYPhiQQDS6r8YHFfC4IWbQYD6CEK4Gr/CQJPbQSA6fEIg6w/BICjAwTC68kEw6HDC8DMQwtCh20HQlbPCQCWjwIDK0UDYI0rCANLqv5iNTUIgVj5B,0,False,1716271552.8963175,0.05112051963806152
/magnets,AFiKPgBw2r0AkPe9AESVPgDArr0A4Ms9AFiKPgD8jb4AwC49APyNPgDALr4AAOk8AHBaPgDgS74AoBG9AD4BQAA/UkGkzoXCAJB3PgD8jb4AEAM+ANh+PgDArr0AAOk8oBcJQWDJk0J4zgLCAODLv0AFBkGAnFPAALtrQXDcIkKovJ7C0HDTQVDIwEFMr7PCsEerQZDUwkEouWDCAESVPgCQ970AeCc+cK6kQYgBr0JgXKzBoA88wfD3MELg5CHBgIoXQijtckKAc5jAoBtkQQAX6L/QFFfCsM6bQTAmCULYN7/CYLDbQeD/e0Ig6w/BcPy/wQAD80HYRnHCEFEQwgBZ20EgarPCQCWjwID4z0D4QErCALvrv+CUTULgGz5B,0,False,1716271552.945299,0.048981428146362305
/magnets,AESVPgDoGL4AoBG+APyNPgAoU74A4Ms9AFiKPgD8jb4AAOk8AKCRPgDgS74AoBE9ANh+PgBYCr4AoBG9ANj+P+AKU0EotYXCAPyNPgBElb4A6Bg+AOBLPgBQvb0AwK48YN0IQdzik0LA1QLCAFC9PQAqDEAAeCe+oExsQbAWI0K05J7CsFPTQXDlwEEEqLPCYHOrQUAAw0EQaWDCANSjPgAwIL4A6Bg+QPekQdAIr0JgXKzBgNs8wajwMEJAPCLB0F4XQmBxckLAf5rAIKdjQQDS6r+oKlfC4IWbQRAJCUK4Gr/CsITbQeD/e0Ig6w/BYGLAwZAR80EI/nDC8DMQwhDc20EMdbPCgHaiwABt0ECQHErCABfov7iqTUJgpz1B,0,False,1716271552.9956245,0.050325632095336914
/magnets,ALSGPgBQPb4AcNq9AJB3PgDUo74AWAo+APyNPgCMnL4A4Es9ADCgPgBwWr4A4Es9AChTPgDALr4AAOm7gJsCQMAEUkFcx4XCANh+PgCQd74AoBE+AOBLPgAwoL0AwK484FEJQZTbk0LA1QLCANSjPgAQAz8AAGk+oGNrQUjyIkK05J7CIEXTQYB/wEGUtrPCoMSqQVCawkHofmDCAHinPgBYCr4AMCA+INqkQSwFr0JgXKzBAGc8wfD3MEJgWSLBgIoXQnjBckIA0ZnAYPhiQQCk7L84OVfCsM6bQegeCUI0NL/C0KHbQWhBfEJgJRDBICjAwSAg80EgTnHC8DMQwkCT20HEbbPCQCWjwMAb0UBoMkrCAC7nv1CGTULA/j1B,0,False,1716271553.0456028,0.04997825622558594
/magnets,APyNPgDoGL4AcNq9AHBaPgDGQr8A4Es9AESVPgDomL4AwK48AHinPgDgS74AwC49AFiKPgB4J74AAGm8ANj+P8AEUkHMuIXCAEhwPgAQg74AEAM+ALhhPgBQvb0AAAAAYN0IQWzxk0JwAQPCAMCuPgDArrwAKFM+YClrQYgsI0IIFJ/C0HDTQQD0wEHwsrPCsEerQZDUwkFYcGDCANSjPgBYCr4ACDY+AL2kQSwFr0IQiKzBAGc8wYAGMUKAdiLByJEXQrj7ckLAlpnAAKFiQQB27r84OVfCUHebQcA0CULEQr/CkGfbQbBIfELAfBDBsDbAwZAR80FwInHCoF8QwtCh20FocbPCgF+jwMAy0EDYI0rCAI3tv8B3TUJgkD5B,0,False,1716271553.0957506,0.05014777183532715
/magnets,AABpPgDALr4AAOm9AKARvYArEcAAe7G/AIycPgC0hr4AAGk9AOiYPgB4J74AAGk9AFA9PgAwIL4AAOm8AFUAQCBcUkHY4IXCANh+PgD8jb4AMCA+ALhhPgCgkb0AwK48oBcJQRD1k0Io+gLCAByrPgDALr4AeCc+oGNrQUAlI0IIFJ/CQGLTQSARwUGAwbPCkCqrQXC3wkHAlGDCAIycPgCQ970AwC4+UJGkQRgQr0LwaqzBAGc8wRjiMEIgHyLBGGYXQjC6ckKARZrAwE9jQQDp6b8YHFfCUHebQVgQCULYN7/CkGfbQUBXfELgsA/B0FPAwcDI8kGg2XDCyEkQwgBZ20HYYrPCwJmjwABW0UD4QErCAFzlv8B3TULgGz5B,0,False,1716271553.145668,0.04991745948791504
/magnets,ANh+PgAQA74A4Mu9ANo3v4BwDsBAc77AABCDPgBYir4AEIM9ADCgPgCYRL4AwC49AOBLPgAwIL4AAOm7AMH/P6DnUUHMuIXCAESVPgBYir4AoBE+AHBaPgDArr0AwK48gPoIQdzik0Lg8gLCAGSyPgDgS74A6Bg+gF1qQdgAI0LUAZ/C0HDTQSARwUHcvbPCIDmrQUAAw0F4jWDCAESVPgCgEb4AeCc+4J+kQRgQr0LQTazB4Ek8wYjTMEKAdiLBgIoXQsDIckLAf5rAIKdjQQDS6r84OVfCgC6bQVgQCUKQML/CkGfbQdgyfEKgdg/BwNC/wcDI8kHgE3HCgEIQwmCw20EMdbPCQDyiwECn0EBIFUrCANLqv3hwTUJAcz5B,0,False,1716271553.1959016,0.05023360252380371
/magnets,AHBaPgDALr4AUL29AF6ev4C+KUCA+gjBAOiYPgBYir4AoBE9AIycPgC4Yb4AwC49AChTPgDALr4AwK68AMH/P8AEUkHY4IXCALSGPgBYir4AcNo9AOBLPgAwoL0AAOm7AG8JQQTNk0Io+gLCAGSyPgAINr4AEAM+IO9qQbjjIkIIFJ/C4ArTQQD0wEFMr7PCcA2rQfArw0EInGDCAOiYPgAA6b0AMCA+EFekQSwFr0KAeazBYNU7wVgcMUJgWSLBEJkXQpjeckJAIpnAwE9jQQDp6b/IR1fC4IWbQRAJCUJ8O7/CIHbbQbgVfEKgXxDBwNC/weDl8kFwInHCODsQwgBZ20EMdbPCQCWjwABt0ECwOUrCALvrv8hETUIAOT5B,0,False,1716271553.2460504,0.050148725509643555
/magnets,AJB3PgBw2r0AAOm9AGGov0Axy0BAir3AALSGPgCgkb4AoBE9ANSjPgC4Yb4A4Es9AOgYPgCYRL4AwK68AMH/P+AhUkFcx4XCAFiKPgDYfr4AkPc9AOBLPgDgy70AAOk7gPoIQajQk0K4CAPCAMCuPgBwWr4AEAM+4J1rQZD5IkKsF5/CQGLTQZACwUE4urPCcA2rQbDxwkEInGDCAOiYPgAA6b0AeCc+4J+kQSwFr0KglqzBIIQ8wWDpMEJgWSLB8HsXQlikckLAlpnA4GxjQQDS6r8QT1fCAKObQfDrCEJcHr/CYLDbQSA6fEIg6w/BkBnAwRCd8kG4KXHC8DMQwtCh20HEbbPCwLCiwIDh0EDQVkrCAEjwv1CGTUIgVj5B,0,False,1716271553.2960696,0.050019264221191406
/magnets,ANh+PgB4J74AoJG9ABwrv8DZ3UAADkrAAESVPgBElb4AEIM9AESVPgC4Yb4AwC49ALhhPgCYRL4AAGm9AB38P0B5UkHs1YXCALhhPgAAab4AAOk9ALSGPgDArr0AAOm7YN0IQXS+k0KY6wLCADCgPgCQd74AEAM+QAxrQSAII0Iw/p7CwO3SQQD0wEEEqLPC4P6qQdAOw0GYqmDCAHinPgBw2r0AeCc+kMukQUD6rkLQTazBIIQ8wYjTMELAxyHB6K4XQlDXckJAC5rAYPhiQQB27r8QT1fCkLGbQaAXCUJcHr/CsITbQfhPfEIAzg/BUN+/weDl8kHYRnHCyEkQwkCT20FocbPCgF+jwABW0UBgZUrCAF/vv+CUTUIAOT5B,0,False,1716271553.3465297,0.050460100173950195
/magnets,AFiKPgB4J74A4Mu9AITPvkCW5UAAkrC/APyNPgAQg74AoJE9AKCRPgDgS74AwK48ALhhPgAwIL4AAOm8ANj+PyBcUkEg6IXCABCDPgC0hr4AEAM+AJB3PgAQg70AwC49wDQJQcjtk0KY6wLCAOiYPgBwWr4AWAo+IO9qQdgAI0JE857CIEXTQQD0wEFgpLPCELaqQQDGwkHofmDCAMCuPgDALr4A6Bg+QPekQdwwr0IQiKzB4Ek8wcgNMUKAdiLBeL0XQuDlckLAlpnAwE9jQQCN7b84OVfCAKObQXgtCUKQML/CIHbbQUBXfELgmRDBkBnAwTC68kHYRnHCODsQwrCE20FIVLPCQA6kwECQ0UBoMkrCALvrv1CGTUJAcz5B,0,False,1716271553.3967326,0.05020284652709961
/magnets,ALSGPgBQPb4AcNq9AAi2vsCQBUEAuGE+ABCDPgCgkb4A4Es9AHinPgBwWr4AAOk8AChTPgBYCr4AAGm8AMH/P+AhUkHs1YXCAESVPgAAab4AoBE+AOBLPgAwoL0AAGk8YMYJQdzik0Lg8gLCAPTAPgBwWr4AEAM+YClrQUAlI0LADJ/CACjTQZACwUEskrPCkCqrQVCawkHAlGDCAKCRPgAINr4ACDY+wIKkQbwTr0KwMKzBIIQ8wfD3MEJAPCLBOIMXQpjeckJAIpnAoDJjQQDp6b8YHFfCMFqbQcgBCUKkJb/CAFnbQSA6fELgsA/BAAvAwZAR80EoG3HCoF8QwtCh20GkULPCwGulwIDh0EDQVkrCAOnpvwh/TULgGz5B,0,False,1716271553.4464202,0.04968762397766113
/magnets,ABCDPgB4J74AUL29AMAuvqBoLkGA+ghAAESVPgBElb4AAGk9AByrPgDALr4AoBE9AOBLPgDoGL4AAOm7AD4BQOAhUkE03YXCAJB3PgC0hr4AkPc9AEhwPgCgkb0AAOk8QKkJQRjCk0KY6wLCAAi2PgAAab4A6Bg+wIBrQdgAI0KM+p7CkDbTQeDWwEGoq7PCcA2rQfArw0EInGDCAHinPgDoGL4AMCA+4J+kQeT9rkIQiKzBoA88wYjTMEJgWSLBeL0XQjC6ckLArZjA4GxjQQDp6b+oKlfC4IWbQegeCUKkJb/C0KHbQQAdfELgsA/BwNC/wQAD80HgE3HCWFgQwiB220EATbPCwJmjwECQ0UAADkrCAHbuv1hTTUJgkD5B,0,False,1716271553.4965184,0.05009818077087402
/magnets,ABCDPgB4J74AUL29AFgKPwAXaEEAZ7xAADCgPgBYir4AwC49AByrPgDgS74AoBE9ALhhPgAINr4AwC69gMkAQAA/UkE03YXCAPyNPgAQg74AkPc9AJhEPgDgy70AAGk8QMAIQRjCk0Io+gLCADCgPgDgS74AEAM+QAxrQUjyIkIcCZ/C0HDTQeDWwEEEqLPC4P6qQXC3wkFYcGDCADCgPgDALr4AeCc+wIKkQager0KglqzBAGc8wYAGMULAxyHB8HsXQnjBckKAXJnAYPhiQQB27r9YVlfCIMCbQcA0CUIAIr/CsITbQeD/e0LgmRDBkBnAwZAR80EAMXHCYCUQwkCT20E0X7PCANSjwMAb0UBoMkrCABfovwh/TUIgVj5B,0,False,1716271553.546513,0.049994707107543945
/magnets,AKCRPgAQA74AMKC9gLULQADBf0EA0RlBAJB3PgC0hr4A4Es9AKCRPgBYCr4AAOk8AChTPgBYCr4AAGm9AD4BQCBcUkFwvIXCAJB3PgBIcL4AkPc9ALhhPgDgy70AAOk8gOMJQajQk0Io+gLCAFC9PgBwWr4AkPc9wIBrQdgAI0J4BZ/CkDbTQTCrwEFgpLPC0GSrQUAAw0GAWmDCAHinPgCQ970AwC4+cK6kQYA0r0JgXKzBYNU7wRjiMEIAAiLBMLYXQlDXckLArZjAIKdjQQCk7L84OVfC4IWbQcA0CUKQML/CcErbQUgkfEKAQhDBICjAweDl8kFoVXHCqCwQwkCT20EgarPCQCWjwID4z0CwOUrCALvrv3hwTUIgVj5B,0,False,1716271553.5968635,0.05035042762756348
/magnets,APyNPgCgEb4A4Mu9AIFFQHAelkGgnEBBANh+PgDYfr4AoJE9AByrPgCYRL4AAOk8AHBaPgDALr4AwK68gMkAQEB5UkGkzoXCAFiKPgCgkb4AAOk9AEhwPgAwoL0AAGk8AG8JQWzxk0KY6wLCANSjPgAAab4A6Bg+YClrQZD5IkJkEJ/CQGLTQVDIwEEEqLPCYHOrQSDjwkGgd2DCAKCRPgDoGL4A6Bg+kMukQWAXr0LwaqzBQKE8wajwMEJAPCLBOIMXQnjBckLArZjA4GxjQQC767+oKlfC4IWbQVgQCULsLL/CwB7bQQAdfEJgJRDBICjAwbAu80FIOHHCyEkQwoDN20FUfLPCwJmjwMAy0ECwOUrCAHbuvwh/TUJgkD5B,0,False,1716271553.6468618,0.04999828338623047
/magnets,AFiKPgDoGL4AkPe9wEuIQEBCtkFgZUpBAJB3PgCgkb4AoBE9AHinPgDYfr4AAOk8ALhhPgAwIL4AAOm8AO/9P+AhUkFwvIXCAESVPgC0hr4AEAM+AEhwPgCgkb0AAAAAgOMJQRjCk0KY6wLCAHinPgC0hr4AkPc9YClrQbjjIkL8657C4ArTQeDWwEG8oLPCsEerQSDjwkEInGDCAIycPgAwIL4A6Bg+cK6kQRgQr0IwpazBwCw8wYAGMUIgHyLBiFcXQlDXckKAXJnAgBVjQQB27r/QFFfCoEubQTAmCUKkJb/CQJPbQUBXfEJgJRDBsDbAwcDI8kFwInHC8DMQwnBK20HYYrPCANSjwIDh0ECQHErCABfov+CUTUIAOT5B,0,False,1716271553.6970637,0.0502018928527832
/magnets,APyNPgDoGL4A4Mu9YLIUQeAvM0JgKyRBALSGPgD8jb4AEIM9ANSjPgCYRL4AwC49ALhhPgAwIL4AwC69gJsCQMAEUkHMuIXCAEhwPgD8jb4AAOk9ALhhPgAwoL0AAGk8QKkJQZTbk0II3QLCADCgPgAQg74AEAM+YClrQSjVIkKA0p7CQGLTQUAuwUFgpLPCMNOqQaBuwkFYcGDCAPyNPgCgEb4AkPc94J+kQRgQr0JgXKzBAGc8waAjMUIgHyLByJEXQgjQckJAIpnAgBVjQQBI8L/oZFfCUHebQaAXCUJcHr/CkGfbQSA6fEIAzg/BwNC/wXD08kFwInHCoF8QwrCE20F8ZrPCANSjwIDh0EAYXkrCALvrv6BaTUIgVj5B,0,False,1716271553.7470767,0.050013065338134766
/magnets,ANh+PgB4J74A4Mu94KN/QZD2mEKQ+aLBANh+PgB4p74AAGk9ADCgPgBwWr4AwC49AJB3PgB4J74AAGm8AHn4P0B5UkGkzoXCAJB3PgDYfr4AoBE+AChTPgAwoL0AwK48QKkJQYDmk0J4zgLCANSjPgAAab4AEAM+QPVrQSAII0Ik1p7CIEXTQcC5wEHcvbPCQFarQZDUwkFYcGDCAIycPgDoGL4ACDY+4J+kQXQMr0JgXKzBoA88wUDMMEIgHyLBqHQXQlikckIA6JjAgBVjQQC76784OVfCcJSbQVgQCUI0NL/CgM3bQWhBfEIg1BDB4O2/wWBa80EAMXHCqCwQwpBn20FIVLPCwJmjwMAy0EAgK0rCALvrv3hwTULA/j1B,0,False,1716271553.7975705,0.050493717193603516
/magnets,AFiKPgCgEb4AAGm9wGKHQXh1kELw227CALSGPgAQg74AoJE9AIycPgCYRL4AAGk9AJB3PgAwIL4AAGm8AMH/P0B5UkHgrYXCAHBaPgAQg74AWAo+AJhEPgDArr0AAOk8QKkJQUzUk0K4CAPCANSjPgDYfr4AoBE+gEZrQZD5IkKg757CEKvTQeDWwEFMr7PCUPCqQdAOw0Ggd2DCAKCRPgDoGL4AwC4+UJGkQWAXr0JAP6zBYL48wWi2MEKAdiLBmNoXQgjQckKAXJnAgP5jQQBI8L+oKlfCcJSbQWDdCEIAIr/CkGfbQUgkfEIg6w/BcPy/wSAg80HgE3HCWFgQwmCw20EgarPCwJmjwECn0EDQVkrCAHbuvwh/TUKgyj5B,0,False,1716271553.8477407,0.050170183181762695
/magnets,AABpPgBQPb4AUL29AEt6Qbi5f0LUzYzCAPyNPgCgkb4AoBE9AFiKPgDALr4AAOk8AJhEPgCgEb4AAOm8gIQDQGCWUkGEsYXCABCDPgBIcL4AoBE+AFA9PgAQA74AAGk8oBcJQdzik0JwAQPCAByrPgC4Yb4AwC4+oGNrQWgPI0JY6J7CACjTQQD0wEFszLPCUPCqQXC3wkEQaWDCANSjPgAA6b0A6Bg+INqkQWAXr0JgXKzBgPI7wajwMEKAdiLBOIMXQoCOckKARZrAIKdjQQBf77+AQFfCcJSbQTjzCEIAIr/CQJPbQfhPfEJgJRDBcPy/wQAD80FQBXHCWFgQwtCh20EgarPCgHaiwECn0ECIT0rCAOnpv8B3TUIAOT5B,0,False,1716271553.8979902,0.050249576568603516
/magnets,AKCRPgCgEb4AUL294NZAQbCJHkJkJ57CALSGPgD8jb4AwC49AOiYPgCYRL4A4Es9ALhhPgCgEb4AoBG9AO/9P2CtUUFcx4XCANh+PgCgkb4AWAo+ALhhPgBw2r0AwC49oBcJQdzik0K4CAPCANSjPgDYfr4AEAM+YClrQdgAI0LI2Z7CACjTQUAuwUHwsrPCMNOqQVCawkF4jWDCADCgPgCgEb4AMCA+4J+kQVTvrkJgXKzBAGc8wWDpMEJgWSLB6K4XQuDlckIA6JjA4GxjQQCN7b84OVfCkLGbQYD6CEKQML/CkGfbQeD/e0JACBDBkBnAweDl8kG4KXHCyEkQwqDq20FIVLPCQCWjwID4z0AgK0rCALvrv+hhTULgGz5B,0,False,1716271553.9476166,0.04962635040283203
/magnets,APyNPgBYCr4AwK69MN6BQeBrEkLAgqTCAPyNPgDYfr4AwC49ANSjPgC4Yb4AoBE9AFA9PgAwIL4AAOm8AMH/P8AEUkGkzoXCAJB3PgBElb4AWAo+AJhEPgAAab0AAAAAQKkJQaADlEKY6wLCAIycPgCQd74AMCA+4J1rQbjjIkKg757CYH/TQbAfwUGoq7PCoMSqQfArw0FQo2DCAIycPgAwIL4A6Bg+0AWlQZz2rkKAeazBQKE8wWDpMEIAAiLB8HsXQjiHckJAC5rAQNtiQQBI8L9YVlfCAKObQVgQCULsLL/CsITbQUgkfELAkw/B4O2/wQAD80HgE3HCGB4QwrCE20FIVLPCwLCiwMAb0UDQVkrCAI3tv5iNTUIgVj5B,0,False,1716271553.9975858,0.04996919631958008
/magnets,APyNPgCgEb4AwK69wGWRQXhECEJQTKfCAFiKPgD8jb4AAGk9ANSjPgBQPb4A4Es9AFiKPgAwIL4AwC69gMkAQOAhUkEUwIXCANh+PgBYir4AkPc9AJB3PgBQvb0AAOk7wDQJQWzxk0JwAQPCANSjPgC4Yb4AcNo94LRqQQDrIkJY6J7CYH/TQZACwUGAwbPCkCqrQSDjwkEInGDCAPyNPgB4J74ACDY+kMukQYgBr0IABazBAGc8wRjiMEIAAiLBgIoXQsiVckLAlpnAAIpjQQBf778wbFfCAKObQRAJCUIAIr/C0KHbQbgVfEKAQhDB4O2/wTC68kEAMXHC0BYQwkCT20EgarPCANSjwIDh0EBASErCALvrv5iNTUIgVj5B,0,False,1716271554.047764,0.05017828941345215
/magnets,AIycPgCgEb4AUL29oF+QQYD6CEKo7abCAKCRPgCQd74AEIM9AAi2PgBQPb4AoBE9AJhEPgAwIL4AAOm7ANj+PyBcUkFI0oXCALSGPgBYir4AkPc9AChTPgCgkb0AwK48YMYJQYDmk0KY6wLCAByrPgBIcL4AcNo9IO9qQQDrIkLczp7C0HDTQbAfwUEkxbPC4P6qQQDGwkGAWmDCAMCuPgDgy70A6Bg+wIKkQdAIr0KglqzBwCw8wYjTMEJAPCLBwMQXQrj7ckLArZjA4GxjQQDS6r8QT1fCQN2bQRAJCUJIKb/CIHbbQbBIfEKgXxDBkBnAwcDI8kF473DCyEkQwiB220HYYrPCwLCiwECn0ECIT0rCALvrv8B3TUIAOT5B,0,False,1716271554.098212,0.050447940826416016
/magnets,AKCRPgCgEb4AoJG9ALeQQdDOCEJM8abCAIycPgBYir4AAGk9ANSjPgBwWr4AwK48ANh+PgB4J74AwC69ANj+P4DKUUEAy4XCAFiKPgBYir4A6Bg+AHBaPgAwoL0AwK484FEJQbT4k0K4CAPCAOiYPgCQd74AMCA+4J1rQbAWI0L8657CACjTQeDWwEHcvbPCkCqrQSDjwkGgd2DCAHinPgCQ970AMCA+UJGkQbwTr0IQiKzBgNs8wWDpMEJgWSLBgIoXQkghckJA9JrAoBtkQQCN7b9gI1fCAKObQcgBCUI0NL/CQJPbQYhefELAkw/BAAvAwaCr8kEAMXHCGB4QwrCE20F8ZrPCQDyiwID4z0BASErCAC7nvzBpTULA/j1B,0,False,1716271554.1480327,0.049820661544799805
/magnets,APyNPgDALr4AMKC9kMWQQRjWCELw9KbCAPyNPgC0hr4AEIM9AByrPgAINr4AAOk7AJhEPgBYCr4AAOm8ANj+P8AEUkFI0oXCAEhwPgD8jb4AcNo9AABpPgAA6b0AAGk8oBcJQSTqk0II3QLCADCgPgC4Yb4AkPc9gEZrQcCwIkKM+p7CcBnTQZACwUGUtrPCsEerQSDjwkHofmDCAIycPgCgEb4A4Es+MHSkQager0KAeazBgPI7wWDpMEJAPCLB0F4XQuiyckJAC5rAQNtiQQAA6b8QT1fCkLGbQYjHCELMD7/CsITbQUBXfELAfBDBcPy/wZAR80HA9nDCoF8QwpBn20EMdbPCQA6kwMAb0UBoMkrCAEjwv+hhTULA/j1B,0,False,1716271554.1982834,0.05025076866149902
/magnets,APyNPgCgEb4A4Mu9YCWQQcgBCUJM8abCAOiYPgDomL4AAGk9AOiYPgDgS74AAGk8AHBaPgDoGL4AAGm8ANj+PyBcUkFI0oXCABCDPgBYir4AAOk9AEhwPgBw2r0AAAAAIKMIQZTbk0JwAQPCAKy5PgAQg74AMCA+4LRqQdgAI0LI2Z7C8I3TQRCOwEHwsrPCcA2rQXC3wkFQo2DCAOiYPgAA6b0ACDY+INqkQXQMr0LwaqzBYL48wWDpMEKAdiLBWKAXQgADc0IA6JjAgBVjQQBc5b+AQFfCIMCbQTjzCEKQML/C4DvbQWhBfEKgXxDBMMK/wZAR80GYDHHCyEkQwkCT20HYYrPCANSjwECn0ECwOUrCALvrvwh/TUIAOT5B,0,False,1716271554.2481172,0.04983377456665039
/magnets,AByrPgDoGL4AMKC9MG6QQcgBCUJsDqfCADCgPgDYfr4A4Es9AIycPgBQPb4AAOk8AABpPgDALr4AoBG9AO/9P6DQUkFcx4XCAPyNPgBwWr4AAOk9AHBaPgAwoL0AwK48QKkJQQTNk0II3QLCAIycPgDYfr4A6Bg+INhrQUjyIkKg757C8I3TQRCOwEGUtrPCcA2rQUAAw0EQaWDCADCgPgAA6b0AeCc+AL2kQdAIr0JAP6zBQKE8wRjiMEJAPCLBYG0XQvhMckLAf5rAwE9jQQCN7b84OVfCkLGbQcA0CULsLL/CIHbbQbBIfEKgXxDBUN+/wcDI8kGYDHHC8DMQwmCw20FcSbPCgF+jwID4z0D4QErCAADpv5iNTUIAOT5B,0,False,1716271554.2982354,0.050118207931518555
/magnets,ABCDPgB4J74A4Mu9UIuQQRjWCEJg5qbCAFiKPgAQg74AAGk9APyNPgDgS74AwK48AJB3PgDoGL4AoBG9AB38P4CzUkGQ2YXCABCDPgBYir4AkPc9AChTPgBQvb0AwK48wDQJQUzUk0KQHgPCAESVPgCQd74AkPc9gF1qQeDNIkJY6J7CIEXTQUAuwUEEqLPCQFarQZDUwkHofmDCAESVPgBYCr4A6Bg+YBSlQWAXr0KQE6zB4Ek8wTj/MEKgkyLBeL0XQsiVckIA0ZnAYPhiQQBf77/wMVfCwGibQXgtCUKkJb/CUC3bQXAOfEKAQhDBMMK/wcDI8kHA9nDCEFEQwvC+20EMdbPCwJmjwECn0EBoMkrCAI3tv8B3TUIgVj5B,0,False,1716271554.3483558,0.05012035369873047
/magnets,ANSjPgAQA74AwK69UIuQQTjzCELICqfCANSjPgAAab4AAGk9AByrPgAAab4A4Es9ALhhPgDgS74AAOm8AAb9P+AhUkFI0oXCANh+PgCgkb4AoBE+ALhhPgDArr0AAAAAQKkJQRD1k0KY6wLCAHinPgCQd74AoBE+IO9qQXDcIkKA0p7CIEXTQeDWwEGAwbPCwOGqQQDGwkHofmDCAMCuPgAA6b0A6Bg+0AWlQWAXr0JgXKzBwCw8wfD3MEJAPCLBoKcXQnjBckJAIpnAgBVjQQDS6r94c1fC4IWbQTjzCEK4Gr/CQJPbQZj4e0JgJRDBcPy/wfB/8kEw6HDCqCwQwkCT20GQW7PCwJmjwEC+z0D4QErCAEXmvyicTULgGz5B,0,False,1716271554.3983972,0.05004143714904785
/magnets,ADCgPgAA6b0A4Mu9UIuQQajkCEI4/KbCAPyNPgCgkb4A4Es9AMCuPgDALr4AAGk8AHBaPgDALr4AAOm8AO/9P8AEUkEUwIXCAEhwPgBIcL4AMCA+AChTPgDArr0AAGk8gPoIQXS+k0KY6wLCAOiYPgAoU74AMCA+ALtrQdgAI0JE857CQGLTQZACwUEkxbPCcA2rQXC3wkEwhmDCAIycPgBQvb0AwC4+wIKkQWAXr0LwaqzBQKE8wWDpMEJgWSLB8HsXQkBUckKARZrAAIpjQQDp6b+AQFfCkLGbQRAJCULsLL/CIHbbQUgkfEIAzg/BwNC/wZAR80FwInHCWFgQwpBn20FocbPCQA6kwABW0UDQVkrCAC7nv3hwTULgGz5B,0,False,1716271554.4485283,0.05013108253479004
/magnets,APyNPgCgEb4AEIO94JmQQWDdCELICqfCAPyNPgBElb4AwC49AIycPgAoU74AAOk8AHBaPgDALr4AwC69AMH/P+AhUkEUwIXCABCDPgD8jb4AEAM+ALhhPgDgy70AoBE9AG8JQTjfk0JwAQPCAGSyPgDYfr4AkPc9gEZrQVC/IkLI2Z7C4ArTQZACwUEEqLPC4P6qQSDjwkHofmDCAIycPgCgEb4AMCA+8DmkQager0LQTazBAGc8wYAGMUKgkyLBYG0XQkBUckJAC5rAoDJjQQAX6L/wMVfCUHebQXgtCUJIKb/CAFnbQSgHfEKAQhDBUN+/weDl8kFQBXHCODsQwkCT20HYYrPCQA6kwABW0UBgZUrCAEXmvwh/TUJAcz5B,0,False,1716271554.4987156,0.05018734931945801
/magnets,AOiYPgAA6b0AUL29INSQQfDrCEJM8abCAFiKPgAQg74AAGk9AFC9PgCYRL4AwC49AKCRPgB4J74AwK68AO/9PwA/UkHs1YXCAFiKPgAQg74AWAo+AOBLPgDArr0AAOk8AG8JQWDJk0JwAQPCAIycPgBIcL4AMCA+YClrQQDrIkIw/p7CsFPTQSARwUGoq7PCAByrQXC3wkHIYWDCAOiYPgB4J74AWAo+oGWkQSwFr0LQTazBQKE8wdDaMEIgHyLBWKAXQkgKc0JAIpnAYPhiQQAA6b8YHFfCMFqbQcgBCULYN7/CYLDbQYhefEJACBDBkBnAwVDX8kGYDHHCoF8QwkCT20H4f7PCQDyiwECQ0UDQVkrCAADpv6BaTULA5z5B,0,False,1716271554.5487983,0.05008268356323242
/magnets,ABCDPgAINr4AMKC9INSQQTjzCEKo7abCAKCRPgCgkb4AMKA9AESVPgAoU74AAGk8AJB3PgBQPb4AwC69AO/9P2CWUkFwvIXCANh+PgDYfr4AEAM+AChTPgBQvb0AAAAAwB0KQZyok0K4CAPCAPTAPgBIcL4AwC4+gF1qQSjVIkJkEJ/CQGLTQZACwUGoq7PCIDmrQUAAw0GAWmDCAHinPgBYCr4A6Bg+cK6kQXQMr0JAP6zBoA88wfD3MEJgWSLBGGYXQuiyckLAlpnAoBtkQQCN7b9gI1fCIMCbQegeCUK4Gr/CkGfbQUgkfEJgJRDB4O2/wZAR80GQP3HC0BYQwrCE20G4RbPCwJmjwECn0ECobErCAADpv1CGTUIgVj5B,0,False,1716271554.598771,0.0499727725982666
/magnets,AKCRPgAQA74A4Eu9MG6QQdDOCEJM8abCAFiKPgD8jb4AwC49ADCgPgDgS74AAGk9ALhhPgB4J74AwK68AMH/PyBcUkHMuIXCAESVPgDYfr4AkPc9AHBaPgAQg70AAGk8gPoIQdC6k0Io+gLCAFiKPgDYfr4AEAM+YClrQeDNIkJs3Z7CIEXTQcC5wEE4urPCwOGqQSDjwkHofmDCADCgPgAQA74AMCA+4J+kQQzorkKglqzB4Ek8wWi2MEKAdiLByJEXQoCOckJAC5rAAIpjQQDp6b/wMVfCUHebQaAXCUK4Gr/CQJPbQbgVfELAfBDB4O2/wbAu80HYRnHCYCUQwgBZ20GkULPCQDyiwECQ0UBoMkrCAOnpv3hwTUIgVj5B,0,False,1716271554.6492422,0.05047106742858887
/magnets,AOiYPgDALr4AwK69wHyQQdDOCEKAA6fCAOiYPgCgkb4AEIM9AKCRPgB4J74A4Es9ALhhPgCgEb4AAOm8AO/9P4DKUUGkzoXCANh+PgBIcL4AAOk9ANh+PgDArr0AwK48YMYJQYDmk0KY6wLCAFC9PgBwWr4AeCc+ANJqQXDcIkJE857CsFPTQZACwUFszLPCQFarQSDjwkF4jWDCADCgPgBQPb4AMCA+oGWkQUwir0JAP6zBAGc8wWDpMEIAAiLB6K4XQlDXckLAlpnAwDhkQQB27r+oKlfCUHebQegeCUKkJb/CQJPbQYhefEKgXxDBcPy/wVDX8kFQBXHCiA8QwiB220EgarPCgF+jwMAy0EBgZUrCANLqv8B3TULgGz5B,0,False,1716271554.699669,0.05042672157287598
/magnets,AKCRPgB4J74A4Mu9cKiQQRjWCEIkB6fCAOiYPgBElb4A4Es9AESVPgAoU74AAOk8ABCDPgAQA74AAOm8gIQDQCBcUkEg6IXCALSGPgDYfr4A4Ms9AChTPgBQvb0AwK48oBcJQbzFk0JIFwPCAOiYPgAQg74A6Bg+YClrQQDrIkIw/p7CACjTQVDIwEHcvbPCQFarQQDGwkEwhmDCAByrPgAwIL4AeCc+AL2kQVTvrkLQTazBoPg8wfD3MEIgHyLBOIMXQtBickKAXJnAAKFiQQCk7L+gXVfCAKObQaAXCUIMSr/CkGfbQbgVfEKgXxDBcPy/wSAg80F473DCEFEQwrCE20E0X7PCwJmjwIDh0ED4QErCAOnpvxBMTUJgkD5B,0,False,1716271554.749216,0.04954719543457031
/magnets,AESVPgDALr4A4Mu9MG6QQdDOCEI4/KbCAESVPgDYfr4AoJE9ADCgPgB4J74AAAAAALSGPgB4J74A4Eu9AFUAQMAEUkHMuIXCAKCRPgDYfr4AoBE+ALhhPgAwoL0AAGk8AG8JQRD1k0KY6wLCAHinPgBIcL4AoBE+wIBrQbjjIkKA0p7CsFPTQQD0wEFMr7PCIDmrQQDGwkFYcGDCANSjPgDALr4AeCc+EFekQSwFr0LwaqzBwCw8wfD3MEIAAiLBQFAXQmBxckJAC5rAwE9jQQCN7b/oZFfCUHebQTAmCUI0NL/CAFnbQUgkfEKAQhDBAAvAweDl8kEw6HDCgEIQwpBn20Gcg7PCwLCiwMAy0ECwOUrCAADpv3hwTUIAOT5B,0,False,1716271554.7999682,0.05075216293334961
/magnets,AKCRPgB4J74AwK69wHyQQfDrCEIkB6fCAESVPgBYir4AoJE9ANSjPgC4Yb4AoBE9AEhwPgDoGL4AwK68AFUAQCBcUkHgrYXCALSGPgC0hr4AAOk9AHBaPgBQvb0AoBE94FEJQUzUk0IAEAPCAByrPgBIcL4AWAo+ANJqQbjjIkIcCZ/C4ArTQeDWwEEEqLPCUPCqQQDGwkFgPWDCADCgPgAwIL4ACDY+AL2kQYgBr0LQTazB4Ek8wWDpMEJAPCLBMLYXQrj7ckKAXJnA4GxjQQCk7L+AQFfCcJSbQcA0CULsLL/C0KHbQdgyfEJgJRDB0FPAwcDI8kHgE3HCEFEQwkCT20FocbPCwLCiwABW0UBASErCAI3tv5iNTULA/j1B,0,False,1716271554.8493748,0.04940652847290039
/magnets,AIycPgBw2r0AEIO94JmQQVgQCULICqfCALSGPgAQg74AAGk9ANSjPgB4J74AwC49ANh+PgDoGL4AwK68AD4BQMAEUkHs1YXCAPyNPgD8jb4AAOk9ALhhPgAwoL0AAOm7QKkJQXS+k0LA1QLCADCgPgAQg74AwC4+4J1rQQDrIkLADJ/CACjTQSARwUFszLPCkCqrQQDGwkHofmDCALSGPgBw2r0AwC4+4J+kQdAIr0JAP6zBAGc8wdDaMELg5CHBqHQXQvB/ckLAf5rAoDJjQQBF5r+oKlfCUHebQVgQCUJwE7/CIHbbQbBIfEJgJRDBsDbAwQAD80HA9nDCODsQwqDq20HkirPCQCWjwMAb0UBASErCABfovzBpTUIAOT5B,0,False,1716271554.8999329,0.05055809020996094
/magnets,AFiKPgAINr4AcNq9cKiQQYjHCEJM8abCAPyNPgCQd74AAGk9AESVPgAoU74AwC49ALhhPgBQPb4AAGm8AFUAQGCtUUEUwIXCAFiKPgD8jb4AEAM+ANh+PgBQvb0AAAAAwDQJQQTNk0Lg8gLCAESVPgBIcL4AoBE+QAxrQWgPI0Iw/p7CsFPTQXDlwEFszLPCUPCqQfArw0EwhmDCAOiYPgAQA74AEAM+cK6kQeT9rkIQiKzBIIQ8wTj/MEJAPCLB8HsXQhCdckKARZrAgP5jQQB27r94c1fCwGibQVBDCUK4Gr/C8L7bQUgkfEIAzg/B4O2/wTC68kEoG3HCWFgQwrCE20E0X7PCwLCiwECQ0UDQVkrCAOnpvwh/TUJgkD5B,0,False,1716271554.949576,0.04964303970336914
/magnets,APyNPgDgy70AUL29UIuQQTjzCEKo7abCANh+PgDYfr4AEIM9AOiYPgBQPb4AAOk8AJB3PgBYCr4AAOm8AFUAQIDKUUHMuIXCAFiKPgCQd74AWAo+AOBLPgDgy70AoBE9YMYJQfDXk0K4CAPCADCgPgAQg74A6Bg+QAxrQXDcIkJkEJ/CsFPTQVDIwEGAwbPCsEerQXC3wkEwhmDCAOiYPgAQA74A6Bg+wIKkQbwTr0LQTazBIIQ8wajwMELAsCLBMLYXQlDXckIA6JjAYOFjQQCN7b8QT1fC4IWbQYD6CEJcHr/CcErbQUgkfEJgJRDBAAvAwbAu80EgTnHCoF8QwvC+20F8ZrPCgF+jwIDh0EBoMkrCABfov6BaTUIAOT5B,0,False,1716271554.9997053,0.05012941360473633
/magnets,APyNPgB4J74AMKC9ALeQQYjHCEKAA6fCANh+PgC0hr4AMKA9ABCDPgB4J74A4Es9ALhhPgAQA74AAOm8AD4BQMAEUkGkzoXCAABpPgAQg74AEAM+AHBaPgAAab0AAGk8AG8JQcjtk0Lg8gLCAESVPgDYfr4AMCA+wJdqQSAII0JY6J7C4ArTQQD0wEGAwbPCIDmrQQDGwkGgd2DCAByrPgCgEb4A6Bg+AL2kQeT9rkLQTazBgPI7wajwMELg5CHBWKAXQnjBckKARZrAAIpjQQAx8b9gI1fCUHebQRAJCUJcHr/CkGfbQdgyfEIAzg/BQEXAwXD08kHgE3HCODsQwmCw20E0X7PCgEikwID4z0D4QErCAC7nv+CUTUJAcz5B,0,False,1716271555.0496144,0.049909114837646484
/magnets,ALSGPgDoGL4AEIO9ALeQQTjzCEI4/KbCAHinPgBYir4AMKA9AIycPgAoU74AwK48AABpPgDoGL4AwK68ADT7P6DnUUHMuIXCANh+PgC0hr4AEAM+AABpPgDArr0AAOk7gPoIQTjfk0Lg8gLCAGSyPgCQd74A6Bg+ANJqQZD5IkKM+p7CIEXTQaCcwEEkxbPCcA2rQbDxwkEQaWDCANSjPgAQA74ACDY+AL2kQYgBr0JAP6zBoA88wRjiMELg5CHBgIoXQsDIckLAlpnAIKdjQQBf77/QFFfCQN2bQVgQCULYN7/C4DvbQfhPfEJA8RDBUN+/wVDX8kEAMXHCODsQwiB220E0X7PCAOuiwID4z0D4QErCANLqv3hwTUIgVj5B,0,False,1716271555.0999045,0.05029010772705078
/magnets,APyNPgBYCr4A4Mu9kMWQQWDdCEI4/KbCAEhwPgDYfr4AEIM9AMCuPgBwWr4AwK48AJB3PgBQPb4AwK68AO/9PyBcUkFcx4XCAFiKPgCQd74AWAo+AJB3PgBw2r0AAOk74FEJQXS+k0KQHgPCADCgPgAQg74AoBE+INhrQVC/IkKA0p7CsFPTQZACwUEkxbPCUPCqQZDUwkEwhmDCAKCRPgDALr4ACDY+UJGkQQQbr0KAeazBQKE8wajwMELAsCLBEJkXQlikckKARZrAwE9jQQDS6r8QT1fCcJSbQVgQCUI8Ab/CYLDbQWhBfELgsA/BMMK/wXD08kFIOHHCgEIQwiB220GQW7PCAAKiwABt0ECIT0rCAHbuvwh/TULA/j1B,0,False,1716271555.1500068,0.05010223388671875
/magnets,AESVPgDoGL4AMKC9ALeQQfDrCEJM8abCAIycPgBElb4AEIM9AHinPgDgS74AAGk8AEhwPgB4J74AAOk7AMH/P4DKUUG4w4XCAFiKPgBwWr4AWAo+AAg2PgDALr0AAOm7QKkJQYDmk0JwAQPCAGSyPgDYfr4AkPc9gEZrQZD5IkKsF5/CQGLTQcC5wEGoq7PC4P6qQQDGwkGAWmDCAAi2PgDoGL4ACDY+AL2kQdAIr0KAeazBAGc8wYjTMEJgWSLBMLYXQpjeckLAlpnAgP5jQQDS6r84OVfCcJSbQYD6CEJ8O7/CUC3bQdgyfEJgJRDBsDbAwXD08kGYDHHCgEIQwrCE20F8ZrPCQDyiwABt0EDQVkrCAADpv8B3TULA/j1B,0,False,1716271555.2002008,0.05019402503967285
/magnets,ALSGPgCgEb4A4Eu9oF+QQajkCEKU+KbCAPyNPgBYir4AAOk8AIycPgDgS74AAOk8AHBaPgB4J74AwK69AAb9P8AEUkFcx4XCAFiKPgDYfr4AWAo+ALhhPgBQvb0AwK48gPoIQRD1k0IAEAPCAIycPgBYir4AMCA+ANJqQZD5IkJ4BZ/CcBnTQXDlwEG8oLPC4P6qQZDUwkEQaWDCAESVPgAA6b0AmEQ+UJGkQdAIr0JgXKzBIIQ8wfD3MEKgkyLBqHQXQsiVckLAlpnAYPhiQQC767/oZFfCAKObQcgBCUIgP7/C0KHbQUgkfEJACBDBEKW/wcDI8kFQBXHC8DMQwpBn20HYYrPCwMehwECn0EDYI0rCAI3tvzBpTULgGz5B,0,False,1716271555.250194,0.049993276596069336
/magnets,AESVPgBYCr4AMKC9MG6QQTjzCELc/6bCAOiYPgAQg74AwC49AHinPgCYRL4AoBE9AEhwPgAINr4AAOm7AD4BQAA/UkG4w4XCANh+PgC0hr4AAOk9AChTPgBQvb0AAOk84FEJQbzFk0Lg8gLCAGSyPgDYfr4AeCc+ANJqQbjjIkJY6J7CUPzSQcC5wEHwsrPCcA2rQXC3wkGoRGDCAIycPgCQ970A6Bg+UJGkQYA0r0LwaqzBYL48wTj/MELgzSLBOIMXQqCrckJAC5rAYOFjQQCk7L/oZFfCoEubQajkCELsLL/CsITbQQAdfEJgJRDBICjAwcDI8kEoG3HCqCwQwrCE20HEbbPCQDyiwABt0EDYI0rCAOnpv6BaTULA/j1B,0,False,1716271555.3003407,0.05014657974243164
/magnets,AESVPgDoGL4AMKC9UIuQQcgBCUI4/KbCAFiKPgBYir4AoJE9ADCgPgDALr4AoBE9AABpPgAQA74AwC69ANj+PwA/UkG4w4XCANh+PgAQg74AWAo+AFA9PgAQg70AwK484FEJQZTbk0K4CAPCAIycPgBwWr4AMCA+oGNrQdAzI0LUAZ/C8I3TQcC5wEF0mbPCcA2rQeCowkHofmDCAOiYPgDoGL4A6Bg+4J+kQdAIr0KwMKzBAGc8wWDpMEKAdiLBgIoXQjC6ckLAlpnAoBtkQQDS6r84OVfCkLGbQfDrCEK4Gr/CIHbbQbBIfEJACBDBsDbAwZAR80EoG3HCgEIQwrCE20HsV7PCgHaiwABt0EDYI0rCALvrvzg2TULgGz5B,0,False,1716271555.3503594,0.0500187873840332
/magnets,AESVPgAoU74A4Mu94JmQQdDOCEKAA6fCAOiYPgCQd74AAGk9AGSyPgBwWr4AwC49AEhwPgBYCr4AwC69AMH/P2CtUUEAy4XCANh+PgC0hr4AWAo+AEhwPgDArr0AAOk7AG8JQYDmk0KY6wLCANSjPgC4Yb4A6Bg+wJdqQXDcIkLo9p7CIEXTQdA8wUFMr7PCAByrQbDxwkE4U2DCADCgPgAQA74ACDY+AL2kQfAlr0KglqzBwCw8wfjEMEKAdiLBoKcXQgjQckKAc5jA4GxjQQC7679YVlfCMFqbQVgQCULsLL/CIHbbQZArfEJACBDB4O2/wSAg80EoG3HCyEkQwtCh20EMdbPCANSjwIDh0EAgK0rCAHbuv3hwTUKg4T1B,0,False,1716271555.4004774,0.05011796951293945
/magnets,APyNPgCYRL4A4Mu9ALeQQajkCEJsDqfCAPyNPgDYfr4AwK49AIycPgDALr4AAOk8AAg2PgAINr4AAOm8AFUAQKDnUUFcx4XCALSGPgBElb4AWAo+ALhhPgDArr0AAOk7wDQJQZTbk0Lg8gLCADCgPgBIcL4A6Bg+ANJqQbAWI0Kg757CQGLTQZACwUHwsrPCUPCqQeCowkHwS2DCAKCRPgCQ970AMCA+INqkQSwFr0LwaqzBAGc8wfD3MEJAPCLBCMwXQsDIckIA6JjAAIpjQQCk7L8wbFfCIMCbQVgQCUJcHr/CkGfbQfhPfEIAzg/BcPy/wTC68kEI/nDCODsQwuA720HEbbPCQA6kwIAPz0BIFUrCAEjwvwh/TULgGz5B,0,False,1716271555.4621816,0.061704158782958984
/magnets,AOiYPgBQPb4AMKC9oF+QQRjWCEIkB6fCAKCRPgCgkb4AEIM9ADCgPgDgS74A4Es9ALhhPgAwIL4AoBG9AFUAQKDnUUFcx4XCAKCRPgBYir4AkPc9AHBaPgDArr0AAOk7YN0IQdzik0II3QLCAMCuPgBwWr4A6Bg+oGNrQZD5IkKM+p7CYH/TQXDlwEGAwbPCkCqrQXC3wkGgd2DCAOiYPgAINr4A6Bg+EFekQQQbr0IQiKzB4Ek8wRjiMEJAPCLBWKAXQjC6ckLAlpnAQNtiQQAA6b/IR1fC4IWbQcA0CUJoRr/CYLDbQbgVfELAkw/B4O2/wXD08kHA9nDCEFEQwqDq20EgarPCAOuiwECn0EBoMkrCADHxv1hTTUIAOT5B,0,False,1716271555.512936,0.050754547119140625
/magnets,AKCRPgDoGL4AwK694JmQQSCjCEIkB6fCAOiYPgC0hr4AAGk9ANSjPgC4Yb4AAOk8AHBaPgCgEb4AoBG9AMH/P8AEUkG4w4XCANh+PgD8jb4AAOk9ANh+PgBQvb0AAOm7gPoIQbzFk0KY6wLCAGSyPgDYfr4AoBE+gEZrQUjyIkJkEJ/CkDbTQVDIwEFMr7PCIDmrQWAdw0FYcGDCAMCuPgBQvb0AMCA+AL2kQQQbr0LQTazBgPI7wRjiMEJAPCLBUNMXQjC6ckKAXJnAoDJjQQDp6b+oKlfCkLGbQegeCUJwE7/CIHbbQVDxe0IAzg/BICjAwZAR80HA9nDCqCwQwrCE20HYYrPCAOuiwIDh0ED4QErCAOnpv+hhTULgGz5B,0,False,1716271555.5629017,0.049965620040893555
/magnets,AESVPgAwIL4AoJG9cKiQQajkCEKU+KbCAFiKPgD8jb4AEIM9AGSyPgBYCr4AwC49AEhwPgCYRL4AoBG9AD4BQCBcUkHMuIXCAKCRPgDYfr4AkPc9AChTPgBw2r0AAGk8oBcJQbT4k0JQ5ALCAKy5PgCQd74A6Bg+YBJsQUjyIkIw/p7CYH/TQXDlwEEYnbPCAByrQQDGwkHIYWDCAESVPgB4J74AwC4+sOikQYgBr0LQTazBYL48wRjiMEIgHyLB8HsXQlDXckJAIpnAoBtkQQBF5r84OVfCUHebQcA0CULMD7/CsITbQZj4e0KAQhDBICjAwRCd8kFwInHCiA8QwtCh20HsV7PCwLCiwABt0ECobErCAI3tv1CGTUKg4T1B,0,False,1716271555.612929,0.05002737045288086
/magnets,AIycPgAA6b0A4Eu94JmQQUDACEKo7abCAPyNPgC0hr4AAGk9AESVPgAoU74A4Es9ANh+PgBw2r0A4Eu9AD4BQMAEUkHMuIXCABCDPgC0hr4AEAM+AABpPgAQg70AwK48YN0IQSTqk0Lg8gLCAHinPgCYRL4AeCc+wIBrQSjVIkJ4BZ/CYH/TQQD0wEE4urPCMNOqQUAAw0EQaWDCAHinPgAQA74AeCc+4J+kQQzorkKAeazBAGc8wVgcMUJAPCLB8HsXQqCrckJAIpnAQNtiQQDp6b8QT1fCcJSbQajkCEIAIr/CAFnbQUgkfELgsA/B0FPAwdBL80EoG3HCEFEQwqDq20E0X7PCANSjwABt0ED4QErCALvrvzBpTULgGz5B,0,False,1716271555.6635666,0.05063748359680176
/magnets,ALSGPgDALr4AMKC94JmQQRjWCEI4/KbCALSGPgCQd74AEIM9AKCRPgAAab4AwK48AEhwPgAINr4AoBG9ACcCQAA/UkFI0oXCAPyNPgBYir4A6Bg+AOBLPgBQvb0AAAAAQKkJQdzik0K4CAPCAAi2PgC4Yb4A6Bg+4LRqQeDNIkL8657C0HDTQSARwUE4urPCcA2rQaBuwkHAlGDCAHinPgCgEb4AwC4+AL2kQZz2rkLwaqzBgPI7wcgNMULg5CHB6K4XQlDXckKAXJnAgBVjQQBf778QT1fCcJSbQegeCUIAIr/CgM3bQSgHfELgsA/BsDbAwRCd8kHgE3HCYCUQwkCT20HYYrPCQA6kwECn0EDQVkrCAADpv3hwTUIAOT5B,0,False,1716271555.7133272,0.04976058006286621
/magnets,AKCRPgDALr4A4Mu98DOQQYD6CEKAA6fCAOiYPgBElb4AEIM9ADCgPgDgS74A4Es9AFA9PgAwIL4AAOm8AFUAQOAhUkG4w4XCAJB3PgAQg74AoBE+AABpPgAwoL0AwK68QKkJQajQk0JQ5ALCAKCRPgC4Yb4AWAo+oGNrQUjyIkL0Hp/CACjTQZACwUEkxbPCYHOrQQDGwkEQaWDCAESVPgBYCr4A6Bg+UJGkQYgBr0KAeazBgPI7wfD3MEJAPCLBwMQXQpjeckJAIpnAIKdjQQBf779YVlfCMFqbQaAXCUIAIr/CAFnbQZArfEJACBDBMMK/wcDI8kGYDHHCaPIPwnBK20E0X7PCQCWjwIDh0EBoMkrCAADpvzBpTUKAxD1B,0,False,1716271555.7634938,0.05016660690307617
/magnets,ABCDPgDoGL4AcNq9cKiQQdDOCEIkB6fCAKCRPgDYfr4AoBE9AESVPgBwWr4AAGk9AJB3PgAINr4AoBG9AMH/P+AhUkGkzoXCANh+PgCgkb4AMCA+ALhhPgBw2r0AwK48QMAIQajQk0Io+gLCAMCuPgDYfr4A6Bg+ANJqQUjyIkLUAZ/CsFPTQXDlwEFMr7PC4P6qQQDGwkFYcGDCANSjPgB4J74A6Bg+cK6kQUD6rkLwaqzB4Ek8wWDpMELg5CHB8HsXQpjeckJAC5rAQMRjQQDp6b/IR1fCgC6bQaAXCULYN7/CIHbbQXAOfELAkw/BUN+/wVDX8kEw6HDCODsQwkCT20F8ZrPCwJmjwEC+z0AgK0rCAF/vv3hwTUIAOT5B,0,False,1716271555.8138833,0.05038952827453613
/magnets,AJB3PgAQA74A4Mu9EFGQQdDOCEJsDqfCAFiKPgC0hr4AEIM9AIycPgCYRL4AwC49AEhwPgB4J74AwC69AFUAQCBcUkHMuIXCAFiKPgBIcL4AEAM+AChTPgCQ970AAAAAIIwJQbzFk0JQ5ALCAIycPgBIcL4AoBE+oGNrQZD5IkJY6J7CIEXTQUAuwUGoq7PCkCqrQSDjwkFYcGDCAOiYPgBYCr4AeCc+UJGkQRgQr0KAeazBAGc8wYAGMUIgHyLBOIMXQnjBckJAIpnA4GxjQQAA6b+oKlfCwGibQcgBCUJIKb/C4DvbQXAOfEJACBDBMMK/wWBa80HA9nDCODsQwgBZ20F8ZrPCwJmjwIDK0UCIT0rCAI3tv7iqTULgGz5B,0,False,1716271555.8641303,0.0502469539642334
/magnets,AFiKPgDoGL4AwK69QPGQQWDdCEIkB6fCABCDPgAQg74AEIM9AAi2PgCYRL4AAGk9ANh+PgDoGL4AAGm8AFUAQMAEUkFI0oXCAPyNPgAAab4A6Bg+AJhEPgDALr0AoBE94FEJQdzik0Lg8gLCAFC9PgC0hr4AWAo+INhrQZD5IkIw/p7CYH/TQZACwUHwsrPCcA2rQbDxwkFYcGDCANSjPgB4J74AoBE+MHSkQfjyrkIgIqzBwCw8wdDaMEKAdiLBgIoXQsiVckKAXJnAYOFjQQAA6b/IR1fCoEubQRAJCUKQML/CYLDbQUgkfELgsA/BcPy/wQAD80FwInHCODsQwkCT20F8ZrPCQA6kwID4z0BoMkrCAOnpv5iNTULA/j1B,0,False,1716271555.9143567,0.050226449966430664
/magnets,ALSGPgB4J74AUL29cKiQQRAJCUKAA6fCAESVPgBElb4A4Es9ANSjPgB4J74AwK48AOBLPgCYRL4AAOk7ANj+PyBcUkFcx4XCANh+PgBIcL4AAOk9AChTPgBw2r0AAOk74FEJQfDXk0JwAQPCANSjPgDYfr4AoBE+IO9qQbjjIkK05J7CsFPTQQD0wEGUtrPCIDmrQXC3wkHofmDCAPyNPgCgEb4AwC4+kMukQbwTr0JAP6zBgPI7wdDaMELAsCLBoKcXQjC6ckJAIpnAAIpjQQAu57+oKlfC4IWbQVgQCUKQML/CAFnbQWhBfEIg6w/BAAvAwRCd8kFwInHCODsQwrCE20GQW7PCAL2kwECn0EDQVkrCAOnpvwh/TUJAcz5B,0,False,1716271555.964861,0.050504207611083984
/magnets,AOiYPgCgEb4AoJG9EFGQQdDOCEKAA6fCAMCuPgAQg74AoJE9ADCgPgDoGL4A4Es9ALhhPgDoGL4AAGm9AMH/P0B5UkGkzoXCAABpPgBYir4AoBE+AEhwPgAQg70AoBE9wDQJQZTbk0JwAQPCAHinPgAQg74A6Bg+oHpqQZD5IkJE857CQGLTQVDIwEFgpLPCcA2rQQDGwkHofmDCAIycPgB4J74AMCA+kMukQSwFr0LQTazBIIQ8wRjiMEJgWSLB8HsXQpjeckLAlpnAAIpjQQDS6r9gI1fCgC6bQegeCUKkJb/CIHbbQUgkfEJACBDBICjAweDl8kEoG3HCYCUQwtCh20GweLPCQCWjwMAy0ECQHErCAI3tv7iqTUIAOT5B,0,False,1716271556.0156825,0.050821542739868164
/magnets,ABCDPgBQPb4A4Mu9cKiQQcgBCUKAA6fCADCgPgCgkb4AwC49AMCuPgAAab4A4Es9AHBaPgAINr4AAOm7AD4BQCBcUkEUwIXCAKCRPgC4Yb4AkPc9AChTPgDgy70AAOk7QKkJQfDXk0Io+gLCAHinPgC4Yb4AWAo+oGNrQZD5IkL8657CkDbTQZACwUFMr7PCwOGqQSDjwkGYqmDCAMCuPgAQA74AMCA+sOikQbDrrkIgIqzBAGc8wRjiMELg5CHBoKcXQjC6ckKAXJnAwE9jQQDS6r/IR1fCAKObQXgtCUIAIr/C0KHbQSA6fEKgXxDBAAvAwTC68kGYDHHCEFEQwnBK20FIVLPCgF+jwACEz0AgK0rCAC7nv+CUTULA/j1B,0,False,1716271556.064964,0.04928159713745117
