/magnets,AFiKPgCQ970AkPe9AESVPgAAab0AoJE9AESVPgC0hr4AAOk8AByrPgBwWr4AoBE9ANh+PgCYRL4AAGm9ANh+PgAAaTwA4Ms9AJB3PgBIcL4AcNo9ALhhPgDgy70AAOk7gPoIQUzUk0JIFwPCAFgKwVC5DkJcPYvCwJdqQUAlI0IQ4Z7CYH/TQcC5wEG8oLPC4P6qQWA0wkHIYWDCQI8AQUQbiUKgVDnCYBSlQeT9rkKwMKzBwCw8wTj/MEIgCCPBeL0XQlDXckLAxJfAwE9jQQAA6b+oKlfCoEubQVBDCUJcHr/CENzbQZArfEKgXxDBkBnAwbAu80HgE3HCgEIQwtCh20EATbPCAOuiwECQ0UBoMkrCAEXmv7iqTUJgkD5B,0,False,1716271531.2767475,0.04654526710510254
/magnets,AKCRPgDALr4AWAq+AFiKPgBw2r0AMKA9ALSGPgAwoL4A4Es9AByrPgC4Yb4AwK48ALSGPgCYRL4AAGm9AJB3PgAA6TwAkPc9ABCDPgC0hr4AkPc9ALhhPgAA6b0AwK48gPoIQXS+k0IAEAPCwB0KwUjsDkLEYYvCIO9qQdgAI0K05J7CYH/TQTCrwEFMr7PCELaqQdAlwkHwS2DC4CABQcgBiULgjjnCEFekQSwFr0IABazBgPI7wcgNMUJgWSLBwMQXQpjeckKAc5jAAIpjQQBc5b+IDVfCsOWaQeBRCUJ8O7/CIHbbQZj4e0JACBDBwNC/wcDI8kHgE3HCgEIQwsAH3EGkULPCwLCiwABW0UBASErCAEXmv8B3TUIAOT5B,0,False,1716271531.2970352,0.020287752151489258
/magnets,APyNPgB4J74AoBG+AKCRPgDgS70AwC49ADCgPgBYir4AoBE9AIycPgCYRL4AAOk8AJB3PgBYCr4AAGm9ALSGPgAAabwA4Ms9ANh+PgAQg74A4Ms9AJhEPgDArr0AwC494FEJQRjCk0LYJQPC4DoKwUjsDkJoZYvCoHpqQZD5IkLI2Z7CsFPTQQD0wEFMr7PCUPCqQWA0wkFgPWDCwAMBQaAXiUJQgDnCkMukQTTSrkKwMKzBYL48wajwMEIgCCPBOIMXQsDIckKAc5jA4GxjQQBc5b+w91bCED2bQQBvCUKQML/C8L7bQXAOfEJACBDBkBnAwZAR80HgE3HC8DMQwhDc20HEbbPCwJmjwID4z0AADkrCANLqvyicTUIAOT5B,0,False,1716271531.3462741,0.04923892021179199
/magnets,AKCRPgCgEb4A4Mu9APyNPgDALr0AEIM9ABCDPgAQg74AEIM9AOiYPgBQPb4AAGk9ANh+PgDoGL4AoBG9AESVPgDArrwAkPc9ABCDPgAQg74AUL09ALhhPgBQvb0AwK48oBcJQajQk0LYJQPCAFgKwbjdDkKkRIvCANJqQSjVIkLczp7CQGLTQeDWwEHIyLPCwOGqQcCLwkFYcGDCwAMBQVgQiUIIeTnCcK6kQYgBr0Jw9qvBQKE8wVgcMUKAdiLBWKAXQgjQckJAOZjAoDJjQQAX6L+IDVfC0AKbQShZCUKQML/C0KHbQZArfEJgJRDBsDbAwSAg80HgE3HCODsQwlAW3EE0X7PCAAKiwABt0EBoMkrCAIrjv8B3TULA/j1B,0,False,1716271531.3963063,0.05003213882446289
/magnets,AESVPgCYRL4AEAO+ANh+PgCgkb0AEIM9ALSGPgD8jb4A4Es9ADCgPgAoU74AAOk8ALSGPgAINr4AwC69ALSGPgDArjwAcNo9AJB3PgC0hr4AUL09AABpPgAwoL0AAOk7gPoIQfDXk0IAEAPCwB0KwbjdDkIgXovCIO9qQQDrIkIEuZ7CsFPTQTCrwEE4urPCMNOqQTB9wkHIYWDCgMkAQaAXiUKYhznCUJGkQbwTr0LQTazBgNs8wdDaMEKgkyLBqHQXQlDXckIA6JjAwE9jQQAA6b/4/lbCoEubQZhKCULYN7/CAFnbQSgHfEKAQhDBsDbAwQAD80G4KXHCEFEQwtCh20EMdbPCAOuiwABW0UD4QErCAOnpvyicTUJAcz5B,0,False,1716271531.4466276,0.050321340560913086
/magnets,AESVPgAwIL4AEAO+AOiYPgCgkb0AMKA9ABCDPgDYfr4AEIM9AHinPgAoU74AwK48ANh+PgBYCr4AoJG9AFiKPgAAaTwAkPc9ABCDPgBYir4AwK49AChTPgDArr0AoBE9AIYIQfDXk0K4CAPCAFgKwdj6DkJISIvCwIBrQbjjIkI4y57CkDbTQSARwUEskrPC4P6qQTB9wkGoRGDCIHIAQVBDiUIoljnCUJGkQZz2rkIgIqzBgNs8waAjMUKgkyLBgIoXQpjeckIA6JjAgBVjQQDp6b/IR1fCYBGbQbhnCUJoRr/CIHbbQSA6fEIAzg/B0FPAwSAg80EgTnHCyEkQwjD520E0X7PCgHaiwABW0UCwOUrCAEjwv7iqTUIgVj5B,0,False,1716271531.4962757,0.04964804649353027
/magnets,APyNPgB4J74AkPe9ABCDPgAQg70AAGk9AKCRPgAQg74A4Es9ANSjPgBQPb4AoBE9ABCDPgB4J74A4Eu9ALSGPgAA6TwAwK49ANh+PgC4Yb4A4Ms9AEhwPgCgkb0AAGk8wDQJQUzUk0KQHgPCwB0KwUjsDkJISIvCQAxrQXipIkKUx57CsFPTQQD0wEHwsrPCgKeqQRBgwkEYNmDC4CABQYD6iEJ4ajnCcK6kQbDrrkJw9qvB4Ek8wcgNMUKAdiLBeL0XQuDlckLArZjAQNtiQQAu5784OVfCoEubQUh2CULEQr/CIHbbQbBIfEKAQhDBkBnAwXD08kG4KXHCWFgQwvC+20F8ZrPCQA6kwABt0ED4QErCAADpv3hwTULA/j1B,0,False,1716271531.5466025,0.05032682418823242
/magnets,AFiKPgBQvb0AWAq+ABCDPgDgS70AMKA9AKCRPgCQd74AoBE9AOiYPgAoU74AAAAAAJB3PgCgEb4AoJG9AOBLPgCgEb0A4Ms9ANh+PgBIcL4AUL09ALhhPgAQg70AwK48wDQJQajQk0IgLQPC4DoKwXDWDkI0U4vC4LRqQWgPI0I4y57CcBnTQeDWwEGoq7PCwOGqQRBgwkFgPWDCIFsBQfwTiUIwYznCcK6kQQzorkKwMKzBwCw8wfD3MEKgkyLBWKAXQgADc0LArZjA4INiQQDp6b+oKlfCMFqbQShZCULYN7/CYLDbQbBIfELAfBDBQEXAwXD08kEgTnHC6GYQwoDN20GQW7PCANSjwABt0EBoMkrCABfov5iNTUJAcz5B,0,False,1716271531.5963871,0.04978466033935547
/magnets,AOiYPgAwIL4AEAO+APyNPgDArrwAoJE9AFiKPgAQg74AAAAAADCgPgCYRL4AoBE9AJB3PgDoGL4AAOm8ALSGPgDArrwAAOk9ANh+PgC0hr4AwK49AChTPgDArr0AAOk8gOMJQTjfk0IAEAPCAFgKwUjsDkLYVovCIO9qQUjyIkLI2Z7CACjTQYB/wEHcvbPCAByrQWA0wkHwS2DCwAMBQTAmiUIoljnCAL2kQcTgrkLg56vBIIQ8wcgNMUJAPCLBqHQXQijtckKAipfAgBVjQQAX6L9o8FbC4IWbQcA0CUJIKb/CQJPbQXAOfEKgXxDBICjAwdBL80GwXHHC8DMQwmCw20F8ZrPCQDyiwABt0ED4QErCAI3tv8B3TUIAOT5B,0,False,1716271531.646321,0.04993391036987305
/magnets,AKCRPgCQ970A6Bi+ABCDPgAAab0AwK49AKCRPgC0hr4A4Es9AESVPgBwWr4AoBE9ABCDPgB4J74AEIO9AESVPgAA6bsAcNo9APyNPgCQd74A4Ms9AChTPgCgkb0AoBE9YN0IQTjfk0JwAQPCwB0KwSACD0KwbIvCgEZrQXDcIkIk1p7CsFPTQeDWwEEYnbPCkCqrQWA0wkFYcGDCoOYAQRAJiUIQRjnCINqkQbDrrkJAP6zBoA88wRAVMUKAdiLBWKAXQpjeckLAxJfAYPhiQQC76784OVfCoEubQShZCUI0NL/CsITbQSA6fEIg6w/BICjAwQAD80HgE3HCODsQwhDc20HEbbPCQCWjwMAb0UD4QErCAI3tv+CUTUKArT5B,0,False,1716271531.696574,0.05025291442871094
/magnets,ALSGPgAoU74AMCC+ALSGPgDArr0A4Es9ALSGPgAQg74A4Es9AIycPgDgS74AAOk8ANh+PgAINr4AAGm9ALhhPgAA6TsAkPc9ALSGPgDYfr4AcNo9AMAuPgAwoL0AAOk8oBcJQUzUk0IAEAPC4DoKwXDWDkIgXovCoHpqQWgPI0Kg757CACjTQeDWwEHkirPCkCqrQRBgwkFYcGDCoOYAQRAJiULgjjnCAL2kQUD6rkIgIqzBgPI7wcgNMUJgWSLBWKAXQgADc0JAOZjAAIpjQQBz5L9ABlfCUHebQQBvCUJ8O7/CQJPbQSA6fELgsA/B4O2/wZAR80GYDHHCyEkQwkCT20E0X7PCAAKiwMAy0ED4QErCAADpvwh/TUJgpz1B,0,False,1716271531.7465515,0.04997754096984863
/magnets,APyNPgBYCr4AEAO+AKCRPgAQg70AEIM9APyNPgC0hr4AoBE9ANSjPgDALr4AwC49AHBaPgCgEb4AMKC9AKCRPgDArrwAAOk9AJB3PgBYir4AWAo+AEhwPgCgkb0AAOk8AIYIQWDJk0K4CAPCIHUKwXDWDkLEYYvCQAxrQSjVIkIk1p7CkDbTQUAuwUHcvbPCoMSqQaBuwkE4U2DC4CABQfwTiUJ4ajnCkMukQQQbr0IgIqzBoA88wRAVMUKAdiLByJEXQrj7ckIA6JjAAIpjQQAA6b8g6VbCoEubQXBgCULYN7/CsITbQXAOfEJgJRDBAAvAwZAR80EAMXHC6GYQwmCw20FocbPCgF+jwMAb0UAYXkrCAEXmv5iNTUJAcz5B,0,False,1716271531.7966218,0.05007028579711914
/magnets,AKCRPgAQA74AAOm9ANh+PgBQvb0AoJE9AHBaPgCgkb4AwC49ADCgPgBwWr4AAOk8ALSGPgAINr4AwK69AFiKPgAAaTwAMKA9ALSGPgC0hr4AcNo9AHBaPgAwoL0AAGk8AIYIQcjtk0LYJQPCwB0KwQDlDkIUNovCYClrQeDNIkIYrp7CACjTQcC5wEGUtrPCAByrQaBuwkGIJ2DCoOYAQYwiiUIoljnCUJGkQYgBr0KwMKzBIIQ8wYAGMUIA6yLBwMQXQnD0ckKAc5jAQMRjQQBF5r/wMVfCUHebQWiTCUKQML/CIHbbQUBXfELAfBDBkBnAwcDI8kGYDHHCyEkQwsAH3EGkULPCgF+jwECn0EBoMkrCALvrv3hwTULgGz5B,0,False,1716271531.8467731,0.05015134811401367
/magnets,APyNPgCQ970AAOm9AOiYPgAA6bwAwK49ABCDPgDYfr4AwC49ADCgPgDgS74AAOk7ALhhPgAwIL4AoJG9ANh+PgAA6bwAcNo9ABCDPgAAab4AAOk9ANh+PgDgy70AAOk7gPoIQfDXk0IAEAPCgMwKwZjADkIAQYvC4LRqQWgPI0JY6J7CACjTQRCOwEEEqLPCoMSqQaBuwkE4U2DCgMkAQRwxiUJQgDnC4J+kQQzorkJw9qvBAGc8wRAVMUIgHyLBMLYXQuiyckKAXJnA4GxjQQCN7b/4/lbCgC6bQbhnCUKkJb/CkGfbQUBXfEJACBDBAAvAwVDX8kFwInHCgEIQwqDq20GQW7PCwLCiwMAy0EBgZUrCAADpv3hwTUIgVj5B,0,False,1716271531.896965,0.05019187927246094
/magnets,AFiKPgDoGL4AEAO+AEhwPgAAab0AoJE9ALSGPgAQg74AwC49AByrPgCYRL4AAGk9AABpPgCgEb4AEIO9APyNPgAAAAAA4Ms9AEhwPgC4Yb4AUL09AJhEPgCgkb0AAOm7gOMJQWDJk0K4CAPCYMYJwWgJD0IgXovCQAxrQbjjIkKg757C8I3TQcC5wEEkxbPC8JiqQUAXwkE4U2DCYKwAQWwFiUIIeTnCkMukQZDOrkLQTazBYL48wVgcMUKgkyLBOIMXQijtckJAOZjAYPhiQQB27r9o8FbCgC6bQeBRCULEQr/C8L7bQWhBfEJACBDBoLO/wQAD80G4KXHCEFEQwrCE20F8ZrPCwLCiwIDh0ED4QErCAHbuvzBpTUIAOT5B,0,False,1716271531.9470234,0.05005836486816406
/magnets,APyNPgAwIL4AEAO+APyNPgCgkb0AoJE9AEhwPgC4Yb4AwC49AIycPgAAab4AoBE9AABpPgDoGL4AMKC9ALSGPgDALr0AAOk9AABpPgDYfr4A4Ms9AABpPgBQvb0AAOk8YN0IQUzUk0JIFwPCgMwKwbjdDkI0U4vCgEZrQQDrIkJs3Z7CcBnTQXDlwEEEqLPCYIqqQVCawkGoRGDCgMkAQaAXiUIwYznCgEikQeT9rkLQTazBIIQ8wVgcMUJAPCLB6K4XQkgKc0LArZjAoDJjQQCK47/4/lbC8B+bQeBRCUJIKb/CQJPbQWhBfEKgXxDBICjAwSAg80FwInHCGB4QwtCh20G4RbPCgHaiwIDh0EBoMkrCAHbuvwh/TUKArT5B,0,False,1716271531.9971142,0.050090789794921875
/magnets,APyNPgBw2r0AkPe9AABpPgBQvb0AoJE9AFiKPgD8jb4AAOk8ANSjPgAoU74AAOk8AOBLPgDALr4AMKC9ALhhPgDArrwAcNo9ALhhPgDYfr4A4Ms9AABpPgBQvb0AAOk7AG8JQSTqk0KQHgPCQJIKwYgmD0IMaYvCoGNrQQi4IkIQ4Z7CUPzSQXDlwEFMr7PCoMSqQUAXwkGAWmDCQHgBQegeiUKYhznCAL2kQUD6rkKwMKzB4Ek8wajwMEKAdiLBEJkXQsDIckKAXJnAwE9jQQAX6L/QFFfCgC6bQXBgCUJwE7/CkGfbQZArfEKAQhDBwNC/wdBL80HYRnHC6GYQwhDc20F8ZrPCwLCiwMAy0EBIFUrCAADpv+CUTUKg4T1B,0,False,1716271532.047192,0.05007791519165039
/magnets,AESVPgCYRL4AWAq+AJB3PgDgS70AoJE9ANh+PgBElb4AoBE9AESVPgAAab4AAOk8AABpPgCQ970A4Eu9AFiKPgDArrwAkPc9AEhwPgAQg74A4Ms9AOBLPgAA6b0AAOk8YN0IQSy3k0Lg8gLCwB0KwSACD0JAe4vCoGNrQZjGIkK05J7CsFPTQVDIwEHcvbPCwOGqQdAlwkHwS2DCAFUAQfwTiULoWznCcK6kQXQMr0Jw9qvB4Ek8wWDpMEKAdiLBEJkXQpjeckLAxJfAwE9jQQAu578YHFfCoEubQbhnCUKQML/CENzbQUBXfEJACBDBICjAwUA980GQP3HCEFEQwqDq20HsV7PCAOuiwID4z0CwOUrCADHxv1CGTULgGz5B,0,False,1716271532.0973063,0.05011415481567383
/magnets,AESVPgBw2r0A6Bi+ALSGPgAwoL0AMKA9APyNPgAQg74AAOk8AByrPgBwWr4AwC49AJB3PgCgEb4AoJG9ALSGPgDArjwAcNo9AJB3PgC4Yb4AAOk9AJB3PgBw2r0AAOk7IKMIQRD1k0JoNAPCQJIKwUjsDkLYVovCYClrQQi4IkIw/p7CACjTQaCcwEEskrPCwOGqQUAXwkFgPWDC4CABQWwFiULAcTnCAL2kQfjyrkIABazBwCw8wWDpMEKgkyLBEJkXQiAgc0IA6JjAoDJjQQDp6b8g6VbCYBGbQShZCUJoRr/CsITbQSA6fEIg1BDBcPy/wSAg80FwInHCqCwQwoDN20GQW7PCgF+jwEC+z0AgK0rCAI3tv1CGTUIAOT5B,0,False,1716271532.1476195,0.05031323432922363
/magnets,AOiYPgB4J74AEAO+ALSGPgAAab0AwK49ABCDPgCgkb4AAGk8ANSjPgC4Yb4AAGk9AChTPgAINr4AoJG9ANh+PgAA6bsAcNo9ANh+PgAQg74AUL09AOBLPgDArr0AAAAAgPoIQQTNk0K4CAPC4DoKwUjsDkI0U4vCALtrQZjGIkJY6J7CACjTQYB/wEHwsrPCUPCqQWA0wkHwS2DC4CABQXgtiULoWznC4J+kQRgQr0JAP6zBIIQ8wYAGMUKgkyLB6K4XQuiyckJAIpnAIL5iQQBz5L9gI1fCMFqbQbCaCUL4VL/C4DvbQXAOfEKAQhDBkBnAwSAg80F473DCEFEQwiB220EATbPCANSjwABW0UCwOUrCAKTsvwh/TUKgyj5B,0,False,1716271532.1974437,0.04982423782348633
/magnets,AOiYPgDoGL4AEAO+ABCDPgAwoL0AAGk9ANh+PgBElb4AoBE9AAi2PgAoU74AwC49ANh+PgAwIL4AoBG9AJB3PgAQgz0A4Ms9ABCDPgDYfr4A4Ms9AChTPgAAab0AAOk8QMAIQQTNk0JIFwPCQJIKwbjdDkKwbIvCIO9qQeDNIkLI2Z7CcBnTQeDWwEFMr7PCELaqQWA0wkEYNmDCAFUAQRAJiUJ4ajnCwIKkQXQMr0KwMKzBAGc8wRjiMEIAAiLByJEXQpjeckIA6JjAoBtkQQAA6b8g6VbC8B+bQQBvCULsLL/C0KHbQdgyfEJACBDBICjAwcDI8kFQBXHC8DMQwrCE20GkULPCwLCiwECn0EDYI0rCALvrvyicTUKArT5B,0,False,1716271532.247652,0.050208330154418945
/magnets,AHinPgB4J74AcNq9AOiYPgAwoL0A4Ms9ABCDPgCgkb4AAGk8AGSyPgBwWr4AAOk8ALSGPgDALr4AMKC9AFiKPgCgET0AkPc9AFiKPgD8jb4AEAM+AHBaPgCgkb0AAGk84GgIQTjfk0IAEAPCwB0KwZDzDkKQT4vCANJqQQi4IkLI2Z7CIEXTQXDlwEHcvbPCQG2qQfBCwkHIYWDCAD4BQegeiUKYhznCAL2kQUD6rkJQ2avBIIQ8wcgNMUJgWSLBgIoXQuDlckLArZjAYPhiQQAX6L+w91bCgC6bQZhKCULsLL/CsITbQdgyfEIg6w/BAAvAwXD08kEI/nDCODsQwoDN20FIVLPCQDyiwIDh0ECwOUrCALvrv3hwTUJgkD5B,0,False,1716271532.2976768,0.05002474784851074
/magnets,ABCDPgDoGL4A4Mu9ABCDPgAwoL0AAGk9AKCRPgCgkb4AAOk8AGSyPgDALr4AAOk8ABCDPgAINr4AEIO9ABCDPgAA6TsAkPc9AJB3PgDYfr4A4Ms9AOBLPgAQg70AwK48IIwJQajQk0IAEAPCQJIKwZDzDkJ8WovCANJqQeDNIkI4y57C4ArTQVDIwEFMr7PCYIqqQRBgwkHwS2DCYKwAQUQbiULAcTnCEFekQSwFr0IgIqzBYL48wfD3MEKgkyLBEJkXQpjeckJAIpnAYPhiQQAX6L/wMVfC0AKbQbCaCULsLL/CcErbQWhBfEIAtxDBICjAwXD08kEoG3HCWFgQwoDN20FcSbPCgI2hwABW0UD4QErCAKTsvzBpTULgGz5B,0,False,1716271532.3479466,0.05026984214782715
/magnets,AESVPgB4J74AkPe9AKCRPgDgS70AUL09ALSGPgCQd74AwC49AIycPgAoU74AwK48AFiKPgCgEb4AwK69AFiKPgDArrwAAOk9ALSGPgCQd74AMKA9AHBaPgBw2r0AwC49AIYIQTjfk0JwAQPCQJIKweDHDkJoZYvCQAxrQXDcIkLww57CIEXTQRCOwEHcvbPCoMSqQfBCwkE4U2DC4CABQbQMiULoWznCwIKkQSwFr0IABazBAGc8wWDpMELAsCLB6K4XQgADc0IA6JjAYOFjQQAu578YHFfCYBGbQbhnCUIgP7/CYLDbQbgVfEKgXxDB8HDAwSAg80HA9nDC8DMQwvC+20FcSbPCwJmjwMAy0ECIT0rCAI3tv1CGTUJAcz5B,0,False,1716271532.397913,0.04996633529663086
/magnets,AJB3PgAQA74AWAq+ALSGPgDgS70AoJE9AFiKPgD8jb4AwK48ANSjPgDoGL4AoBE9AHBaPgAwIL4A4Eu9AESVPgAA6bsA4Ms9AJB3PgBwWr4AkPc9AHBaPgDgy70AAOk7AG8JQTjfk0KQHgPCYK8KwQDlDkKwbIvCIO9qQXDcIkIQ4Z7CACjTQcC5wEEkxbPC8JiqQRBgwkE4U2DCAD4BQbQMiUIIeTnCAL2kQcTgrkKwMKzBwCw8wTj/MELAsCLBgIoXQuDlckJAOZjAoDJjQQC7679gI1fC8B+bQbhnCUIgP7/CYLDbQZArfEJgJRDB4O2/wVDX8kGYDHHCyEkQwrCE20E0X7PCAOuiwEC+z0AYXkrCAEjwv1CGTUKArT5B,0,False,1716271532.448009,0.05009603500366211
/magnets,AESVPgBYCr4AAOm9ABCDPgAwoL0AUL09AEhwPgBElb4AoBE9AIycPgCYRL4AAGk8AJB3PgAA6b0AwK69ALSGPgAA6bsAcNo9ANh+PgAAab4AcNo9AABpPgDArr0AoBE9gPoIQcjtk0KwOwPCQKkJwUjsDkJUcIvCgEZrQdgAI0I4y57CkDbTQZACwUHwsrPCELaqQSD6wUFgPWDCgMkAQdQpiUJQgDnCsOikQdAIr0IgIqzBAGc8wVgcMUKAdiLBMLYXQsDIckLArZjA4GxjQQCN7b+IDVfCgC6bQeBRCULEQr/CkGfbQfhPfELAfBDB0FPAwQAD80EoG3HCODsQwjD520FIVLPCANSjwIDK0UBoMkrCADHxvwh/TULgGz5B,0,False,1716271532.4981036,0.0500946044921875
/magnets,AOiYPgAQA74AEAO+AKCRPgAAab0AMKA9AESVPgBwWr4AwK48AOiYPgAoU74AoBE9AHBaPgB4J74AAOm8ABCDPgDALr0AEAM+ANh+PgC4Yb4AUL09AABpPgBw2r0AwK48oBcJQYDmk0LYJQPCoAAKwSjPDkIgXovCANJqQUjyIkKA0p7CQGLTQbAfwUEkxbPCwOGqQRBgwkGAWmDCgMkAQegeiULAcTnCINqkQQzorkIgIqzBQKE8wTj/MEIA6yLByJEXQkgKc0LAlpnAgBVjQQAu57+IDVfCQPSaQUh2CULYN7/CQJPbQbgVfELAfBDBkBnAweDl8kEoG3HCYCUQwqDq20HYYrPCQCWjwABt0ECwOUrCAKTsv+hhTUIAOT5B,0,False,1716271532.5487692,0.05066561698913574
/magnets,ADCgPgB4J74AcNq9AFiKPgAwoL0AMKA9AKCRPgAQg74AwK48ADCgPgAINr4AAOk7AEhwPgAA6b0AoJG9AJB3PgAA6TsAUL09AJB3PgCQd74AcNo9AEhwPgBw2r0A4Es9IKMIQSTqk0KwOwPCYMYJwbAQD0KwbIvCgEZrQeDNIkJs3Z7CIEXTQeDWwEFszLPC8JiqQdAlwkHIYWDCgMkAQUQbiULgjjnCMHSkQYgBr0IgIqzB4DI9wfD3MEIgHyLB6K4XQuDlckJAIpnAQNtiQQDp6b+w91bC0AKbQdiECUJcHr/CIHbbQeD/e0JgJRDBcPy/weDl8kEoG3HCYCUQwkCT20EgarPCgHaiwECn0EDwc0rCAI3tv+hhTUKArT5B,0,False,1716271532.5984073,0.04963803291320801
/magnets,ANh+PgCQ970AMCC+AESVPgAA6bwAoJE9ANh+PgDYfr4AwK48AIycPgB4J74AoBE9ABCDPgBYCr4AEIO9AFiKPgAAAAAAcNo9ANh+PgDYfr4AMKA9AOBLPgAwoL0AAGk8wDQJQWzxk0KwOwPCoAAKwXDWDkL4c4vCIO9qQQDrIkKUx57CsFPTQXDlwEFY17PC8JiqQRBgwkHIYWDCgMkAQfwTiUL43jnCsOikQfjyrkIgIqzBwCw8wYAGMUIA6yLB6K4XQrj7ckJAOZjAAKFiQQDS6r9ABlfCED2bQUCpCUKkJb/C8L7bQfhPfEKgXxDB4O2/wXD08kEw6HDCgEIQwhDc20F8ZrPCgF+jwID4z0D4QErCAF/vv8B3TUJgkD5B,0,False,1716271532.6487193,0.050312042236328125
/magnets,AIycPgAQA74AoBG+ABCDPgDgS70AwK49AFiKPgDUo74AAOk7AOiYPgCYRL4A4Es9ANh+PgDgS74AAGm9ABCDPgDArrwAUL09AEhwPgCQd74A4Ms9ALhhPgBw2r0AwK48IKMIQSTqk0Lg8gLCYK8KwbjdDkLsS4vCQAxrQQDrIkLczp7CsFPTQeDWwEGAwbPCgKeqQaBuwkEYNmDCwAMBQVBDiUIIeTnCEFekQdjVrkJw9qvBAGc8wYAGMUKAdiLByJEXQijtckJAIpnAwE9jQQC7679ABlfCMFqbQeBRCULYN7/C0KHbQbBIfELgsA/BAAvAwQAD80EI/nDCgEIQwtCh20EgarPCQCWjwIDh0ED4QErCAADpvwh/TUIAOT5B,0,False,1716271532.698656,0.049936771392822266
/magnets,AOiYPgAQA74AoBG+AIycPgDgS70AMKA9AKCRPgBwWr4AAOk7AKCRPgAoU74AAGk8AHBaPgDALr4AAGm9AFiKPgAA6bsAEAM+AJB3PgDYfr4AUL09AEhwPgDgy70AAOk8YN0IQXS+k0K4CAPCgOMJwQDlDkJ8WovCwJdqQbjjIkKg757CkDbTQeDWwEHIyLPCYIqqQdAlwkGoRGDCAFUAQcgBiUK4pDnCkMukQZz2rkJw9qvB4Ek8wRjiMEKgkyLB6K4XQpjeckIA/5fAYOFjQQC7679o8FbCgC6bQQBvCUI0NL/C0KHbQSA6fEIAzg/BcPy/weDl8kHgE3HCODsQwtCh20EATbPCAAKiwMBJz0D4QErCAKTsv3hwTUJAcz5B,0,False,1716271532.748795,0.05013895034790039
/magnets,APyNPgAINr4AoBG+AKCRPgDgS70AoJE9ABCDPgDYfr4AAAAAAByrPgAwIL4AoBE9AABpPgAwIL4AEIO9AFiKPgAAAAAAAOk9ANh+PgBYir4AcNo9AChTPgDArr0AAOm74FEJQdC6k0K4CAPCQJIKwWgJD0KwbIvCIO9qQQDrIkKg757CACjTQTCrwEGAwbPC8JiqQfBCwkGAWmDCQI8AQegeiULgjjnC4J+kQdAIr0IgIqzBQKE8wdDaMEKgkyLByJEXQlDXckLArZjAQMRjQQDp6b/QFFfCINeaQQg8CULYN7/CIHbbQdgyfEIg6w/BQEXAwbAu80GwXHHC8DMQwoDN20F8ZrPCwMehwMAb0UAgK0rCAOnpv1CGTUIgVj5B,0,False,1716271532.7992516,0.05045652389526367
/magnets,AKCRPgAwIL4AAOm9AJB3PgBw2r0A4Ms9AKCRPgC0hr4AoBE9AHinPgBQPb4AAGk9ALhhPgBQPb4AEIO9ABCDPgAA6TsAAOk9AFiKPgC0hr4AUL09AChTPgAwIL4AAGk8gPoIQQTNk0KY6wLCAFgKweDHDkLEYYvCIO9qQQDrIkJs3Z7CEKvTQWBLwUEQ0LPCUPCqQYBRwkEQaWDCQI8AQTAmiUJQgDnCUJGkQcTgrkIgIqzBYL48wfD3MEJAPCLBWKAXQlDXckKAc5jAoDJjQQAX6L+IDVfCYBGbQZB9CUKQML/CYLDbQSA6fELgmRDBICjAwWBa80GYDHHCgEIQwtCh20HsV7PCwLCiwMAE0kCwOUrCAEjwv+hhTUKAxD1B,0,False,1716271532.8488557,0.049604177474975586
/magnets,AFiKPgB4J74AEAO+AFiKPgAAab0AUL09APyNPgC0hr4AwK48AAi2PgCYRL4AwC49ALhhPgCYRL4AEIO9AFiKPgAA6bwAcNo9ABCDPgDomL4A4Ms9AChTPgCQ970AAGk8AG8JQQTNk0KQHgPCoAAKwdj6DkKwbIvCYClrQSjVIkKA0p7CcBnTQRCOwEEYnbPCUPCqQfBCwkGAWmDCIEQCQfwTiUIYEznC0AWlQbDrrkIgIqzBoA88wajwMEKAdiLBeL0XQpjeckKAc5jAgBVjQQCk7L/QFFfCUHebQbhnCUJIKb/CsITbQbgVfEKAQhDBQEXAwZAR80FIOHHC0BYQwgBZ20E0X7PCwLCiwABt0EBIFUrCAOnpvxBMTUIAOT5B,0,False,1716271532.8995647,0.05070900917053223
/magnets,APyNPgCgEb4AAOm9AEhwPgCgkb0AMKA9AABpPgBIcL4AwK48AByrPgAoU74AwK48ALhhPgCgEb4AEIO9ALSGPgAA6TsA4Ms9AFiKPgCQd74AEAM+AJhEPgCQ970AAOk7wEsIQRD1k0K4CAPCgOMJwQDlDkJoZYvC4LRqQXDcIkI4y57CkDbTQQD0wEE4urPCAByrQWA0wkHwS2DCoLgCQbQMiUIYEznCUJGkQRgQr0JAP6zBwCw8wRjiMEIgHyLBWKAXQpjeckIA/5fAIKdjQQAu57/4/lbCQPSaQbhnCUI0NL/C4DvbQdgyfEKgXxDBICjAwWBa80G4KXHCEFEQwoDN20HYYrPCwLCiwMAE0kBASErCAKTsv+hhTULgGz5B,0,False,1716271532.9491417,0.04957699775695801
/magnets,AOiYPgDALr4AEAO+AKCRPgDgS70AoJE9ANh+PgCgkb4AAOk8AESVPgCYRL4AAOk8AChTPgBYCr4AwC69AFiKPgAAAAAAMKA9AFiKPgC0hr4A4Ms9AJB3PgBQvb0AAOk8gPoIQfDXk0IAEAPCIHUKwSACD0JISIvC4LRqQZD5IkKUx57CwO3SQcC5wEEEqLPCgKeqQdAlwkGAWmDCgJsCQYwiiUKw7jjCAL2kQUD6rkIABazBAGc8wfjEMEJgWSLBWKAXQuDlckJAIpnAIKdjQQC7679gI1fCwGibQUh2CUIMSr/CIHbbQdgyfEJgJRDB4O2/wUA980EI/nDCgEIQwoDN20E0X7PCwLCiwABt0EBoMkrCALvrv6BaTULA/j1B,0,False,1716271532.999214,0.05007219314575195
/magnets,APyNPgDoGL4AAOm9AFiKPgBQvb0AMKA9AFiKPgAAab4A4Es9AHinPgDgS74AAOk7AABpPgCgEb4A4Eu9AKCRPgAAaTwAAOk9ANh+PgBIcL4AMKA9ANh+PgDgy70AAOk7YN0IQSTqk0IAEAPC4DoKwQDlDkLsS4vCwJdqQSjVIkK05J7C4ArTQVDIwEGAwbPCgKeqQSD6wUGoRGDCAL0kQexiikJg6TDC4J+kQQzorkKQE6zBwCw8wWDpMEJAPCLBWKAXQmgnc0KAc5jA4GxjQQAA6b/4/lbC0AKbQXBgCUK4Gr/C0KHbQSA6fEIg6w/BUN+/wVDX8kFwInHC8DMQwiB220HYYrPCQDyiwABt0EDYI0rCAIrjv6BaTUKg4T1B,0,False,1716271533.0492897,0.05007576942443848
/magnets,AOiYPgBQPb4AkPe9ALhhPgDArr0AMKA9ALSGPgD8jb4AAOk8AAi2PgBQPb4AAGk9AJB3PgAINr4AoBG9AKCRPgDArrwAEAM+AFiKPgC0hr4AwK49AChTPgDArr0AAOk8AG8JQfDXk0K4CAPCQJIKwbjdDkIgXovCoGNrQZjGIkL8657C0HDTQcC5wEFszLPCQFarQcCLwkHofmDCkH2JQVjfgEJgJRDB4J+kQeT9rkLg56vBQKE8wRjiMEKAdiLBYG0XQpjeckKAXJnA4GxjQQDp6b/4/lbCoEubQUCpCULEQr/CYLDbQUgkfEKAQhDBkBnAwVDX8kFQBXHCWFgQwmCw20HsV7PCQDyiwEC+z0BIFUrCANLqvzBpTUIgVj5B,0,False,1716271533.1007366,0.05144691467285156
/magnets,ALSGPgAQA74AUL29AEhwPgCgkb0AEIM9AJB3PgCQd74AwK48AGSyPgBQPb4AAOk7ALhhPgAwIL4AAGm9ABCDPgAA6TsAEAM+AFiKPgAQg74AkPc9ANh+PgDgy70AAOk7AG8JQSTqk0IAEAPCgOMJwbjdDkI0U4vCgF1qQeDNIkK05J7C0HDTQcC5wEE4urPCwOGqQTB9wkHwS2DCgL96QIADJ0HAcblAoGWkQeT9rkIgIqzBwCw8wfD3MELAxyHB6K4XQrj7ckIA6JjAQNtiQQAX6L/4/lbCED2bQXBgCUKQML/C4DvbQbBIfEJgJRDB4O2/wcDI8kHYRnHCODsQwiB220HsV7PCwJmjwABW0UBoMkrCAHbuvzBpTULA/j1B,0,False,1716271533.1494584,0.0487217903137207
/magnets,ANh+PgDoGL4AMCC+ABCDPgAwoL0AoJE9AJB3PgD8jb4AoBE9AOiYPgAoU74AoBE9AJB3PgDALr4A4Eu9AESVPgDArrwAMCA+ANh+PgAQg74A4Ms9AOBLPgDArr0AwK48QMAIQfDXk0IAEAPCAFgKwZDzDkJoZYvCANJqQQDrIkLI2Z7CkDbTQbAfwUFszLPCoMSqQVCawkE4U2DCAFuUP4ASWUAA6Jg/0AWlQSwFr0JAP6zBoA88wYjTMEJgWSLBgIoXQuDlckJAIpnAIKdjQQBc5b/QFFfCED2bQVBDCUJoRr/C8L7bQSA6fEJgJRDBkBnAwbAu80HgE3HCODsQwtCh20GQW7PCAOuiwMAb0UBoMkrCALvrv3hwTUKArT5B,0,False,1716271533.1996608,0.050202369689941406
/magnets,AIycPgCgEb4AEAO+AFiKPgAwoL0A4Ms9ANh+PgCgkb4AoBE9AESVPgAAab4AwC49AJB3PgBQPb4AAGm9ALSGPgDArr0ACDY+AKCRPgCQd74AcNo9AOBLPgBQvb0AAAAAgPoIQWDJk0KY6wLCYMYJwQDlDkK4OYvCgEZrQVC/IkLww57CIEXTQQD0wEEQ0LPCkCqrQcCLwkE4U2DCANj+PgBcZT8AEAM/QPekQfjyrkKwMKzBIIQ8wfD3MEKAdiLBeL0XQuDlckKAc5jAoDJjQQCN7b8g6VbCwGibQTAmCUJwE7/CkGfbQdgyfEJgJRDBICjAwbAu80FwInHC8DMQwmCw20HEbbPCwJmjwEC+z0Ao+EnCALvrv1hTTUJAcz5B,0,False,1716271533.2497027,0.050041913986206055
/magnets,AOiYPgAINr4AkPe9AFiKPgAAab0AoJE9ANh+PgCMnL4AAOk8AKCRPgDALr4AoBE9AJB3PgDgS74AwC69AKCRPgCMnL4A6Jg+ABCDPgCQd74AEAM+AFA9PgBw2r0AAOk7AIYIQZTbk0JASgPCwB0KwZjADkLsS4vCALtrQUjyIkKM+p7CQGLTQeDWwEF0mbPCMNOqQQDGwkGgd2DCAByrPgCgET4AHKs+INqkQZQpr0IABazBIIQ8wajwMEJAPCLBoKcXQlDXckKAc5jAgBVjQQBF5r9ABlfCINeaQbhnCUKQML/CsITbQSA6fEJACBDBQEXAwWBa80FIOHHCyEkQwrCE20EUQrPCQCWjwABW0UCQHErCAOnpv8B3TULgGz5B,0,False,1716271533.299899,0.05019640922546387
/magnets,APyNPgDoGL4A4Mu9AABpPgAA6bwAoJE9AKCRPgDYfr4AAOk8AOiYPgDALr4AAGk8AJhEPgB4J74AwK68APTAPgCdh78A9MA+AKCRPgC0hr4AUL09ALhhPgDArr0AAOk7oBcJQWDJk0JwAQPCoAAKwSACD0IgXovC4LRqQSjVIkJs3Z7CcBnTQTCrwEG8oLPCcA2rQUAAw0GAWmDCANSjPgAA6TsAuGE+4J+kQager0LQTazBgNs8wajwMEKAdiLBOIMXQuDlckLArZjAIKdjQQDp6b+oKlfCMFqbQZB9CUKkJb/CIHbbQUgkfEJgJRDBQEXAwVDX8kFwInHCgEIQwmCw20HEbbPCQCWjwMAb0UCQHErCAKTsv5iNTUJgpz1B,0,False,1716271533.3498714,0.0499722957611084
/magnets,AKCRPgBYCr4AEAO+ABCDPgAQg70AwK49AABpPgBIcL4AAGk8AOiYPgCYRL4AAGk9AChTPgBQPb4AAGm9APTAPgDSasAAKgy/ABCDPgBIcL4AkPc9AABpPgBw2r0AoBE94FEJQeSvk0KQHgPCgOMJweDHDkIgXovCgEZrQbjjIkIEuZ7CIEXTQYB/wEHwsrPCAByrQbDxwkGgd2DCAByrPgDgy70AKFM+wIKkQUD6rkJw9qvBAGc8wcgNMULgzSLBoKcXQgjQckJAC5rAwE9jQQAA6b+oKlfCMFqbQZB9CULsLL/CAFnbQZArfEIg6w/BoLO/wbAu80EI/nDCyEkQwiB220F8ZrPCAOuiwABt0EDQVkrCAI3tvwh/TUJgkD5B,0,False,1716271533.3999827,0.05011129379272461
/magnets,ADCgPgAwIL4AoBG+AOiYPgAA6bwAEIM9ALSGPgBElb4AAOk8AKCRPgAAab4AAOk8AHBaPgBYCr4AAGm8AELcvyBkH8EAje3AAKCRPgCgkb4AWAo+AABpPgDArr0AwC494FEJQbT4k0KQHgPCoAAKwSjPDkJoZYvCANJqQUjyIkJY6J7CsFPTQcC5wEG8oLPCkCqrQZDUwkHwS2DCAAi2PgCQ970A4Es+cK6kQXQMr0JgXKzBQLg7wajwMEJgWSLB8HsXQjiHckKAc5jAAIpjQQDp6b/wMVfCgC6bQeBRCUJcHr/CsITbQZArfELAfBDBsDbAwQAD80EI/nDCyEkQwmCw20EgarPCgHaiwMAb0UCwOUrCAKTsv5iNTUJAcz5B,0,False,1716271533.450506,0.05052328109741211
/magnets,AFiKPgDALr4AkPe9ANh+PgDgS70AAGk9AKCRPgBElb4AoBE9ANSjPgAINr4AoBE9AABpPgAwIL4AoBG9gOfkwKDhPcHA577BANh+PgC0hr4AkPc9AEhwPgBQvb0AwK48wDQJQWDJk0Io+gLCgOMJwZDzDkLYVovCALtrQdgAI0JY6J7C4ArTQVDIwEHwsrPCcA2rQVCawkEQaWDCAIycPgCQ970AwC4+YBSlQdAIr0LQTazBwCw8wYjTMEKgkyLBOIMXQpjeckLArZjAYPhiQQDS6r/wMVfCED2bQZB9CUJIKb/CkGfbQUgkfELAfBDBAAvAwWBa80F473DCGB4QwtCh20GweLPCgHaiwIDh0ECwOUrCAI3tvwh/TUIgVj5B,0,False,1716271533.500673,0.050167083740234375
/magnets,APyNPgAwIL4AcNq9AKCRPgAQg70AwC49ALSGPgAwoL4AwC49AOiYPgCYRL4AAOk8AChTPgAwIL4AAGm9QBrMwMAByMAg/wTCAKCRPgDYfr4AWAo+AJB3PgAwoL0AAGk8IIwJQWDJk0Io+gLC4DoKwZDzDkK4OYvCINhrQdgAI0LUAZ/CIEXTQcC5wEHcvbPCIDmrQXC3wkFYcGDCAMCuPgCgEb4AeCc+MHSkQQzorkKwMKzBIIQ8wYjTMELgzSLBOIMXQlikckIA0ZnAIKdjQQCK479ABlfCMFqbQXBgCUKkJb/CQJPbQQAdfEIg6w/BkBnAwcDI8kHYRnHCODsQwmCw20E0X7PCQCWjwIDK0UC4BkrCAOnpv1hTTUIAOT5B,0,False,1716271533.5504909,0.049817800521850586
/magnets,AKCRPgAwIL4AAOm9AABpPgDgy70AMKA9APyNPgBYir4AwK48AHinPgAINr4AwC49AJB3PgAINr4AoBG9QAWGwADArr2oARzCALhhPgCQd74AoBE+AJhEPgAwoL0AAOk7wDQJQajQk0JIFwPC4DoKwUjsDkLsS4vCwIBrQbjjIkIQ4Z7CcBnTQVDIwEHcvbPCELaqQeCowkHIYWDCAESVPgDoGL4AUD0+kMukQYgBr0LwaqzB4Ek8wRjiMEIgHyLBOIMXQuDlckKAc5jAYOFjQQAA6b+oKlfC8B+bQeBRCUIAIr/CUC3bQSA6fELgsA/BMMK/wSAg80EAMXHC8DMQwvC+20FocbPCQCWjwABt0EBASErCAKTsv1CGTUKg4T1B,0,False,1716271533.6006134,0.05012249946594238
/magnets,AIycPgDALr4AkPe9ALSGPgAAab0A4Es9APyNPgDYfr4AAOk7ADCgPgCYRL4AwC49AHBaPgB4J74AAOm8gO8xwIDK0UDA4SrCAFiKPgAQg74AAOk9AHBaPgDgy70AwK48YN0IQWzxk0LYJQPCAFgKwQDlDkJISIvCIO9qQSjVIkJs3Z7CACjTQSARwUHcvbPCAByrQbDxwkE4U2DCANSjPgDgy70AoBE+EFekQSwFr0JAP6zB4Ek8wTj/MEIgHyLBWKAXQjC6ckLArZjA4GxjQQCK478YHFfCMFqbQShZCUJ8O7/CsITbQWB0fEJgJRDBICjAwbAu80EAMXHCGB4QwtCh20F8ZrPCQCWjwABt0ECwOUrCAKTsv8B3TULgGz5B,0,False,1716271533.6507733,0.05015993118286133
/magnets,APyNPgAwIL4AoBG+APyNPgCgEb0AMKA9AKCRPgD8jb4AEIM9AIycPgBwWr4AoBE9AOBLPgB4J74AwC69ABCDvkD6LkEAgUXCAKCRPgC0hr4AWAo+AOBLPgAAab0AAOk8QMAIQQTNk0LYJQPCoAAKwXDWDkIUNovCgEZrQQDrIkJMwJ7C0HDTQeDWwEG007PC4P6qQcCLwkFQo2DCADCgPgCQ970A6Bg+MHSkQVTvrkIQiKzBIIQ8wcgNMUKAdiLByJEXQpjeckLArZjA4GxjQQDp6b+oKlfCoEubQUh2CUKcWL/CIHbbQWhBfEJgJRDBQEXAweDl8kHo4HDCoF8QwvC+20HEbbPCAOuiwID4z0D4QErCAC7nv6BaTUIgVj5B,0,False,1716271533.7007504,0.04997706413269043
/magnets,AFiKPgBYCr4AAOm9APyNPgDgS70AwK49ABCDPgD8jb4AAOk7AGSyPgBwWr4AAGk9AABpPgAINr4AoJG9AGe8P4AvbEE4smbCAFiKPgCMnL4AAOk9AJhEPgDArr0AwK484GgIQfDXk0JwAQPCAFgKwXDWDkIMaYvCANJqQZjGIkI4y57CQGLTQQD0wEGAwbPC4P6qQXC3wkHofmDCAByrPgBYCr4AwC4+cK6kQYgBr0KwMKzB4Ek8wRjiMELg5CHBEJkXQnjBckJAIpnAIKdjQQDp6b+IDVfCUHebQUh2CUKwTb/CQJPbQbgVfEJgJRDBwNC/wXD08kFQBXHCqCwQwmCw20F8ZrPCAOuiwMBJz0D4QErCANLqv+hhTULgGz5B,0,False,1716271533.7507308,0.04998040199279785
/magnets,AHinPgB4J74AWAq+AESVPgAwoL0AwK49AJB3PgDomL4AAGk8AESVPgBQPb4AAGk8ALhhPgDgS74AAOm8AD6BP0ApfkH4QoPCABCDPgC0hr4A6Bg+ALhhPgAA6b0AoBE9wDQJQUzUk0JQ5ALC4DoKwZDzDkLsS4vCYClrQbAWI0KovJ7CQGLTQeDWwEFMr7PCIDmrQVCawkHAlGDCAHinPgBw2r0AUD0+8CKlQWjkrkJgXKzBgNs8wajwMELg5CHByJEXQkgKc0KAc5jAoDJjQQAu57/4/lbCMFqbQUh2CUIUF7/CUC3bQUgkfEIg6w/BsDbAwZAR80HgE3HC8DMQwsAH3EHEbbPCANSjwABt0EAgK0rCAOnpvwh/TUIAOT5B,0,False,1716271533.80082,0.050089359283447266
/magnets,AOiYPgCgEb4AkPe9AFiKPgAAab0AwK49AFiKPgBYir4AwK48ADCgPgBQPb4AwK48AJB3PgCYRL4AwC69AJhEP8AagEHM/YLCALSGPgC0hr4AoBE+AHBaPgAAab0AwK48wDQJQajQk0LYJQPCQKkJwZjADkIUNovCwJdqQUjyIkKg757C4ArTQYB/wEFMr7PCQFarQQDGwkF4jWDCAOiYPgDoGL4A6Bg+wIKkQbwTr0JgXKzBQLg7wRjiMEJgWSLBGGYXQsDIckJAIpnAIL5iQQCk7L8g6VbCwGibQcA0CUIAIr/CkGfbQbgVfELgsA/BUN+/wQAD80EI/nDCqCwQwhDc20FocbPCQCWjwECn0EBgZUrCABfovwh/TUJgkD5B,0,False,1716271533.8508594,0.05003929138183594
/magnets,ABCDPgDALr4AkPe9APyNPgCgkb0AAGk9AFiKPgDomL4A4Es9AOiYPgCYRL4A4Es9AABpPgCYRL4AEIO9AE2zP8ADgUFgfoLCAFiKPgDYfr4AkPc9AOBLPgBw2r0AAAAAgPoIQUzUk0LYJQPCIHUKwSACD0LYVovCANJqQUjyIkI4y57C4ArTQcC5wEHcvbPCcA2rQUAAw0Ggd2DCAHinPgAA6b0AeCc+UJGkQWjkrkIgIqzBwCw8wWDpMELg5CHBEJkXQpARc0JAIpnAgBVjQQDp6b9ABlfC4IWbQRAJCULYN7/CYLDbQdgyfEJACBDBMMK/wZAR80EI/nDCgEIQwrCE20F8ZrPCwLCiwECn0EAYXkrCAKTsv8hETULgGz5B,0,False,1716271533.901111,0.05025148391723633
/magnets,AESVPgBw2r0AoBG+ALSGPgAAab0AAGk9AABpPgBYir4A4Es9AOiYPgAINr4AAOk8ABCDPgAwIL4AwC69ALJNQIB3c0Ecu4PCANh+PgBYir4AEAM+ALhhPgAA6b0AAAAAIKMIQUzUk0J4zgLCwB0KwQDlDkJ8WovCIO9qQSAII0IQ4Z7CUPzSQXDlwEEEqLPC0GSrQbDxwkF4jWDCAOiYPgBw2r0AMCA+INqkQUD6rkJAP6zBoA88wdDaMEJgWSLBEJkXQnjBckIA6JjA4GxjQQBF5r+oKlfCoEubQaAXCULsLL/CsITbQUBXfEKAQhDB4O2/weDl8kGYDHHCWFgQwvC+20EMdbPCwLCiwMAb0UDQVkrCAHbuv1CGTUJAcz5B,0,False,1716271533.9516296,0.05051875114440918
/magnets,AFiKPgCgEb4AEAO+APyNPgCgEb0A4Es9AFiKPgC0hr4AwK48ANSjPgAAab4AwK48ALhhPgBYCr4AoBG9AGGoPyAaX0GAVoXCABCDPgBIcL4AEAM+ALhhPgCgkb0AoBE9IIwJQWDJk0JwAQPCgOMJwZDzDkKkRIvCwIBrQeDNIkKg757C4ArTQaCcwEFMr7PCkCqrQbDxwkEQaWDCADCgPgAwIL4AUD0+wIKkQUD6rkKwMKzBIIQ8wTj/MEKgkyLBWKAXQuiyckIA6JjAoDJjQQAA6b84OVfCAKObQcgBCUIAIr/C0KHbQdgyfEIAzg/BUN+/wbAu80Gg2XDCODsQwpBn20HYYrPCgF+jwECn0EDYI0rCAF/vv1hTTUKg4T1B,0,False,1716271534.0012748,0.049645185470581055
/magnets,AIycPgB4J74AkPe9ALSGPgDALr0AMKA9AESVPgC0hr4A4Es9ADCgPgDgS74A4Es9ANh+PgAwIL4AwC69AA5KPyDSV0F4iYXCAEhwPgC0hr4AWAo+AABpPgBw2r0AwK48IKMIQbzFk0LYJQPC4DoKwZDzDkI0U4vCwJdqQdgAI0IQ4Z7CkDbTQQD0wEGAwbPCcA2rQZDUwkGAWmDCANSjPgCQ970A6Bg+UJGkQbwTr0KwMKzBAGc8wfD3MEIgHyLBWKAXQjC6ckIA6JjAIKdjQQCk7L+IDVfCMFqbQRAJCUKQML/CsITbQbBIfEIg6w/BkBnAwQAD80G4KXHC8DMQwoDN20EMdbPCQDyiwMAy0ECwOUrCAC7nv1hTTUIgVj5B,0,False,1716271534.0518901,0.05061531066894531
/magnets,AESVPgDoGL4AAOm9AFiKPgDgS70AEIM9ALSGPgCgkb4AAOk8ADCgPgBwWr4AwC49AJB3PgCgEb4AoJG9gCsRQOAhUkGQ2YXCAABpPgAAab4AEAM+AOBLPgAQg70AAOk74FEJQWDJk0Io+gLCIHUKwQDlDkJ8WovCYClrQdgAI0Lo9p7C4ArTQTCrwEFszLPCcA2rQaBuwkEwhmDCADCgPgAQA74AmEQ+AL2kQUD6rkIgIqzBYL48wYAGMUIAAiLBoKcXQijtckLArZjAYPhiQQBF5r+w91bCcJSbQTAmCUJIKb/CoOrbQYhefEKAQhDBcPy/weDl8kEI/nDCYCUQwmCw20FocbPCwLCiwABt0ECIT0rCAF/vv6BaTULgGz5B,0,False,1716271534.1015387,0.04964852333068848
/magnets,ALSGPgBYCr4AAOm9APyNPgAQg70A4Ms9AABpPgBElb4AwK48AESVPgAAab4AwC49ALSGPgCYRL4AAGm8AFbRP2CWUkGEsYXCABCDPgDYfr4AkPc9ABCDPgDgy70AwK68QKkJQSTqk0L4QgPC4DoKwbjdDkJ8WovCoGNrQQDrIkKg757CIEXTQRCOwEGAwbPCAByrQbDxwkHIYWDCAPyNPgAQA74ACDY+wIKkQXzZrkIABazBQLg7wcgNMULgzSLBgIoXQlDXckJAIpnAwE9jQQDS6r/IR1fCAKObQTjzCEKQML/CkGfbQdgyfEJgJRDBkBnAwSAg80GYDHHC6GYQwhDc20F8ZrPCANSjwECn0ECQHErCAOnpv+hhTUJgpz1B,0,False,1716271534.1516986,0.05015993118286133
/magnets,AMCuPgBYCr4AcNq9ABCDPgBQvb0AEIM9ALSGPgD8jb4AAOk8APyNPgCYRL4AAOk8AEhwPgCgEb4AoBG9AMH/P4CzUkEUwIXCAFiKPgCQd74AwC4+AOBLPgDgy70AAOm7wDQJQYDmk0JwAQPCQJIKwQDlDkJ8WovCIO9qQUjyIkKA0p7CACjTQQD0wEG007PC4P6qQUAAw0F4jWDCAIycPgDoGL4AUD0+4J+kQUwir0KAeazB4Ek8wfD3MEJgWSLBWKAXQijtckLArZjAAKFiQQDS6r9gI1fC4IWbQRAJCUJ8O7/C0KHbQSA6fEJgJRDBsDbAwTC68kFQBXHCqCwQwvC+20FocbPCwLCiwABt0ECwOUrCAADpv3hwTUIAOT5B,0,False,1716271534.201706,0.05000734329223633
/magnets,APyNPgDoGL4AEAO+AJB3PgAwoL0AEIM9ALSGPgAQg74AwK48ADCgPgAINr4AAOk8AJhEPgDALr4AAOm8AG8JQKDnUUFcx4XCALSGPgBIcL4AWAo+AJB3PgBQvb0AwK48gPoIQUzUk0K4CAPC4DoKwQDlDkIMaYvCYEBqQeDNIkIw/p7CkDbTQZACwUHcvbPCcA2rQSDjwkGgd2DCAESVPgCQ970A6Bg+4J+kQWjkrkKwMKzBwCw8wajwMELAsCLBoKcXQnD0ckIA6JjAQMRjQQBF5r8YHFfC4IWbQcA0CULsLL/CsITbQUgkfEKAQhDB4O2/wVDX8kFQBXHCqCwQwtCh20H4f7PCwIKkwID4z0D4QErCAADpv3hwTUIgVj5B,0,False,1716271534.2519672,0.05026125907897949
/magnets,AIycPgAwIL4AcNq9AESVPgAAab0AUL09AJB3PgC0hr4AwC49APyNPgDALr4AAOk8AFiKPgCgEb4AwK68ALvrP4CzUkEUwIXCAEhwPgCgkb4AoBE+AOBLPgCgkb0AAGk8oBcJQZTbk0JIFwPCAFgKwbjdDkI0U4vCALtrQeDNIkLI2Z7CYH/TQTCrwEG8oLPCwOGqQVCawkGAWmDCAESVPgDoGL4A6Bg+INqkQfjyrkLwaqzBAGc8wfD3MEJgWSLByJEXQlDXckLArZjAQMRjQQAu579ABlfCUHebQcgBCUIUF7/CYLDbQZArfELgmRDBMMK/wQAD80EoG3HCgEIQwhDc20GweLPCgF+jwABW0UDQVkrCANLqv8hETULgGz5B,0,False,1716271534.3018105,0.04984331130981445
/magnets,ALSGPgB4J74AWAq+APyNPgAAab0AAGk9APyNPgDomL4AAGk8AOiYPgBwWr4AAAAAAABpPgAINr4AAOm8ANLqP+AhUkGkzoXCAPyNPgDYfr4AkPc9AOBLPgDArr0AAOk74FEJQZTbk0II3QLC4DoKwQDlDkL4c4vCANJqQSAII0JE857CcBnTQbAfwUE4urPCIDmrQWAdw0F4jWDCAByrPgAwIL4AeCc+kMukQUD6rkLQTazBIIQ8wRjiMEKAdiLBqHQXQpjeckJAC5rAYPhiQQCN7b+oKlfCwGibQVgQCUJcHr/CYLDbQQAdfEIAzg/BAAvAwTC68kEI/nDCQAgQwrCE20EMdbPCANSjwECn0EBASErCALvrv5iNTUIAOT5B,0,False,1716271534.352074,0.050263404846191406
/magnets,AIycPgCQ970AkPe9ALSGPgDALr0AMKA9ALSGPgD8jb4AAOk7AIycPgAwIL4AAGk8ALhhPgB4J74AoBG9AHbuP0B5UkFI0oXCALSGPgC0hr4AkPc9AHBaPgDArr0AwK48AIYIQcjtk0K4CAPCwB0KwWgJD0IgXovC4J1rQSjVIkL8657C4ArTQTCrwEHIyLPCwOGqQUAAw0EQaWDCAOiYPgCgEb4A6Bg+cK6kQfjyrkJgXKzBAGc8wdDaMEJgWSLBqHQXQlDXckKAc5jAwE9jQQDS6r/4/lbCcJSbQegeCUKkJb/CkGfbQSA6fEKAQhDB4O2/wTC68kFwInHCyEkQwqDq20FocbPCQCWjwAA/0kBASErCAI3tv5iNTUJAcz5B,0,False,1716271534.4022508,0.05017685890197754
/magnets,ANh+PgAINr4AWAq+AKCRPgAQg70AoJE9ABCDPgBIcL4AwK48AOiYPgCYRL4AAGk9AJB3PgCQ970AwK68AB38P8AEUkGkzoXCALSGPgCgkb4A6Bg+AABpPgDArr0AAOk7wDQJQdzik0LYJQPCgOMJwZjADkI0U4vC4J1rQdgAI0Js3Z7CkDbTQWBLwUE4urPCwOGqQSDjwkGgd2DCADCgPgBYCr4ACDY+0AWlQfjyrkIABazBwCw8wfD3MEJAPCLBMLYXQnD0ckKAc5jAgBVjQQAA6b8YHFfCIMCbQYD6CEKECL/CkGfbQbgVfEIg6w/B4O2/wRCd8kHA9nDCODsQwmCw20HEbbPCgF+jwABW0UCIT0rCAAPzv+hhTUJAij1B,0,False,1716271534.4521987,0.04994797706604004
/magnets,AOiYPgDALr4AAOm9AOiYPgDALr0AwK49ABCDPgBYir4AEIM9AHinPgBwWr4AwC49ALhhPgBYCr4AwK68AAPzP2CtUUFwvIXCAFiKPgAQg74AWAo+AHgnPgDgS70AAGk8wDQJQZTbk0LYJQPCgOMJwSjPDkKwbIvCgEZrQbjjIkLI2Z7CACjTQXDlwEHcvbPCAByrQdAOw0GAWmDCAOiYPgAA6b0A4Es+cK6kQUD6rkLQTazBwCw8wRjiMEJAPCLBEJkXQpjeckLArZjAAIpjQQAu57/QFFfCAKObQRAJCUJwE7/CYLDbQfhPfEJACBDBMMK/waCr8kF473DC6GYQwtCh20HkirPCgHaiwABt0EDQVkrCALvrvwCyTUKg4T1B,0,False,1716271534.5023258,0.05012702941894531
/magnets,ANh+PgDoGL4AkPe9AEhwPgAwoL0AMKA9ALSGPgDomL4AAOk8AOiYPgAoU74AAOk8AABpPgB4J74AwC69AJD3P+AhUkFI0oXCAFiKPgBIcL4AkPc9AHBaPgAQg70AAOk8gPoIQTjfk0LYJQPC4DoKwbjdDkJUcIvC4LRqQUjyIkI4y57CYH/TQVDIwEE4urPCwOGqQSDjwkHIYWDCAIycPgB4J74AUD0+kMukQRgQr0LwaqzBIIQ8wcgNMUJAPCLByJEXQnjBckIA0ZnA4GxjQQC767+IDVfCcJSbQaAXCUJIKb/C8L7bQdgyfELgmRDBICjAwVDX8kGYDHHCgEIQwmCw20FUfLPCgF+jwABt0ECwOUrCADHxv1CGTUIgVj5B,0,False,1716271534.5529096,0.050583839416503906
/magnets,APyNPgDALr4AkPe9AKCRPgDALr0AEIM9ABCDPgDomL4AwK48AMCuPgBQPb4AAOk8AAg2PgB4J74AwC69gJsCQMAEUkG4w4XCAPyNPgCQd74AeCc+AHBaPgDArr0AwK48gPoIQWDJk0JIFwPCAFgKwbAQD0IgXovCwIBrQUjyIkKg757C4ArTQcC5wEGUtrPCQFarQSDjwkEQaWDCADCgPgAQA74A6Bg+4J+kQYgBr0LwaqzBYL48wTj/MEJgWSLBoKcXQuDlckIA6JjAgP5jQQAu57+oKlfC4IWbQajkCELYN7/CYLDbQZArfEIAzg/BcPy/wZAR80FIOHHCYCUQwpBn20EgarPCwMehwEC+z0BASErCAADpvzBpTUIgVj5B,0,False,1716271534.602571,0.04966139793395996
/magnets,AFiKPgAA6b0A4Mu9ABCDPgDALr0AEIM9APyNPgC0hr4AoBE9AOiYPgDgS74AAOk8AOBLPgAINr4AAOm8ADT7PwA/UkGQ2YXCAOiYPgC0hr4AkPc9AJB3PgDArr0AwC49oBcJQUzUk0IAEAPCwB0KwZDzDkL4c4vC4LRqQUjyIkKg757CkDbTQXDlwEHcvbPCAByrQQDGwkFQo2DCAESVPgB4J74ACDY+sOikQUD6rkIgIqzBwCw8wfjEMELAsCLBOIMXQuDlckIA6JjAQMRjQQBc5b/4/lbCAKObQTAmCUIUF7/CkGfbQdgyfEJgJRDB0FPAweDl8kHgE3HC8DMQwtCh20H4f7PCgF+jwABW0UDQVkrCAI3tv3hwTUIAOT5B,0,False,1716271534.6527338,0.05016279220581055
/magnets,AOiYPgAwIL4AEAO+APyNPgBQvb0AMKA9ANh+PgCgkb4A4Es9AByrPgDgS74AwC49ALhhPgB4J74A4Eu9AD4BQMAEUkFcx4XCAOiYPgDYfr4AkPc9ALhhPgBQvb0AAOk8wDQJQfDXk0LYJQPCAFgKwQDlDkLEYYvCIO9qQbjjIkLww57CYH/TQcC5wEEEqLPCAByrQQDGwkHofmDCAHinPgDoGL4A6Bg+UJGkQdAIr0JAP6zBgNs8wfD3MEJAPCLBMLYXQpjeckIA6JjAoDJjQQAX6L+AQFfC4IWbQaAXCUI0NL/CYLDbQZArfEJACBDBoLO/weDl8kEI/nDC6GYQwoDN20FocbPCQCWjwMAy0EAgK0rCAI3tv5iNTUIAOT5B,0,False,1716271534.702742,0.050008296966552734
/magnets,APyNPgAINr4A6Bi+ABCDPgAAabwAUL09ABCDPgC0hr4AAGk8AByrPgCYRL4AwK48AJhEPgAINr4AwC69gLIBQMAEUkFcx4XCAEhwPgC0hr4AWAo+AHBaPgAQg70AwK48QMAIQRD1k0LYJQPCAFgKweDHDkI0U4vCgF1qQSAII0IcCZ/CIEXTQQD0wEFgpLPCAByrQXC3wkEQaWDCAHinPgBYCr4AwC4+QPekQeT9rkLwaqzB4Ek8wYjTMEIgHyLBEJkXQijtckLArZjAgBVjQQDS6r8QT1fCoEubQRAJCUIAIr/CkGfbQSA6fEKgXxDBAAvAwXD08kHYRnHCODsQwkCT20EMdbPCQCWjwMAb0UAgK0rCAEjwv+hhTUIAOT5B,0,False,1716271534.7528012,0.05005908012390137
/magnets,AKCRPgCgEb4AkPe9ABCDPgAAab0AEIM9ALSGPgCQd74AAOm7ANSjPgAoU74AoBE9AHBaPgB4J74AAOm8gMkAQCBcUkE03YXCAEhwPgBYir4AkPc9AChTPgAQg70AAOk8QMAIQYizk0IAEAPCIHUKwZDzDkLQiYvCYClrQYgsI0K05J7CIEXTQcC5wEHQlbPC4P6qQSDjwkHofmDCAIycPgCgEb4AeCc+QPekQVTvrkIgIqzB4Ek8wTj/MEIAAiLBqHQXQuiyckLArZjAQMRjQQDp6b84OVfCAKObQYD6CEJcHr/CsITbQSgHfEKAQhDBwNC/wbAu80GYDHHCYCUQwkCT20EMdbPCgEikwECn0EAYXkrCAOnpv5iNTUKArT5B,0,False,1716271534.8028667,0.05006551742553711
/magnets,AFiKPgAA6b0AEAO+ANh+PgDgy70AoJE9ABCDPgDYfr4AMKA9AKCRPgAAab4AAOk8ALSGPgDoGL4AAGm8ACcCQCBcUkGQ2YXCABCDPgBElb4AkPc9AABpPgAA6b0AAOm7IKMIQWDJk0IAEAPCQJIKwQDlDkJoZYvCANJqQQDrIkLI2Z7CkDbTQcC5wEGUtrPCAByrQbDxwkF4jWDCADCgPgCQ970AwC4+QPekQYgBr0LQTazBQKE8wajwMEKAdiLB6K4XQgjQckKAc5jAQMRjQQDS6r84OVfC4IWbQTAmCULYN7/CIHbbQbBIfELgmRDBsDbAwZAR80HgE3HCODsQwrCE20H4f7PCgF+jwIDh0EAgK0rCAHbuv+hhTUIgVj5B,0,False,1716271534.8534436,0.05057692527770996
/magnets,AFiKPgBYCr4AkPe9ALhhPgCgkb0AoJE9ABCDPgAQg74AAOk8AIycPgC4Yb4AAGk9AEhwPgCYRL4AoBG9AMH/P8AEUkFwvIXCANh+PgAoU74AWAo+AChTPgAwoL0AAOk7QMAIQfDXk0Io+gLCQJIKwXDWDkIshovCwJdqQUjyIkKUx57CkDbTQVDIwEHwsrPCcA2rQbDxwkF4jWDCAOiYPgBYCr4AWAo+MHSkQager0LQTazBQKE8wajwMEJAPCLBgIoXQnD0ckKAc5jAgP5jQQDS6r+w91bC4IWbQTAmCULYN7/C8L7bQXAOfEKAQhDBUN+/wcDI8kEI/nDCgEIQwtCh20FUfLPCQCWjwIDh0EDYI0rCANLqv3hwTUIgVj5B,0,False,1716271534.9031813,0.04973769187927246
/magnets,APyNPgAQA74AEAO+AJB3PgAwoL0AAOk9ABCDPgAAab4AAOk8ANSjPgCYRL4AwK48ALSGPgCYRL4AoBG9AFUAQOAhUkG4w4XCANh+PgDYfr4A6Bg+ALhhPgCgkb0AoBE9gPoIQSTqk0IAEAPCAFgKwSACD0IgXovCQAxrQZD5IkLI2Z7CIEXTQVDIwEGoq7PCcA2rQQDGwkHofmDCAMCuPgDoGL4AeCc+kMukQVTvrkLQTazBwCw8wVgcMULAsCLBEJkXQuDlckIA/5fAIKdjQQBF5r+w91bCcJSbQRAJCUIAIr/CAFnbQZArfEKAQhDBICjAwXD08kHYRnHCoF8QwuA720GweLPCwJmjwMAb0UBoMkrCAKTsvxBMTUIAOT5B,0,False,1716271534.9534602,0.05027890205383301
/magnets,ALSGPgDoGL4AWAq+APyNPgCgkb0AoJE9AEhwPgBElb4AwK48AHinPgDALr4AAGk8ABCDPgB4J74AoBG9AFUAQKDQUkGkzoXCAPyNPgC0hr4AkPc9AOBLPgAwoL0AAGk8YPQHQcjtk0K4CAPCIHUKweDHDkIAQYvC4LRqQXDcIkJgtZ7C8I3TQcC5wEE4urPCwOGqQXC3wkEwhmDCAPyNPgAQA74AeCc+UJGkQUD6rkIQiKzB4Ek8wRjiMELAsCLBoKcXQpjeckIA6JjAAIpjQQDp6b84OVfCUHebQTAmCUKkJb/CkGfbQSA6fEKAQhDBICjAwVDX8kFQBXHCyEkQwrCE20F8ZrPCAOuiwABt0ECwOUrCALvrv1hTTUIAOT5B,0,False,1716271535.0036116,0.05015134811401367
/magnets,ABCDPgCYRL4AkPe9ABCDPgAAab0AoJE9AFiKPgAQg74AwC49ADCgPgAoU74AAOk8AABpPgB4J74AwC69AO/9PwA/UkFI0oXCABCDPgAQg74AkPc9ABCDPgDArr0AAOk8wDQJQbzFk0KQHgPCYK8KwbjdDkI0U4vCYClrQdgAI0Iw/p7CIEXTQcC5wEEEqLPCwOGqQbDxwkHgsWDCAIycPgAQA74AMCA+kMukQfjyrkJgXKzBQKE8wRjiMEJAPCLByJEXQsDIckIA6JjA4GxjQQDp6b/4/lbCcJSbQRAJCUJwE7/CkGfbQbBIfEKgXxDBcPy/wZAR80GYDHHC8DMQwvC+20FocbPCgF+jwID4z0D4QErCAI3tv3hwTUIAOT5B,0,False,1716271535.053631,0.05001950263977051
/magnets,AIycPgAwIL4AAOm9AKCRPgBw2r0AEIM9ALSGPgC0hr4AwK48ADCgPgAwIL4AoBE9AABpPgCgEb4AoBG9AO/9P0B5UkE03YXCALSGPgD8jb4AkPc9AChTPgDArr0AAOk7gOMJQfDXk0KY6wLCgOMJwSjPDkLEYYvCYClrQVC/IkIQ4Z7CQGLTQQD0wEHcvbPCUPCqQQDGwkFQo2DCAESVPgDoGL4A6Bg+4J+kQager0IwpazB4Ek8wRjiMELAsCLBOIMXQpjeckJAOZjAoDJjQQDp6b+oKlfCAKObQXgtCUK4Gr/CkGfbQZArfEJACBDB4O2/waCr8kEoG3HCEFEQwuA720GweLPCwLCiwIDh0EDQVkrCALvrvwh/TULA/j1B,0,False,1716271535.1036875,0.05005645751953125
/magnets,AKCRPgAQA74AkPe9AFiKPgAQg70AwK49APyNPgC0hr4AAOk8ANSjPgDALr4AwK48ALhhPgDoGL4AAOm8ANj+PwBWUUHE64XCANh+PgDYfr4AMCA+AABpPgDArr0AwC494FEJQZTbk0JIFwPCYMYJwbAQD0KwbIvCYClrQQDrIkLI2Z7CsFPTQVDIwEF0mbPCMNOqQUAAw0EwhmDCAHinPgDoGL4A6Bg+UJGkQQQbr0KQE6zBgPI7wTj/MEIgHyLB6K4XQnD0ckKAXJnAoDJjQQAX6L+oKlfCoEubQcA0CUKQML/CIHbbQbgVfEKAQhDBcPy/wSAg80G4KXHC6GYQwrCE20HEbbPCQDyiwID4z0CwOUrCAI3tv+hhTUIAOT5B,0,False,1716271535.153669,0.04998159408569336
/magnets,AESVPgDoGL4AAOm9AFiKPgAwoL0AwK49ABCDPgBElb4AwK48AIycPgDgS74AEIM9AABpPgAAab4AAOm8gLIBQCBcUkG4w4XCALSGPgBYir4AWAo+ALhhPgBw2r0AAOk8IIwJQWzxk0IgLQPC4DoKweDHDkL4c4vCwIBrQbjjIkIQ4Z7CIEXTQQD0wEF0mbPCoMSqQQDGwkGgd2DCAKCRPgAA6b0ACDY+4J+kQdAIr0LQTazBAGc8wWDpMELgzSLBEJkXQuDlckKAc5jAAIpjQQDp6b/4/lbC4IWbQRAJCUKECL/C4DvbQUgkfEIAzg/B4O2/wWBa80FQBXHC6GYQwkCT20H4f7PCgHaiwMAb0UAgK0rCAEjwv8B3TUJAcz5B,0,False,1716271535.2039914,0.05032229423522949
/magnets,ANh+PgBYCr4AcNq9APyNPgAwoL0AMKA9ALSGPgC0hr4AoBE9ADCgPgDgS74AwC49ALhhPgDALr4AAOm8ADT7PwA/UkFwvIXCAFiKPgC0hr4AoBE+AOBLPgAAab0AwK48AIYIQdzik0Lg8gLCAFgKwQDlDkIgXovCgEZrQdgAI0Js3Z7C0HDTQXDlwEEEqLPCMNOqQVCawkHgsWDCAHinPgAQA74AeCc+sOikQZz2rkJgXKzBIIQ8wfD3MELAsCLByJEXQjC6ckKAXJnAIKdjQQDp6b9o8FbCAKObQegeCUJcHr/CkGfbQbgVfEIg6w/BICjAwTC68kG4KXHCODsQwmCw20FocbPCwLCiwEC+z0CwOUrCALvrv1CGTUJgkD5B,0,False,1716271535.2545264,0.050534963607788086
/magnets,APyNPgCgEb4AcNq9AIycPgCgkb0AMKA9AFiKPgBYir4AwC49AHinPgDgS74AwK48AEhwPgB4J74AwC69gMkAQCBcUkGQ2YXCAKCRPgDYfr4AEAM+ANh+PgAA6b0AAOk7gPoIQZTbk0JwAQPCoAAKwUjsDkLYVovCYClrQUjyIkKM+p7CQGLTQeDWwEGUtrPCsEerQQDGwkHofmDCANSjPgCQ970AoBE+EFekQWAXr0KQE6zBYL48wRjiMEKAdiLBOIMXQrj7ckLArZjA4GxjQQBc5b+w91bC4IWbQTAmCUJcHr/CsITbQQAdfELgmRDBUN+/weDl8kFwInHCyEkQwnBK20FUfLPCAOuiwABt0EBIFUrCAADpv8B3TULgGz5B,0,False,1716271535.3041778,0.049651384353637695
/magnets,AESVPgAwIL4AAOm9ALSGPgAwoL0AoJE9ABCDPgC0hr4AwC49AOiYPgAINr4AAGk8ALhhPgAQA74AoBG9AMH/PyBcUkGQ2YXCAJB3PgCQd74AoBE+AOBLPgDgy70AoBE9QMAIQdzik0JoNAPC4DoKwZDzDkJISIvC4LRqQZD5IkJY6J7C0HDTQTCrwEE4urPCoMSqQSDjwkHofmDCANSjPgCgEb4AeCc+sOikQRgQr0IQiKzBoA88wajwMEIA6yLBWKAXQnD0ckLArZjAQNtiQQCK478YHFfCIMCbQaAXCUJwE7/CkGfbQQAdfEIAtxDBMMK/wZAR80HgE3HCgEIQwiB220HEbbPCwJmjwIDh0EBoMkrCAFzlvwh/TUKg4T1B,0,False,1716271535.354101,0.04992318153381348
/magnets,AIycPgBYCr4AAOm9AEhwPgAA6bwAEIM9AESVPgBYir4A4Es9AGSyPgBwWr4AoBE9ABCDPgCgEb4AoBG9ANj+PwA/UkGQ2YXCANh+PgCQd74AwC4+AHBaPgBw2r0AAAAAoBcJQZTbk0IgLQPCAFgKwbAQD0LYVovCQAxrQQDrIkL8657C0HDTQTCrwEE4urPC4P6qQbDxwkHIYWDCADCgPgDgy70ACDY+UJGkQdAIr0KAeazBgPI7wfD3MEKAdiLByJEXQlDXckLArZjAwE9jQQAX6L84OVfC4IWbQaAXCUJwE7/CIHbbQXAOfEKAQhDBICjAwXD08kFwInHCgEIQwuA720EgarPCwLCiwABW0UDQVkrCAADpv5iNTULgGz5B,0,False,1716271535.4047925,0.05069160461425781
/magnets,ALSGPgCYRL4AoBG+ALSGPgAAab0AMKA9AESVPgC0hr4AoBE9AKCRPgAoU74AAOk8ALhhPgBQPb4AwC69gMkAQMAEUkGQ2YXCAKCRPgDYfr4AkPc9AEhwPgCgkb0AwK48YN0IQfDXk0IAEAPCAFgKwZDzDkI0U4vC4LRqQQDrIkIk1p7C4ArTQWBLwUE4urPCkCqrQQDGwkEQaWDCANSjPgCQ970AeCc+UJGkQfjyrkJgXKzBAGc8wajwMEJAPCLBgIoXQrj7ckJAIpnAAIpjQQDp6b+oKlfCwGibQaAXCUKQML/CIHbbQQAdfELgsA/BsDbAwSAg80EoG3HCEFEQwnBK20EMdbPCgF+jwECn0ECwOUrCAOnpvzBpTUJgkD5B,0,False,1716271535.4561422,0.051349639892578125
/magnets,AESVPgDALr4AUL29AJhEPgDALr0AEIM9AFiKPgBElb4A4Es9ANSjPgAwIL4AwC49ANh+PgB4J74AAOm8gJsCQABWUUEAy4XCABCDPgBIcL4AEAM+AChTPgAAab0AoBE9YN0IQZTbk0JwAQPCYMYJwbAQD0IgXovC4LRqQdgAI0Lczp7CACjTQUAuwUGUtrPCcA2rQbDxwkEInGDCAOiYPgDoGL4AMCA+AL2kQRgQr0LQTazB4Ek8wWDpMEJAPCLBMLYXQlDXckLArZjA4GxjQQDp6b84OVfC8B+bQegeCUJwE7/C0KHbQQAdfELgsA/B4O2/wXD08kFwInHCoF8QwkCT20GQW7PCQA6kwECn0EAgK0rCAADpv3hwTUJAcz5B,0,False,1716271535.505052,0.048909902572631836
/magnets,ADCgPgDoGL4AkPe9ABCDPgAAab0AEIM9AFiKPgCgkb4AwC49AAi2PgB4J74AAOk8AJhEPgBwWr4AAGm9ANj+P6DnUUFwvIXCAJB3PgC0hr4AWAo+ALhhPgBYCr4AwK48QMAIQWDJk0Io+gLCIHUKwQDlDkJISIvCgF1qQUjyIkIQ4Z7CACjTQeDWwEFMr7PC4P6qQeCowkGgd2DCAOiYPgAQA74AeCc+wIKkQQzorkIgIqzBAGc8wYjTMEKgqiHBEJkXQuDlckJAIpnAIKdjQQDS6r9ABlfC4IWbQRAJCULsLL/CIHbbQUgkfEIg6w/B4O2/wXD08kHgE3HCYCUQwrCE20HYYrPCgHaiwMAy0ED4QErCAKHivwh/TULA/j1B,0,False,1716271535.5544696,0.04941749572753906
/magnets,AFiKPgDALr4AUL29ABCDPgAAab0AwK49AFiKPgAAab4AwC49AByrPgBQPb4AAOk8AOBLPgDALr4A4Eu9AAb9P4DKUUHMuIXCAFiKPgBIcL4AAOk9AEhwPgDgy70AAOk7gPoIQfDXk0Io+gLCQJIKwUjsDkJcPYvCANJqQUjyIkIk1p7CcBnTQXDlwEHwsrPCIDmrQVCawkHofmDCAESVPgCgEb4A6Bg+4J+kQQQbr0IgIqzBIIQ8wajwMEKAdiLBoKcXQgjQckJAIpnAoDJjQQC7679gI1fC4IWbQegeCUKkJb/CsITbQXAOfEJACBDB4O2/weDl8kEgTnHC0BYQwnBK20H4f7PCgF+jwECn0EBASErCALvrv+CUTUIAOT5B,0,False,1716271535.6048,0.050330400466918945
/magnets,AIycPgCYRL4AWAq+ANh+PgAwoL0AAGk9AFiKPgC0hr4AwK48AByrPgCYRL4AwC49ALhhPgAwIL4AwC69gLIBQABWUUEotYXCAFiKPgBYir4AWAo+AOBLPgAQg70AoBE9QMAIQQTNk0Io+gLCQJIKwbjdDkLsS4vCANJqQQDrIkIk1p7C0HDTQXDlwEEkxbPCkCqrQVCawkEwhmDCADCgPgCQ970AoBE+0AWlQZz2rkIQiKzBQKE8wajwMEKAdiLBWKAXQuDlckJAOZjAYOFjQQDp6b/4/lbCUHebQXgtCUKkJb/CAFnbQdgyfEIAzg/BcPy/wZAR80HgE3HCWFgQwkCT20FUfLPCgF+jwIDh0EBASErCAKTsvzBpTULA/j1B,0,False,1716271535.6546392,0.04983925819396973
/magnets,AOiYPgAwIL4A4Mu9ANh+PgDArr0AwK49AFiKPgCgkb4AoBE9AHinPgAINr4AAOk8AHBaPgBYCr4AoBG9ADT7P8AEUkEUwIXCAJB3PgCQd74AoBE+AHBaPgAQg70AwK48IKMIQajQk0JIFwPC4DoKwUjsDkI0U4vCwJdqQbjjIkLczp7CkDbTQTCrwEHwsrPCcA2rQSDjwkHofmDCAIycPgAQA74AoBE+QPekQZz2rkLQTazBYL48waAjMUKgkyLBwMQXQijtckKAXJnAAIpjQQDp6b8YHFfCcJSbQcgBCUJcHr/CoOrbQZArfELAfBDBMMK/weDl8kHA9nDC8DMQwnBK20FocbPCQDyiwECn0ED4QErCAEXmv7iqTULA/j1B,0,False,1716271535.712623,0.0579836368560791
/magnets,AEhwPgDALr4A4Mu9AChTPgDArr0AoJE9AEhwPgDomL4AwC49AHinPgCYRL4AAGk8AJB3PgCgEb4AAOm7gMkAQEB5UkEUwIXCAPyNPgCQd74AEAM+ALhhPgBQvb0AAGk8gPoIQfDXk0Lg8gLCgMwKweDHDkKQT4vCANJqQbjjIkKg757CkDbTQZACwUHwsrPCELaqQSDjwkE4U2DCAMCuPgAwIL4AUD0+cK6kQdAIr0LwaqzB4Ek8wRjiMEKAdiLBYG0XQnD0ckJAIpnAAIpjQQDS6r8YHFfCgC6bQaAXCUKkJb/CcErbQUgkfEJgJRDBoLO/wZAR80FQBXHCEFEQwtCh20H4f7PCgHaiwMAy0EDwc0rCAADpv6BaTUJAcz5B,0,False,1716271535.7668784,0.05425548553466797
/magnets,ADCgPgAwIL4A4Mu9AKCRPgAAab0AMKA9APyNPgDYfr4AAOk8AByrPgDgS74AoBE9ABCDPgB4J74AoBG9AFUAQICzUkEAy4XCAABpPgD8jb4AAOk9AChTPgAA6b0AAOk7gPoIQbT4k0LYJQPCoAAKwbjdDkIgXovCYClrQXDcIkJY6J7C4ArTQXDlwEHcvbPCIDmrQbDxwkHofmDCADCgPgCgEb4AeCc+AL2kQager0LQTazB4Ek8wYjTMEJAPCLBmNoXQkgKc0JAIpnAwE9jQQAX6L9gI1fCkLGbQcgBCUIAIr/CIHbbQfhPfELgmRDBICjAwVDX8kEAMXHCYCUQwvC+20HsV7PCANSjwEC+z0BgZUrCAADpv3hwTULA/j1B,0,False,1716271535.8170834,0.05020499229431152
/magnets,AOiYPgDoGL4A4Mu9ALSGPgAQg70AMKA9AKCRPgCgkb4A4Es9AIycPgDALr4AAOk8AHBaPgB4J74AAOm8gMkAQGCWUkHs1YXCAJB3PgC0hr4AEAM+AJB3PgAwoL0AAOk8oBcJQZTbk0Lg8gLCoAAKwQDlDkKkRIvCQAxrQWgPI0LI2Z7CsFPTQSARwUE4urPCUPCqQWAdw0GAWmDCAOiYPgAA6b0AeCc+cK6kQbDrrkKwMKzBoPg8wTj/MEJAPCLBgIoXQsDIckLArZjAIKdjQQB27r9gI1fCAKObQVgQCULYN7/CsITbQZArfEJgJRDBAAvAwVDX8kFQBXHCEFEQwoDN20FAh7PCAAKiwECn0EBASErCAEjwv+CUTUJgkD5B,0,False,1716271535.867504,0.050420522689819336
/magnets,APyNPgB4J74AUL29AIycPgDALr0AMKA9AKCRPgD8jb4AAAAAALSGPgAINr4AoBE9ABCDPgCgEb4AwK68AFUAQAA/UkFcx4XCANh+PgBYir4AeCc+ALhhPgAQg70AAAAAgOMJQbzFk0K4CAPCIHUKwWgJD0IgXovCoHpqQQDrIkJY6J7CkDbTQcC5wEGoq7PC4P6qQVCawkE4U2DCAOiYPgCgEb4AeCc+kMukQbwTr0KwMKzBIIQ8waAjMULAsCLBWKAXQuDlckJAOZjAoDJjQQDp6b9gI1fC4IWbQaAXCUJwE7/CsITbQUgkfELAfBDBAAvAwcDI8kFIOHHCEFEQwrCE20EgarPCQCWjwMAy0ECIT0rCAADpv3hwTUJAcz5B,0,False,1716271535.9173212,0.04981732368469238
/magnets,AOiYPgDoGL4AEAO+AJB3PgAAabwAwK49AABpPgDYfr4A4Es9AHinPgAwIL4AwK48AAg2PgCgEb4A4Eu9AMH/PyBcUkGQ2YXCALSGPgC0hr4AAOk9AFA9PgAQA74AAOm7gPoIQdC6k0K4CAPCYK8KwbjdDkLEYYvCoGNrQZD5IkLczp7CACjTQSARwUHwsrPCcA2rQQDGwkFQo2DCADCgPgDoGL4AeCc+wIKkQeT9rkKQE6zBAGc8wWDpMELg5CHBoKcXQkgKc0IA6JjAAIpjQQAA6b+w91bCMFqbQRAJCUIUF7/CQJPbQbgVfELgsA/BsDbAwQAD80EAMXHCoF8QwrCE20GQW7PCgHaiwIDh0EDQVkrCAKTsvxBMTUKg4T1B,0,False,1716271535.9674745,0.050153255462646484
/magnets,ALSGPgAINr4AcNq9ANh+PgAQg70AUL09AKCRPgD8jb4A4Es9AMCuPgBwWr4AoBE9ALhhPgAINr4AwK68AFUAQMAEUkFI0oXCAABpPgBYir4AWAo+AEhwPgBQvb0AAGk8YN0IQYDmk0Io+gLCAFgKwQDlDkLYVovCIO9qQdgAI0K05J7CQGLTQaCcwEG8oLPCcA2rQVCawkF4jWDCAESVPgAwIL4AoBE+MHSkQQQbr0KwMKzBgNs8wajwMELAxyHBwMQXQgADc0KAc5jAIKdjQQDS6r84OVfC4IWbQRAJCUIoDL/C8L7bQUgkfEJgJRDBAAvAwcDI8kGYDHHCEFEQwkCT20EgarPCwLCiwMAy0EAgK0rCAC7nvwh/TUIAOT5B,0,False,1716271536.0175602,0.05008578300476074
/magnets,AFiKPgDALr4AAOm9AFiKPgDgS70AoJE9APyNPgAQg74AwK48ANSjPgAoU74AwC49AFA9PgBYCr4AwC69AFUAQOAhUkHs1YXCAKCRPgBIcL4AEAM+AJhEPgBQvb0AAOk8AG8JQQTNk0Io+gLCoAAKwQDlDkIMaYvCIO9qQXDcIkJMwJ7C8I3TQQD0wEGUtrPC4P6qQZDUwkEwhmDCAESVPgCQ970A6Bg+4J+kQWjkrkKQE6zBgPI7wRjiMEKgkyLB4OEXQgADc0IA6JjAAIpjQQB27r+oKlfCUHebQRAJCUIUF7/CcErbQdgyfEIAzg/BcPy/wQAD80FIOHHCODsQwkCT20FocbPCgF+jwMAE0kBASErCAADpvxBMTULA/j1B,0,False,1716271536.0680072,0.05044698715209961
