/magnets,AESVPgBQPb4AcNq9AESVPgAQg70AAOk8ADCgPgAQg74AAOk7AGSyPgDALr4AwK48ABCDPgDALr4AMKC9AEhwPgDArrwAAOk9AJB3PgC4Yb4AUL09gD8GwYBOOEHQ/VfCgNPvQIAUkkKw2sPB0LeJQQB5+EAUkofCAEhwQXiVLUKEW53CEMjmQZBt70H8rLXCQNXOQVCoI0JYIkXCQMmmQAAUXkLY1n/CCC4oQmD3EUFQl7jCQP04wdDaMEKARRrBkA0YQhCdckIA0ZnAYFpzQQCmJcBo2VfCELaqQeDf3kFkAr7CEN/lQegEgELg0zbBQEXAwfAJ7UGY9XHCCFYSwvAx10FE+bLCAMCuPgAcq74AAOm8ADxIv8gZWUKA7zFB,0,False,1716271728.9325607,0.046887874603271484
/magnets,ADCgPgCgEb4AWAq+ABCDPgAwoL0AEIM9ALSGPgCgkb4AAGk9AMCuPgAINr4AwC49ABCDPgDoGL4AMKC9ANh+PgAA6TsAwK49AChTPgAQg74AEAM+wHkGwaCCN0HYylfCAF/vQGwfkkKQvcPBQKmJQQCQ90BQcYfCAF9vQdA2LUJccZ3CgLnmQVAz70G0pbXC0OPOQZivI0IwOEXCQOClQOD2XULoBIDCEPsnQuCCEUF4gbjC4KU4wbC9MEJACxrBAP8XQoCOckLAlpnAYEN0QQDrIsC4rVfCgKeqQUA330FQDb7CQJblQUD7f0Lg0zbB8HDAwQCk7EGY9XHC+LsSwvAx10GMALPCAPTAPgBksr4AAGm9AFZRv8gZWUKgDDJB,0,False,1716271728.9667184,0.034157752990722656
/magnets,ANh+PgCgEb4AcNq9AKCRPgDALr0AEIM9AKCRPgBYir4AAAAAAMCuPgBQPb4AAGk8AHBaPgAAab4AwC69ALSGPgAAaTwAAOk9AABpPgBElb4AUL09wHkGwaCCN0GI9lfCQJnvQCQYkkIAr8PBQKmJQYAb90BcmYfCoPBvQUAoLUKEW53CcB/nQdCn70F4xrXC0OPOQeiDI0IQG0XCwFSmQBCuXULY1n/C6BAoQsBlEUGsk7jCoGs4wRjiMEIAuhrBSAYYQhCdckIA6JjAAOxzQQDrIsCQw1fCcA2rQQD93kEIBr7C8MHlQSDef0IgDjfB0FPAwdDs7EFYu3HCKHMSwtAU10EwBLPCAJjEPgAItr4A4Eu9AOBLv+g2WULAKTJB,0,False,1716271729.0168574,0.05013895034790039
/magnets,AESVPgAQA74A4Mu9AKCRPgDgS70A4Es9ABCDPgCgkb4AwK48AIycPgCYRL4AoBE9AJB3PgBYCr4AwC69ALhhPgAA6TsAEAM+AHBaPgAQg74AAOk9gD8GwcCIOEFA71fCQJnvQGwfkkLwFMTBIIyJQQCn9kBQcYfCwCRvQVh4LUKwoJ3C4BDnQaAH70GAk7XCYPLOQSi+I0IwOEXCgAOnQAjhXUL483/CWAIoQmD3EUHUfbjCAMM4wSCvMEKgYhrBcPAXQqCrckKARZrA4Ld0QQC9JMCI9lfCoMSqQbAo30GM7L3C8MHlQWjlf0Lg0zbB8HDAwQCk7EHg/HHCcHoSwrD31kFY7rLCAKy5PgBQvb4AwC69AJhEv4ASWULgRjJB,0,False,1716271729.0666337,0.049776315689086914
/magnets,APyNPgAwIL4A4Mu9AJB3PgCgkb0AAGk9APyNPgCQd74AwC49AMCuPgBwWr4AwK48AJB3PgAQA74AAGm9AJB3PgAAabwAcNo9AChTPgDYfr4AcNo9wHkGwQDDOEHQ/VfCgOruQPAFkkJgBsTBYMaJQUDh9kDgf4fCQJlvQRBxLULsf53CUALnQQBf70G0pbXCEB7PQVCoI0IwOEXCgAOnQJAiXkLgo3/CMBgoQsBlEUFkjLjCwIg4wRjiMEJACxrBSAYYQoCOckJAC5rAoH10QYBIJMCQw1fC4P6qQaCl3kEIBr7CwArmQUD7f0JgSDfB8HDAwVB47EFQ7nHCcHoSwvAx10EcD7PCAMCuPgDArr4A4Eu9AFZRv/ADWUIAezFB,0,False,1716271729.1168175,0.050183773040771484
/magnets,AKCRPgBYCr4AEAO+AKCRPgCgkb0AwK49ALSGPgBYir4AwC49ANSjPgAoU74AoBE9APyNPgBYCr4AoJG9ABCDPgDArjwA4Ms9ALSGPgAQg74AUL094JYGwWAxOEGoE1jCgNPvQKAxkkKw2sPBoACKQUDK90D0dIfCoPBvQRBxLUI0h53CgLnmQVAz70E4jLXCEB7PQeiDI0Lw/UTCwFSmQJjvXUIAwX/CeB8oQqAxEkGsk7jCQP04wVgcMUIA0RnBIBwYQlikckJAIpnA4M5zQYBIJMBo2VfCUPCqQbAo30Ec+73CUBnmQdQPgEJAKzfBYGLAwRAn7UEAGnLCaK0SwtAU10GMALPCADzIPgBQvb4A4Eu9AOBLv4ASWUJg0jFB,0,False,1716271729.1667454,0.04992794990539551
/magnets,AIycPgBYCr4AEAO+ABCDPgCgEb0AMKA9ALSGPgCgkb4AwC49ADCgPgDgS74AwC49AABpPgAoU74AoJG9AEhwPgDArrwA4Ms9AABpPgBYir4AEAM+YCIGweC8N0FA71fCwDvuQCQYkkIgzMPBEPKJQYAE+ECEg4fCoPBvQRg+LUKQg53CcB/nQQBf70FYqbXCILjOQcCZI0JYIkXCwFSmQOD2XULgo3/C4EMoQqAxEkHAiLjCwIg4wRjiMEKARRrBKOkXQjiHckKAXJnAwLFzQYAxJcBIvFfCAByrQdBF30H0EL7CMPzlQfjzf0JgSDfBYGLAwUDe7EHA33HCaK0SwpDa1kG06rLCAKy5PgBksr4A4Eu9AIRPv4ASWULAKTJB,0,False,1716271729.2170527,0.050307273864746094
/magnets,AESVPgDoGL4AwK69APyNPgBw2r0AAGk9ALSGPgC0hr4AAOk7ANSjPgAINr4AAOk8AEhwPgBw2r0AoJG9ANh+PgDALr0A4Ms9AJB3PgBElb4AAOk9gD8GwUAUOEFA71fCwDvuQMgbkkLgkcPBgOOJQQB5+ED0dIfCQJlvQdA2LULMYp3C4BDnQaAH70GUiLXC0OPOQcCZI0LoMEXCgBqmQCj+XUKYMIDCWAIoQgCgEUHgpbjC4KU4wWi2MELgsxnBSAYYQlikckKAXJnAIAl0QYAxJcCQw1fCELaqQXDu3kFkAr7C8MHlQfjzf0KAZTfB0FPAweCG7EGY9XHC4GsSwnC91kEwBLPCAHinPgBQvb4AwC69AFZRv+g2WUKA7zFB,0,False,1716271729.2672029,0.050150156021118164
/magnets,AIycPgBYCr4A4Mu9AABpPgAAab0AMKA9APyNPgDYfr4AAOk8AAi2PgB4J74AAGk8AEhwPgCgEb4AUL29ABCDPgAAabwAcNo9AABpPgCgkb4AoBE+4JYGwSD3N0HwGljCwDvuQEQ1kkKw2sPBMA+KQUDK90CkoIfCQJlvQfBTLUKQg53CUALnQVAz70G0pbXCoCzPQTCLI0IQG0XCQOClQMDZXUJ4f3/CUDUoQiC9EUHUfbjCwIg4wajwMEJACxrBIBwYQnjBckJAC5rAIPJ0QQDUI8AAtVfC0HuqQZAL30FkAr7CoO3lQUjIf0KAfDbBwLnAwbDP7EEAGnLCkJcSwkAG10Gg9bLCAPTAPgCsub4A4Eu9AA5KvxjuWEJg0jFB,0,False,1716271729.3175924,0.05038952827453613
/magnets,ANh+PgCQ970AEAO+AEhwPgCgEb0AAGk9AEhwPgC4Yb4AAOk8AMCuPgC4Yb4AwC49ANh+PgBQPb4AEIO9AABpPgAA6TsAcNo9ABCDPgC4Yb4AAOk9oFwGwYBlN0H451fCwA3wQMgbkkKw2sPBEPKJQcBs9kDgf4fCwCRvQRBxLULgV53CUALnQVAz70GUiLXCsMbOQVh1I0LoMEXCgAOnQLA/XkLgo3/CCC4oQkDaEUH8Z7jCgE44wYjTMELAfxrB4OEXQjiHckLAlpnAQCZ0QQDUI8Ag0lfCAByrQdBF30EIBr7CoO3lQSDef0IgDjfB0FPAwdDs7EHYL3LCAIkSwoBA10EwBLPCAByrPgBksr4AAGm9AOBLv+g2WUKA7zFB,0,False,1716271729.3671541,0.04956173896789551
/magnets,AFiKPgCgEb4AAOm9AJB3PgCgkb0AwK49ALSGPgAQg74AAOk8ADCgPgAoU74AAGk9ALhhPgCgEb4AAGm9AESVPgAAAAAAUL09ANh+PgCgkb4AcNo9gD8GwcCfN0GI9lfCgNPvQFgqkkJA6cPBQKmJQUDK90BQcYfCwA1wQWBFLUK4bZ3C4BDnQXBQ70Hot7XCYPLOQVCoI0J4P0XCAKalQAAUXkLY1n/CCC4oQsBlEUHAiLjCgE44wbC9MEKARRrBuPcXQvB/ckKAXJnAwLFzQYB2IsDgl1fCELaqQWBU30H0EL7C4CfmQfjzf0IgDjfB8HDAwSDB7EFQ7nHCCFYSwtAU10H88bLCAGSyPgBQvb4AAGm9AOBLv/ADWUIggTJB,0,False,1716271729.4173408,0.0501866340637207
/magnets,AFiKPgAQA74AkPe9ANh+PgAwoL0AwC49ANh+PgCgkb4A4Es9ADCgPgB4J74AwC49AFiKPgBYCr4AAGm9AKCRPgAA6TsAUL09AABpPgCgkb4AcNo9oFwGwaBrOEE4IljCgOruQBAjkkJgBsTBgOOJQcBV90D0dIfCoPBvQVCrLUKQg53CEMjmQQBf70GAk7XCgA/PQTCLI0JYIkXCwGulQAjhXUIAwX/CyPMnQoAUEkGYnrjCoGs4wSCvMEJgKBrB2BQYQlikckLAlpnAIAl0QQDUI8DYylfCUPCqQZAL30HA/r3C8MHlQUQBgEJgSDfBEI7AwfAJ7UEw0XHCAIkSwgDM1kEQ57LCAFC9PgAItr4AoJG9AJhEv4ASWULAKTJB,0,False,1716271729.4677114,0.05037069320678711
/magnets,AOiYPgBYCr4AEAO+AJB3PgCgEb0AoJE9AKCRPgBYir4A4Es9AMCuPgBQPb4AwC49ALSGPgCgEb4AAGm9ANh+PgAAaTwAkPc9AJB3PgAQg74AkPc9gD8GwYBOOEGoE1jCgNPvQBxLkkJA6cPBYMaJQUCz+EA8fIfCIHxvQaB/LUIMnZ3CcB/nQTAW70FYqbXCILjOQQihI0KgKUXCQMmmQAAUXkKYnH/CMBgoQuCCEUG4u7jCwIg4wajwMELAfxrBuPcXQsiVckKAc5jAQCZ0QYBfI8D451fCELaqQWBU30Ec+73CoO3lQTAMgEJAKzfB8HDAwQCk7EEI53HCAIkSwpDa1kFY7rLCAByrPgD0wL4AwC69AOBLv/ADWUKgDDJB,0,False,1716271729.5179422,0.05023074150085449
/magnets,ANSjPgBQPb4AAOm9ALSGPgAwoL0AEIM9AKCRPgBIcL4AwC49ANSjPgAoU74AEIM9ANh+PgCgEb4AwC69APyNPgAA6TsAAOk9AJhEPgAQg74AkPc9YCIGwYBOOEGoE1jCAF/vQEQ1kkLwFMTBQKmJQUDh9kA8fIfC4CpwQaB/LUIAdZ3C8KrmQQBf70GAk7XCYPLOQVCoI0IwOEXCQMmmQFDoXUIoq3/C8N0nQmD3EUEwerjCwIg4wdDaMEKgYhrBuPcXQlikckJAIpnAwLFzQYCNIcC4rVfC4P6qQZAL30Ec+73CgNDlQbDsf0KggjfBQEXAwXCV7EEw0XHCcHoSwtAU10Gg9bLCAIycPgAItr4AAOm8AFZRv4ASWUJg0jFB,0,False,1716271729.5675697,0.04962754249572754
/magnets,APyNPgBw2r0AAOm9ANh+PgAA6bsAoJE9ALSGPgD8jb4AoBE9AHinPgCYRL4AAOk8ALhhPgDALr4AEIO9ALSGPgAA6bwA4Ms9ANh+PgAQg74AEAM+oFwGwQDaN0HwGljCgNPvQDgNkkLQ98PB8NSJQUDK90CYeIfCIHxvQRg+LUJccZ3C4BDnQTAW70F4xrXCsMbOQVCoI0KADEXCQOClQHjSXULgo3/CMBgoQsBOEkFkjLjCoGs4wWDpMEJACxrBcPAXQhCdckJAIpnAQA91QYBIJMCw4FfCcA2rQZAL30HU873CwArmQUjIf0Lg0zbBgH/AwSDB7EGY9XHCkJcSwoBA10EcD7PCANSjPgAItr4A4Eu9AOBLvzgLWULAKTJB,0,False,1716271729.6176286,0.050058841705322266
/magnets,AFiKPgB4J74AEAO+ABCDPgCgkb0A4Es9AKCRPgAAab4AoBE9ANSjPgCYRL4AwK48ANh+PgDoGL4AAGm9AABpPgAA6TsAUL09AEhwPgBIcL4AkPc9QAUGwQDaN0Eg0lfCAF/vQMgbkkKAI8TBoACKQYAb90CsbYfCYLZvQVh4LUIAdZ3CcB/nQXBQ70G0pbXC8ADPQSi+I0IQG0XCgAOnQFDoXUIAwX/CeB8oQoAUEkFQl7jCwIg4wYjTMELgnBrBIBwYQuiyckLAlpnAYEN0QQC9JMD451fCwOGqQQD93kFkAr7C0KTlQfjzf0JgSDfB8HDAwSDB7EEw0XHC2J4SwpDa1kHo/LLCAFC9PgDUo74AAGm9AIRPvxAhWUJg0jFB,0,False,1716271729.668016,0.05038738250732422
/magnets,AIycPgCgEb4AwK69ABCDPgCgEb0AoJE9AESVPgC0hr4AAOk8AMCuPgAoU74AAAAAAABpPgDoGL4AEIO9ABCDPgAAabwAEAM+AJB3PgC0hr4AkPc9ALQGwSD3N0Fo2VfCQLDuQBAjkkJwoMPB0LeJQQCQ90A8fIfCwCRvQaB/LUKQg53CMOXmQZBt70Ewv7XC0OPOQcCZI0I4BUXCQMmmQJjvXUJIyH/CeB8oQkDaEUFkjLjC4KU4wYjTMEJACxrBKOkXQhCdckKAXJnA4Ld0QQCPJsDYylfCELaqQSAa30FkAr7CEN/lQSDef0KAZTfBgH/AwbDP7EHoyXHCcHoSwkAG10EwBLPCAKy5PgAcq74AoBG9AOBLvzgLWUKgDDJB,0,False,1716271729.7178934,0.04987740516662598
/magnets,AHinPgAwIL4AWAq+AJB3PgCgEb0AoJE9AESVPgD8jb4AAOk8AByrPgBQPb4AEIM9ABCDPgCQ970AMKC9ANh+PgAAaTwAcNo9AEhwPgBYir4AAOk9ALQGwSD3N0H451fCAF/vQCQYkkKQvcPBQKmJQQCn9kCYeIfCIHxvQfBTLULsf53CUALnQQBf70Ekl7XC0OPOQZivI0JYIkXCQLKnQCj+XUKw7H/CCC4oQiC9EUE8orjCYBo5wUDMMEKARRrBcPAXQlikckJAC5rAoH10QQC9JMCw4FfCUPCqQbAo30HU873CMPzlQdjWf0JgSDfBgH/AwUDe7EHg/HHCKHMSwqBd10H88bLCAFC9PgDArr4AAOm8AFZRv8gZWUKgDDJB,0,False,1716271729.7682025,0.050309181213378906
/magnets,ABCDPgCQ970AkPe9AKCRPgAQg70AEIM9APyNPgBYir4A4Es9AAi2PgAINr4AwC49AIycPgDALr4AEIO9ANh+PgAA6TsAwK49ANh+PgBYir4AwK49IOgFwUAUOEGoE1jCwA3wQDBAkkKAI8TB0LeJQUDh9kDgf4fCAF9vQdA2LUJccZ3CUALnQXBQ70FsnrXC0OPOQcCZI0J4P0XCQMmmQAAUXkKQz3/C4EMoQgCgEUEchbjC4KU4wUDMMEJACxrBAP8XQjC6ckIA6JjAwJp0QYBIJMBIvFfCoMSqQXDu3kHgG77CMPzlQSDef0IA8TbBwLnAwQCk7EEoBHLCIKYSwiDp1kFY7rLCAFC9PgCsub4A4Eu9ALJNvxAhWULAKTJB,0,False,1716271729.8180892,0.04988670349121094
/magnets,ALSGPgCgEb4AAOm9AESVPgAQg70AEIM9ABCDPgC0hr4AwC49AHinPgBwWr4A4Es9AJB3PgCgEb4AAGm9AOiYPgDArrwAAOk9AEhwPgBYir4AUL09IOgFwQDaN0GoE1jCAF/vQNwQkkKw2sPB8NSJQYAb90A8fIfC4EFvQcCcLUJwZp3CwPPmQVAz70FYqbXCYPLOQcCZI0LoMEXCwGulQLgMXkIg3n/CmDwoQqAxEkF4gbjCgDc5wUDMMEJACxrBuPcXQsiVckJAIpnAAOxzQYBIJMBIvFfCIDmrQSAa30G4Mb7CgNDlQbDsf0IA8TbB8HDAwdDs7EGgwnHCUF0SwtAU10EwBLPCAFC9PgDUo74AwC69AOBLv6j8WEIgmDFB,0,False,1716271729.8684545,0.05036520957946777
/magnets,AFiKPgBYCr4AAOm9APyNPgDALr0AwK49AEhwPgBYir4AAOk8AESVPgBQPb4AAOk7AHBaPgBYCr4AAGm9AJB3PgAA6TsAcNo9ANh+PgBYir4AkPc9IOgFwWAxOEGoE1jCQJnvQEQ1kkIgzMPBYMaJQUDK90BkZofCYLZvQRg+LUIoX53C4BDnQeBB70EQorXCkKnOQeiDI0IQG0XCAKalQHAFXkIAwX/CoFdDQkARrkFU+oXCIOA4wYjTMELAfxrBcPAXQsiVckLAf5rAAOxzQQB4J8CQw1fCUPCqQQD93kEIBr7C8MHlQbi5f0IgDjfB0FPAwdDs7EGApXHCKHMSwgDM1kGMALPCAMCuPgCsub4AoBG9AMZCv/ADWULAKTJB,0,False,1716271729.9183366,0.04988217353820801
/magnets,AByrPgDgS74AAOm9APyNPgCgEb0AAGk9AOiYPgBYir4AAGk8AFiKPgAwIL4AAOk8AHBaPgB4J74AwC69ANh+PgDArjwAAOk9AHBaPgAcq74AcNo9oFwGweC8N0E4IljCgOruQIAUkkJgBsTBQKmJQcBV90D0dIfCgNNvQfBTLUKkeJ3C4BDnQVAz70EQorXCsMbOQeC2I0KgKUXCQPekQHAFXkL483/C4MoYQUCkRkGAAyfBAMM4wUDMMEJACxrB2BQYQuDlckKAXJnAoH10QYB2IsBo2VfCkCqrQZAL30FkAr7CcDbmQegEgEKggjfBEI7AwSDB7EF42HHCAIkSwoBA10GMALPCAJjEPgA8yL4AMKC9AFZRv/ADWUKA7zFB,0,False,1716271729.9685392,0.05020260810852051
/magnets,AFiKPgAwIL4AEAO+ALSGPgDALr0AwK49AFiKPgBYir4AwC49AAi2PgAINr4AAGk8AEhwPgCYRL4A4Eu9AEhwPgCgET0A4Ms9ALSGPgBksr4AcNo9YCIGwcCfN0FA71fCwCTvQMBOkkJA6cPBQKmJQcA++EBkZofCgOpuQdA2LUKkeJ3CgLnmQYDq7kGgsLXCILjOQXiSI0IwOEXCAL2kQJAiXkKQz3/CAJ0HQIC1C0CA5pPAAMM4wWDpMELgnBrBoKcXQnALckLAf5rAgGB0QQC9JMCw4FfCUPCqQXDu3kFQDb7CoO3lQSDef0KggjfB8HDAwZCy7EEw0XHCCFYSwoBA10F4C7PCAPTAPgDUo74AEIO9ADxIv8gZWULgXTFB,0,False,1716271730.0185463,0.05000710487365723
/magnets,AKCRPgDoGL4AkPe9ABCDPgDALr0AMKA9ABCDPgAQg74A4Es9AHinPgCYRL4AAOk7AJB3PgDoGL4AUL29AJB3PgAAabwA4Ms9AHBaPgBQvb4AoJE9AMsFwUAUOEHQ/VfCwCTvQAhWkkKAI8TB8NSJQUDK90D0dIfCwCRvQThbLUI8VJ3CUALnQXBQ70FYqbXCYPLOQXiSI0LoMEXCAL2kQCj+XUJEAYDCAIYIPwBqRj8ARJW/ANo3wbC9MEIg1xrBaCMYQgADc0IA6JjA4Ld0QQACIsBA71fCMNOqQXDu3kEIBr7C8MHlQWjlf0JAKzfB8HDAwXCV7EHA33HCcHoSwhBP10GMALPCAMzWPgD0wL4AUL29AOBLv8gZWUIgmDFB,0,False,1716271730.0688515,0.05030512809753418
/magnets,AKCRPgAwIL4AEAO+ANh+PgCQ970AoBE9AABpPgC0hr4AAOk8ANSjPgDgS74AAOk8ANh+PgB4J74A4Eu9AChTPgAQg70AWAo+AChTPgBksr4AAAAAAMsFwYBOOEHwGljCwCTvQIAUkkIAr8PBEPKJQcBV90CsbYfCwCRvQRBxLUJIfJ3CMOXmQSB870Hot7XCYPLOQVCoI0KgKUXCANSjQHAFXkIAwX/CAHinPgBYij4AZLK+oGs4wdDaMEKgYhrBcPAXQmBxckLAf5rAAOxzQQDUI8BwplfCwOGqQSAa30FQDb7CoO3lQbDsf0JAKzfBkBnAwbDP7EGgwnHCKHMSwtAU10GMALPCAJjEPgCsub4AAOm9AChTvzgLWULgXTFB,0,False,1716271730.11944,0.05058860778808594
/magnets,AKCRPgDALr4AcNq9ALSGPgAwoL0AMKA9AKCRPgCMnL4AwC49AMCuPgCYRL4AoBE9ABCDPgAwIL4AAOm8AEhwPgDArrwA4Ms9ANh+PgCEz74AAOm84K0FwaBrOEEg0lfCQMftQPwtkkLQ98PBIIyJQcBV90CsbYfCAF9vQfggLUJwZp3CoNbmQeBB70G0pbXC8ADPQSi+I0J4P0XCgEikQHAFXkJA+3/CADCgPgAA6T0AeCe+gE44wWDpMELgnBrBcPAXQvhMckLAlpnA4M5zQQCmJcBwplfCcA2rQSAa30HMJr7CwArmQYwIgEIA8TbBgH/AwUDe7EEI53HCkJcSwqBd10HUB7PCAODLPgAItr4AUL29ADxIv6AvWUKgDDJB,0,False,1716271730.1696444,0.05020427703857422
/magnets,AESVPgDoGL4A6Bi+AChTPgDALr0AUL09AKCRPgC0hr4AAOk8AByrPgDgS74A4Es9AKCRPgB4J74A4Eu9AJhEPgAAAAAAwK49AEhwPgDM1r4A6Bi+oHMFwcCfN0HwGljCAEjwQNwQkkLQ98PBoACKQYAb90D0dIfCoAdvQeiGLUL4p53CoNbmQSB870Hot7XCQNXOQVh1I0KgKUXCQPekQNgpXkKw7H/CAOiYPgAA6TwAwC69AMM4wTj/MEJA9BrBaCMYQjC6ckJAIpnAIAl0QQDrIsAg0lfCkCqrQUA330HgG77C0KTlQegEgEJAKzfBoJzAwSDB7EHoyXHCcHoSwtAU10GsHbPCAKy5PgDArr4AcNq9AA5KvxAhWUIgmDFB,0,False,1716271730.219271,0.04962658882141113
/magnets,ANSjPgAwIL4AAOm9AJB3PgDALr0A4Es9AFiKPgD8jb4AwC49AHinPgC4Yb4AwK48ALhhPgCgEb4AAGm9AChTPgDArjwA4Ms9ADAgPgA8yL4ASHC+gFYFwWAxOEFgDFjCQLDuQKAxkkJA6cPBoACKQYAb90BwjofCoAdvQchpLUL4p53CwPPmQbCK70GMu7XC0OPOQeiDI0LIE0XCQPekQAAUXkKMCIDCAOiYPgCgET0AAOm8QP04wfD3MEKALhvBCMwXQjiHckJA9JrAIAl0QQBhKMBIvFfCQFarQSAa30HgG77C8MHlQUQBgEKggjfBoJzAwdDs7EEI53HC4GsSwmAj10H88bLCAJjEPgAItr4AAOm9AOBLv4ASWUJAtTFB,0,False,1716271730.269324,0.05005311965942383
/magnets,AKCRPgDoGL4AkPe9AESVPgAA6TsAwC49AABpPgCgkb4AAAAAAByrPgAoU74AwC49AJB3PgBQPb4AwK69AFA9PgAA6bsAMKA9AFgKPgBQvb4AkHe+IP8EwWAxOEGoE1jCAHbuQGwfkkIAr8PBIIyJQcA++EDgf4fCQJlvQVh4LUJccZ3CMOXmQcAk70FEtLXCYPLOQcCZI0LoMEXCgBqmQJAiXkLUD4DCAOiYPgCgET0AwK68wIg4wdDaMEKgYhrBeL0XQtgvckJA9JrAANV0QYBfI8D451fCkCqrQUA330HA/r3CoO3lQbi5f0Lg0zbB8HDAweCG7EFYu3HCKHMSwgDM1kFY7rLCAITPPgCYxL4AkPe9AA5Kv9DmWEIAezFB,0,False,1716271730.319834,0.05050992965698242
/magnets,APyNPgDALr4AEAO+AABpPgAQg70A4Es9AJB3PgCMnL4AAOk8ANSjPgBQPb4AwK48AChTPgDALr4AMKC9AAg2PgDgS70AMKA9AABpPQDgy74ARJW+QBwFweC8N0EYBVjCQILwQPwtkkLQ98PBsJqJQcA++EDMiofC4EFvQRBxLUJomZ3CoNbmQTAW70FYqbXCkKnOQeiDI0LIE0XCQPekQHAFXkJA+3/CANSjPgAA6TwAAOm7IOA4wUDMMEIAuhrBAP8XQjC6ckJAC5rAIAl0QQC9JMCw4FfCUPCqQWBU30GYFL7C4CfmQUQBgEKAZTfB8HDAwQCk7EHIrHHCkJcSwkAG10HUB7PCAAi2PgD0wL4AAOm9APpUv/jQWEIAezFB,0,False,1716271730.3695652,0.04973125457763672
/magnets,ALSGPgBYCr4AAOm9ALSGPgAA6bwAMKA9ALSGPgCgkb4AAGk9AByrPgAoU74A4Es9AJB3PgBQPb4AEIO9ALhhPgAAAAAAMKA9AADpPACEz74AMKC+gG0EwUAUOEGoE1jCgLzwQGwfkkLwFMTBgOOJQYAE+ECEg4fCIHxvQWBFLULYip3CAC7nQXBQ70H8rLXCYPLOQVCoI0KADEXCgBqmQHAFXkJEAYDCAFiKPgAAaTwAoBG9oGs4wdDaMEJgERvBKOkXQqh4ckIA0ZnAIAl0QYBIJMCw4FfC4P6qQaCO30HgG77CsIflQWjlf0JgSDfBMKvAwSDB7EHA33HCcHoSwmAj10Ho/LLCAJjEPgD0wL4AcNq9AA5Kv0DYWEJAtTFB,0,False,1716271730.419708,0.050142765045166016
/magnets,AESVPgBYCr4AUL29ANh+PgAwoL0A4Es9ALSGPgD8jb4AAOk8AHinPgAINr4AwK48ABCDPgDoGL4AAGm9AChTPgAAAAAAcNo9AADpuwDM1r4ARJW+YFAEwUAUOEE4IljCQJnvQBAjkkIgzMPBgOOJQcA++EBQcYfCYLZvQVh4LULsf53CcB/nQXBQ70H8rLXCQNXOQZivI0LoMEXCgBqmQJjvXUL483/CAESVPgCgkT0AAAAAIOA4wYAGMULAaBvBCMwXQrBFckJAC5rAIAl0QYCNIcAg0lfCsEerQQD93kEIBr7CEN/lQbDsf0IgDjfB0FPAwQCk7EEQtHHCcHoSwqBd10F4C7PCAPTAPgCYxL4AwK69AFZRv9DmWELgRjJB,0,False,1716271730.4699485,0.050240516662597656
/magnets,AKCRPgCQ970AcNq9ABCDPgDArr0AEIM9AKCRPgAQg74AoBE9AESVPgDgS74AAGk9APyNPgCgEb4AAGm9AABpPgCgEb0AUL09AADpvAAU3r4AZLK+oIoEwSD3N0GAKVjCAHbuQIAUkkIgzMPB0LeJQYAb90A8fIfCAEhwQXiVLUJomZ3CAC7nQcAk70EQorXCILjOQQihI0LoMEXCQMmmQPhGXkLUD4DCAOiYPgAA6TwAAOk7oGs4wajwMEIAuhrBmNoXQhhqckIA0ZnAQCZ0QQDUI8AAtVfCwOGqQbAo30E8GL7CgNDlQUD7f0JAKzfBgH/AwWD77EHoyXHCkJcSwiDp1kF4C7PCAFC9PgBQvb4AEAO+AJhEvzgLWUKA7zFB,0,False,1716271730.5201843,0.050235748291015625
/magnets,AIycPgCgEb4AWAq+AIycPgDArr0AoBE9APyNPgDYfr4AwC49AAi2PgC4Yb4AwC49ANh+PgAQA74AoJG9AChTPgAA6bsAwK49AJD3vQDM1r4A1KO+IBYEwSD3N0FgDFjCgOruQCQYkkJA6cPB8NSJQUDh9kCsbYfCAF9vQfBTLUIAdZ3CwPPmQcAk70FsnrXCkKnOQaB8I0IQG0XCgBqmQNgpXkJEAYDCAKCRPgAAaT0AAGk84KU4wfD3MEIAuhrBSAYYQlikckKAXJnA4Ld0QQDUI8Cw4FfCwOGqQdBF30FwKr7CoO3lQdjWf0LgvDfBgH/AwSDB7EEI53HCkJcSwiDp1kH88bLCAMCuPgD0wL4A4Mu9ALJNv1goWUJg0jFB,0,False,1716271730.5704167,0.0502324104309082
/magnets,AKCRPgB4J74AcNq9ABCDPgAQg70AEIM9ALSGPgBIcL4AAOk8AIycPgAINr4AAOk8ALhhPgBQPb4AAGm9AJB3PgDALj0AcNo9AJB3vgAU3r4AeKe+IDANwWD0B0GoJ03CwA3wQMgbkkJA6cPB0LeJQUDh9kA8fIfCYLZvQchpLUIMnZ3C4BDnQeBB70FsnrXCILjOQVCoI0LARkXCwGulQFDoXUJEAYDCAESVPgDgSz0AAGk8IPc3wUDMMEIAuhrB4OEXQkBUckKARZrA4Ld0QQCPJsCw4FfCYIqqQSAa30GEH77CsIflQbi5f0IgDjfBYGLAwUDe7EEQtHHCcHoSwrD31kGMALPCAODLPgA8yL4AUL29ALJNv9DmWEKA7zFB,0,False,1716271730.6207695,0.05035281181335449
/magnets,AOiYPgAQA74AkPe9APyNPgAAab0AEIM9ABCDPgD8jb4AAOk8AMCuPgAINr4AoBE9ALhhPgBQPb4A4Eu9AJB3PgAAAAAAkPc9AKy5vgDM1r4ACLa+oJAYwhAbxcGgNBzCQJnvQJQJkkIgzMPBsJqJQcA++EBQcYfCIHxvQVh4LUJomZ3CgLnmQQBf70FEtLXCYPLOQVh1I0IITkXCQOClQNgpXkIwDIDCADCgPgAA6TwAAGk84KU4wdDaMELAfxrBKOkXQmg+ckJAC5rA4Ld0QQCPJsD451fCELaqQbAo30FkAr7CgNDlQSDef0JgSDfB0FPAweCG7EGApXHCCFYSwiDp1kGg9bLCAMCuPgCYxL4AAOm9ADxIv8gZWUIgmDFB,0,False,1716271730.6703348,0.04956531524658203
/magnets,AKCRPgCgEb4A6Bi+ALSGPgBw2r0AAGk9APyNPgBYir4AEIM9AByrPgDgS74AAOk8ABCDPgAwIL4A4Eu9ALhhPgDArjwAUL09AHITvwAcq74AtIa+QJgewSD9S8FAir1AAF/vQLQmkkJwoMPBQKmJQQCQ90BcmYfCQJlvQYBiLUK4bZ3CwPPmQbCK70H8rLXCILjOQVCoI0KgKUXCQOClQNgpXkKMCIDCAIycPgAA6bsAwC49wIg4wcgNMUJACxrBuPcXQjC6ckIA0ZnAAOxzQYB2IsBgDFjCUPCqQSAa30Ec+73CAFzlQWjlf0Lg0zbB0FPAwUDe7EF42HHCAIkSwiDp1kGMALPCAFC9PgBQvb4AwK69AIRPv/ADWULgXTFB,0,False,1716271730.7204413,0.05010652542114258
/magnets,APyNPgDoGL4AUL29ALhhPgDArr0A4Es9ALSGPgDomL4AAOk8ANSjPgC4Yb4AwK48AEhwPgDoGL4AEIO9AJB3PgAAabwAMKA9AKARvwBIcL4AoBG94JRNwSD3N8EAt5BAQJnvQLQmkkLwFMTBEPKJQcBs9kCsbYfCoAdvQfggLUIoX53CoNbmQeBB70HwhLXCAJvOQVCoI0J4P0XCgOynQOD2XUIIjn/CANSjPgDgS70AoBE94KU4wYjTMEKARRrBKOkXQmBxckLAlpnAwJp0QQCPJsBIvFfC4P6qQQD93kFkAr7CUBnmQUD7f0JgSDfBUMjAweCG7EEoBHLCKHMSwmAj10Ho/LLCAFC9PgDgy74A4Mu9AOBLv/jQWEKA7zFB,0,False,1716271730.7705336,0.050092220306396484
/magnets,AIycPgCYRL4AAOm9AEhwPgAQg70AwK49APyNPgD8jb4AoBE9AHinPgB4J74AwK48ANh+PgDoGL4AAGm9AFiKPgAA6bsAwK49ALjhvgAwoL0AEAM+IJgxwQBw2sAAK91AwCTvQCQYkkJgBsTBQKmJQQB5+EBwjofCYLZvQXiVLULsf53CEMjmQXBQ70Hot7XCQNXOQcCZI0IITkXCAGGoQGg4XkKw7H/CAHinPgCgEb0AwK48wIg4wdDaMEIg7hnBCMwXQvB/ckIA0ZnAAOxzQYBIJMAYBVjCoMSqQWBU30EIBr7CEN/lQdjWf0IgDjfBQEXAwXCV7EEQtHHC4GsSwpDa1kFE+bLCADzIPgAo074A4Mu9ALJNv6j8WEJg0jFB,0,False,1716271730.8216727,0.051139116287231445
/magnets,ALSGPgB4J74AkPe9AFiKPgBw2r0AoJE9AFiKPgAQg74AAGk8AByrPgAoU74AwC49ALSGPgAQA74AEIO9AJB3PgDArjwA4Ms9ADCgvgCgEb4AAOk9AEcfwUCBn8BAC5pAwCTvQFgqkkKw2sPBMA+KQUDK90BwjofCIHxvQRBxLUIoX53CgLnmQQBf70GMu7XCYPLOQeiDI0KgKUXCgDGlQAAUXkL483/CAESVPgDArrwAwK48QP04wfD3MEJgKBrBwMQXQnjBckJAIpnAAOxzQYB2IsBo2VfCgKeqQWBU30EIBr7C8MHlQQDBf0IA8TbBEI7AwUDe7EHoyXHC6DgSwgDM1kFkFrPCAMCuPgDM1r4AAOm9AFZRv2D1WEKA7zFB,0,False,1716271730.870808,0.04913520812988281
/magnets,AIycPgAINr4AEAO+AJB3PgCgEb0A4Es9AKCRPgBYir4AwC49ADCgPgBQPb4AwK48AEhwPgDALr4AoJG9AHBaPgDArrwAcNo9AChTvgBQPb4AMCA+ADm+wAC9pL8ATTNAAF/vQNwQkkKQvcPBgOOJQUDK90CkoIfCAF9vQaB/LUJccZ3CEMjmQZBt70H8rLXCYPLOQQihI0IwOEXCwFSmQNBcXkJ4E4DCAIycPgAAaTwAwK48oFQ5wbC9MEKgYhrBCMwXQnALckJA9JrAgGB0QYBIJMBgDFjCAByrQUA330GsCb7C8MHlQUjIf0KgmTbBYGLAwUDe7EFQ7nHC4GsSwvAx10EIGrPCAJjEPgAItr4AUL29AFZRv1goWUKA7zFB,0,False,1716271730.9208944,0.05008649826049805
/magnets,AOiYPgDoGL4AkPe9AJB3PgAAab0AMKA9ALSGPgBYir4AAGk8ADCgPgBQPb4AAOk8AABpPgDoGL4AAGm9AEhwPgAA6bsAcNo9AHDavQDALr4AUL09AFNHwAA0e78AZLI+AEjwQBAjkkKw2sPB8NSJQYAE+EBQcYfCoPBvQchpLUJccZ3CcB/nQeBB70HUwrXCsMbOQTCLI0LIE0XCQMmmQLgMXkKsJYDCAMCuPgAA6TsAoBE9AMM4wfD3MELgnBrB4OEXQhhqckJAC5rA4M5zQQDrIsDQ/VfC4P6qQQD93kGsCb7CwArmQZDPf0LAnzfBgH/AweCG7EGgwnHCcHoSwmAj10EIGrPCACjTPgA8yL4AAOm9AOBLv9DmWEIgmDFB,0,False,1716271730.9710834,0.05018901824951172
/magnets,APyNPgBYCr4AEAO+ANh+PgDgS70AMKA9AFiKPgC4Yb4AAOk8AIycPgBQPb4AwC49ABCDPgAQA74AEIO9ABCDPgAA6TsAMKA9AOBLvQAAab4AwC49AA5KvwDomL4A4Es9gOruQLQmkkIgzMPBgOOJQYAb90BQcYfCQJlvQcCcLUKQg53CUALnQXBQ70GgsLXCUG/OQXiSI0JYIkXCAI+mQAAUXkIg3n/CAIycPgAAAAAAAGk8AMM4wajwMELgnBrBAP8XQoCOckJAIpnAwLFzQQDUI8BA71fCoMSqQbAo30HMJr7C8MHlQWjlf0JgSDfBgH/AwVB47EHIrHHCeEcSwpDa1kF4C7PCAMCuPgBQvb4AcNq9AMZCvzgLWUJg0jFB,0,False,1716271731.0210805,0.04999709129333496
/magnets,AKCRPgDoGL4AkPe9AFiKPgAwoL0AEIM9AABpPgCgkb4AwK48AHinPgAoU74AwK48AJB3PgDALr4AMKC9AJB3PgAA6TsA4Ms9AMCuPABIcL4AoBE9AJjEPgAAaTwAUL09gOruQPwtkkKw2sPBMA+KQcBV90BwjofCQJlvQThbLUK4bZ3CwPPmQVAz70FYqbXC0OPOQQihI0IwOEXCwD2nQJAiXkIwDIDCAMCuPgAA6bsAAGk8oFQ5wTj/MELgnBrBcPAXQvB/ckLAlpnAwJp0QQDUI8CI9lfCwOGqQbAo30FkAr7CsIflQbDsf0Lg0zbBcPy/wZCy7EEI53HCuIESwjBs10FE+bLCAAi2PgD0wL4AAOm9AIRPv8gZWULgXTFB,0,False,1716271731.0718277,0.05074715614318848
/magnets,AFiKPgAwIL4AkPe9AABpPgCgEb0AoJE9ALSGPgBYir4AAAAAAAi2PgAwIL4AAOk8AChTPgAQA74AAGm9ABCDPgAQgz0AAOk9AABpPQC0hr4AEIM9AHDaPwB4Jz4AZLK+gOruQNwQkkJA6cPBEPKJQYAy9kDMiofCQJlvQaB/LUKItp3CUALnQRD57kHUwrXCQNXOQZivI0LoMEXCgAOnQJjvXUIcF4DCAKCRPgAAAAAAAOk7QP04wajwMEJgKBrBuPcXQqCrckIA0ZnAYEN0QQCmJcD451fC4P6qQUA330E8GL7C4CfmQVCVf0JgSDfBgH/AwXCV7EGApXHCUF0SwiDp1kGMALPCAODLPgD0wL4A4Mu9AIRPvzgLWUJg0jFB,0,False,1716271731.1213295,0.049501895904541016
/magnets,AKCRPgAwIL4AUL29ALSGPgCgkb0AAOk8APyNPgD8jb4AAOk8AJB3PgDALr4AAOk8AEhwPgDoGL4AEIO9ANh+PgAAabwA4Ms9AJD3PQBElb4AUL09AIFFQADALj0ASHC/QLDuQFgqkkJgBsTBMA+KQYAE+EDMiofCQJlvQRg+LULsf53CMOXmQZBt70GgsLXCYPLOQVCoI0LARkXCgBqmQLgMXkIg3n/CANSjPgDALr0AAOk7IOA4wWDpMELAfxrBAP8XQhhqckJA9JrAQCZ0QYAxJcDYylfCMNOqQbAo30FQDb7C8MHlQVCVf0JgSDfBoJzAwUDe7EHoyXHC4GsSwkAG10F4C7PCAFC9PgCYxL4AWAq+AOBLv/ADWUIAezFB,0,False,1716271731.171489,0.050159454345703125
/magnets,APyNPgCQ970AAOm9AIycPgDArr0AoJE9AESVPgD8jb4AAOk8AGSyPgB4J74A4Es9AABpPgBQPb4AMKC9AOiYPgAAaTwAcNo9AHgnPgDYfr4AwK49QKfQQACYxD6AihfAAHbuQFgqkkJwoMPBwB2KQUDK90Aoh4fCYLZvQZiyLUIMnZ3CwPPmQTAW70G0pbXC0OPOQTCLI0IwOEXCQOClQOD2XULAGoDCAIycPgDgS70AAOk7oFQ5wTj/MEKARRrBIBwYQoCOckJAC5rAgGB0QYAxJcBA71fCkCqrQbAo30GM7L3CgNDlQSDef0JAKzfBoJzAwQCk7EHA33HCKHMSwrD31kFE+bLCAITPPgCYxL4AkPe9AGpGv6j8WELAKTJB,0,False,1716271731.2214417,0.04995274543762207
/magnets,AKCRPgAINr4AcNq9ALhhPgAA6b0AEIM9AOiYPgC0hr4AAOk8ANSjPgBQPb4A4Es9ALhhPgDALr4A4Eu9AFiKPgAAabwAEIM9AChTPgAQg74A4Ms9oOaAQQBL+r+AkfzAwCTvQDgNkkLwFMTBQKmJQYAE+EA8fIfCwCRvQchpLUJUpJ3CUALnQRD57kHUwrXCQNXOQQihI0LARkXCQOClQCj+XULAGoDCAHinPgAAab0AAAAAYBo5wdDaMEKARRrBuPcXQvB/ckLAlpnAYFpzQQC9JMCw4FfCAByrQSAa30GsCb7C8MHlQWjlf0LAtjbBUMjAwUDe7EGgwnHCcHoSwiDp1kFE+bLCADzIPgA8yL4AUL29AMZCv6j8WEKgDDJB,0,False,1716271731.2717373,0.05029559135437012
/magnets,APyNPgDALr4A4Mu9AFiKPgDgS70AEIM9AJB3PgC0hr4AAAAAAESVPgAINr4AAGk8AChTPgB4J74A4Eu9AKCRPgAA6TsAEIM9ALhhPgBElb4AUL09YIoqQgBKKcHoTAfCgAHuQGwfkkIAr8PB4DqKQYAE+EA8fIfCoPBvQcCcLULElZ3CcB/nQdCn70Fk0bXCYPLOQcCZI0JQVUXCwGulQCAxXkKMCIDCAKy5PgAAab0AAGk8IOA4wWi2MEIA0RnBcPAXQqh4ckLArZjAQCZ0QQCPJsBA71fCoMSqQSAa30HgG77CMPzlQdjWf0Lg0zbB0FPAwWD77EEQtHHCcHoSwrD31kHo/LLCAAi2PgCsub4AUL29AMZCv6AvWUJAtTFB,0,False,1716271731.3221872,0.05044984817504883
/magnets,AOiYPgCgEb4AAOm9ALhhPgDgS70AwK49APyNPgC0hr4AAAAAAHinPgAoU74AAOk8AABpPgAwIL4AMKC9AFiKPgCgET0AwK49AFA9PgD8jb4AUL098OAxQoBZj8AMEJnCgOruQNwQkkJwoMPB8NSJQUDK90CkoIfCgNNvQVh4LUIAdZ3CYJzmQTAW70Hot7XC8ADPQSi+I0IwOEXCgAOnQCj+XULoBIDCAHinPgDALr0AAOm7AMM4wWi2MEIg7hnB+DEYQmBxckJAC5rAYEN0QQACIsAAtVfCoMSqQdBF30F4973CgNDlQbi5f0IgDjfBsDbAweCG7EHIrHHC4GsSwoBA10HUB7PCAFC9PgA8yL4AkPe9AJhEv1goWUJAtTFB,0,False,1716271731.3723063,0.05011916160583496
/magnets,AFiKPgB4J74A4Mu9ALhhPgAwoL0AEIM9AJB3PgCgkb4A4Es9AAi2PgDALr4AwC49AABpPgCgEb4AwC69ALSGPgAAAAAAoJE9APyNPgD8jb4A4Ms9CFMIQgB+u8BYBbLCAF/vQCQYkkIgzMPBsJqJQYAb90Aoh4fCoAdvQWBFLUJomZ3CoNbmQQBf70EcyrXCoCzPQXiSI0LARkXCAHinQOD2XUJEAYDCAOiYPgAQg70AAOk7IOA4wfjEMEJACxrBAP8XQlikckJAC5rAYCx1QYAxJcBo2VfCkCqrQbAo30F4973CEN/lQZDPf0IgDjfBoJzAwSDB7EHA33HCAIkSwkAG10HAErPCAKy5PgDgy74A4Mu9ALJNv1goWUIAezFB,0,False,1716271731.4222157,0.049909353256225586
/magnets,AOiYPgDoGL4AkPe9ALSGPgAA6bwAMKA9ALSGPgD8jb4AoBE9AByrPgBwWr4AAOk8AFiKPgCgEb4AEIO9ANh+PgAAabwAwK49AEhwPgBIcL4AEIM9kHjGQSDJOcHwuMfCwA3wQDgNkkJgBsTBgOOJQcBV90A8fIfCwA1wQcCcLULsf53CIEvnQcAk70Hot7XCwEnPQUjbI0Jg70TCAKalQOD2XUJIyH/CAKCRPgAAab0AAAAAoFQ5wRjiMELgnBrBKOkXQlikckJAC5rAwJp0QQDrIsCw4FfC4P6qQSAa30GsCb7CEN/lQfjzf0JgSDfB8HDAwTBb7EHA33HCuIESwrD31kGsHbPCADzIPgDM1r4A4Mu9ALJNv8gZWUJAtTFB,0,False,1716271731.4725893,0.05037355422973633
/magnets,AESVPgAwIL4A4Mu9ABCDPgDgS70AEIM9ABCDPgC0hr4AwC49AOiYPgDgS74AAGk8APyNPgCgEb4AoBG9AEhwPgAA6bwAUL09ABCDPgD8jb4AoJE9kDznQSBbAcHYlsXCwCTvQNwQkkKQvcPBEPKJQcBV90AUkofCYLZvQXiVLUK4bZ3CgNDlQSBl8EH8rLXCEB7PQUAOJEIgtUTCQOClQJjvXULoBIDCAByrPgDArrwAAAAAYBo5wYjTMEJgKBrBUNMXQgAackKALpvAYEN0QYAxJcAon1fCUPCqQbAo30E8GL7CgNDlQeCjf0IA8TbBMKvAwbDP7EF42HHCMEASwvAx10FE+bLCADzIPgBksr4AAGm9AChTv1goWUJg0jFB,0,False,1716271731.5226471,0.05005788803100586
/magnets,APyNPgAwIL4AAOm9ANh+PgAAab0AwK49ANh+PgCQd74AwC49AHinPgCYRL4AwK48AJB3PgDoGL4AAGm9AChTPgAAaTwAoJE9ANh+PgAAab4AwK49UGHtQQCyTcAECsTCQJnvQFgqkkIAr8PBQKmJQUDK90CEg4fCwCRvQahMLUJIfJ3CYJzmQfDE70Ewv7XC8ADPQWArJEIogkTCgBqmQFDoXUIIIoDCADCgPgCgEb0AwK48AMM4wfD3MEIA0RnB2BQYQsDIckLAlpnAAOxzQYADJ8Cw4FfC4P6qQdBF30GsCb7CoO3lQQDBf0IgDjfBgH/AwdDs7EEI53HCSJASwmAj10FkFrPCADzIPgD0wL4AWAq+AIRPvzgLWULgXTFB,0,False,1716271731.5723288,0.049681663513183594
/magnets,ABCDPgBYCr4AAOm9AFiKPgCgkb0A4Es9AEhwPgCMnL4AAOk8ANSjPgBQPb4AAOk8AJB3PgAwIL4A4Eu9ALSGPgAAAAAAMKA9ANh+PgBYir4AUL09WP8dQsBm4sDMI7TCwCTvQGwfkkIgzMPBEPKJQYAE+EC4lYfCAF9vQaB/LUJ8jp3CUALnQcAk70Ewv7XCsMbOQaBlJELgekTCAHinQPhGXkIwDIDCAIycPgAQg70AAAAAwHE5wbC9MEIg7hnBuPcXQqh4ckKARZrAQA91QQC9JMAg0lfCAByrQbAo30H0EL7CwArmQSirf0LAnzfBkBnAwUDe7EF42HHC2J4SwmAj10HUB7PCAFC9PgA8yL4A4Mu9APpUv3hFWUJAtTFB,0,False,1716271731.6225567,0.05022788047790527
/magnets,ALSGPgAINr4AMCC+ALSGPgAwoL0AMKA9AKCRPgDomL4AwK48ADCgPgB4J74AwC49APyNPgDoGL4AwK69AOiYPgCgEb0AoJE9APyNPgBElb4AwK49WFWGQnCJxME4zqjCwCTvQDgNkkJwoMPBYMaJQYAb90C4lYfCwCRvQaB/LUKkeJ3CwPPmQcAk70Hot7XC8ADPQehsJEJQbETCAL2kQEgbXkJEAYDCAGSyPgAQg70AAGm8IMk5wdDaMEJgKBrBAP8XQjiHckIA0ZnAAOxzQQDrIsC4rVfCcA2rQfBi30GsCb7CQJblQSDef0JAKzfBMKvAwSDB7EGgwnHCAIkSwiDp1kF4C7PCAJjEPgBQvb4A4Mu9AOBLv/ADWUJAtTFB,0,False,1716271731.6729677,0.05041098594665527
/magnets,ABCDPgAwIL4AAOm9ANh+PgDgS70AEIM9AFiKPgCgkb4AAOk8AGSyPgAoU74AoBE9ABCDPgAwIL4AMKC9ABCDPgAA6bsAUL09AFiKPgAAab4AUL098HiNQtD6zcF8eqjCgNPvQLQmkkKw2sPBYMaJQcA++EBcmYfCwCRvQRBxLUJ8jp3CMOXmQVAz70G0pbXCAITPQTB0JELAXUTCgAOnQJjvXULoBIDCADCgPgAwoL0AAGk8wHE5wUDMMEIA0RnBuPcXQlikckKARZrAQCZ0QYADJ8BIvFfC8JiqQQD93kEc+73CwArmQbDsf0IA8TbB8HDAwUDe7EHA33HCuIESwvAx10EcD7PCAGSyPgCEz74A4Mu9AChTv4jfWEKgDDJB,0,False,1716271731.7228546,0.04988694190979004
/magnets,APyNPgDoGL4AkPe9APyNPgDgS70AEIM9AJB3PgDYfr4AoBE9AOiYPgCQd74AAOk8ABCDPgB4J74AEIO9AFiKPgAAAAAAMKA9AIycPgCgkb4AwK49OICNQtD6zcEMiajCwCTvQPAFkkIgzMPBEPKJQUDh9kAoh4fCAF9vQcCcLUJIfJ3CMOXmQcAk70HImrXCwEnPQThBJEJ4VkTCwD2nQAjhXUIcF4DCANSjPgAAabwAAOk7YBo5wWi2MEJgKBrBuPcXQoCOckKARZrAQCZ0QYCNIcD451fCIDmrQQD93kE8GL7CkGrlQbDsf0IA8TbBEI7AwZCy7EGQKHLCcHoSwkAG10FQIbPCAKy5PgDgy74A4Mu9AA5KvzA+WUIgmDFB,0,False,1716271731.77331,0.050455331802368164
/magnets,AIycPgAA6b0AUL29ABCDPgDgS70AoJE9ABCDPgAQg74AwC49AAi2PgBQPb4A4Es9AKCRPgAINr4A4Eu9ABCDPgAA6bsAcNo9AESVPgBYir4AUL09GGONQkDszcEgfqjCgNPvQPwtkkKQvcPBoACKQUDK90A8fIfCoAdvQRBxLUKkeJ3CEMjmQeBB70GgsLXCEB7PQaBlJELAXUTCwFSmQAAUXkLoBIDCAByrPgDgS70AwC69IMk5wTj/MELAfxrBuPcXQoCOckLArZjAgGB0QQC9JMDYylfCoMSqQZAL30Ec+73CoO3lQUjIf0JAKzfBYGLAwZCy7EGQKHLCCFYSwpDa1kEcD7PCADzIPgBQvb4AwK69AFZRv8gZWUIgmDFB,0,False,1716271731.8227618,0.04945182800292969
/magnets,ANSjPgDALr4AkPe9ALSGPgCgkb0AwK49ALSGPgCgkb4AwC49ANSjPgAoU74AwC49AABpPgDoGL4AoJG9ANh+PgAA6TwAMKA9AFiKPgAAab4AwK49LFiNQgCyzcGcl6jCgNPvQAT7kUIgzMPB8NSJQYAE+EA8fIfC4EFvQRBxLULElZ3CcB/nQeBB70GMu7XC4GbPQaBlJEJQbETCgBqmQCj+XUKw7H/CANSjPgDArrwAAOm8QOY5wfjEMELAfxrBSAYYQrBFckLAf5rAgGB0QQCmJcAAtVfCwOGqQbAo30GYFL7CgNDlQYwIgEIgDjfBUMjAwbDP7EGY9XHC4GsSwvAx10EcD7PCAODLPgB4p74AAOm9ADxIv2D1WEIgmDFB,0,False,1716271731.8733182,0.05055642127990723
/magnets,AESVPgAwIL4AWAq+APyNPgDALr0AEIM9AABpPgDomL4AAAAAAHinPgBQPb4AoBE9ABCDPgB4J74AEIO9ALSGPgAAaTwAMKA9AFiKPgBElb4AMKA9OICNQmAJzsEMiajCQJnvQNwQkkIgzMPB0LeJQUDK90CEg4fCAHZuQeiGLULQvZ3CoNbmQXBQ70H8rLXCoCzPQVheJEIwT0TCgAOnQHAFXkJo5X/CANSjPgDArr0AAGm8IOA4wYjTMEIAuhrBuPcXQqh4ckLAlpnAgHdzQQDUI8BA71fCUPCqQcDC3kHU873CMPzlQbDsf0IgDjfB8HDAwQCk7EF42HHCAIkSwiDp1kFkFrPCAKy5PgA8yL4AwK69AFZRvzgLWUJg0jFB,0,False,1716271731.9230235,0.04970526695251465
/magnets,AGSyPgAA6b0AWAq+AOiYPgBw2r0A4Es9ALSGPgBYir4AAGk8AKCRPgDgS74AAGk8ABCDPgAINr4A4Mu9AEhwPgCgEb0AwK49APyNPgD8jb4AwK49vGaNQjBpzcH4k6jCwA3wQMgbkkIgzMPBQKmJQYAE+EAAnYfCQJlvQfBTLUJIfJ3CoNbmQeBB70FEtLXCMDvPQehsJELoR0TCAKalQAAUXkLAGoDCAESVPgDgS70AAAAAQOY5wUDMMELAfxrBuPcXQhhqckKARZrAgGB0QQDrIsBo2VfCoMSqQbAo30FE5b3CEN/lQSDef0LAtjbBgH/AwQCk7EHA33HCAIkSwtAU10EwBLPCAITPPgCYxL4AcNq9AFZRvxjuWELgXTFB,0,False,1716271731.9731658,0.05014228820800781
/magnets,AESVPgAQA74AkPe9APyNPgCgkb0AEIM9AEhwPgCQd74AoBE9ADCgPgDgS74AwK48AABpPgAwIL4AoBG9AABpPgAA6bwAEIM9AKCRPgAQg74AwK49GGONQgCyzcH4k6jCwCTvQKAxkkLQ98PBQKmJQcBV90A8fIfCQJlvQchpLUJomZ3C4BDnQcAk70FsnrXCgA/PQehsJEKYc0TCQOClQCj+XUJ4E4DCANSjPgDALr0AAOk7QP04wajwMEIAuhrBaCMYQjC6ckJAC5rAgGB0QQC9JMCI9lfCUPCqQRCA30FkAr7CQJblQeCjf0IA8TbBYGLAwbDP7EFwC3LCmGQSwmAj10Ho/LLCAGSyPgAo074AAOm9AEJcv4ASWULgXTFB,0,False,1716271732.0231936,0.05002784729003906
/magnets,APyNPgDoGL4AWAq+ALhhPgAwoL0AoJE9AFiKPgD8jb4AAGk8AIycPgAINr4AAGk9AABpPgDoGL4AoJG9AESVPgAA6TsA4Ms9AFiKPgBIcL4AwK49qHGNQnCjzcFAm6jCgNPvQKAxkkJA6cPBQKmJQUDK90BQcYfCIHxvQaB/LUIgkp3CMOXmQeBB70FYqbXCwEnPQcCCJEIIZUTCwD2nQLgMXkJA+3/CADCgPgDALr0AAOk8gDc5wRjiMEIAuhrBuPcXQqh4ckJAIpnAwJp0QYAxJcBo2VfCcA2rQeDf3kHA/r3CsIflQUD7f0JgSDfBYGLAwVB47EF42HHCmGQSwiDp1kHo/LLCAGSyPgAo074AkPe9AOBLv4ASWUIAezFB,0,False,1716271732.073334,0.050140380859375
/magnets,AESVPgDoGL4AkPe9AESVPgAwoL0AMKA9AESVPgD8jb4AwC49AByrPgB4J74AwC49APyNPgBQPb4AwC69ALSGPgDArjwAAGk9AIycPgAQg74AwK49bJKNQgCyzcH4k6jCgOruQBAjkkJA6cPB8NSJQYAE+EDgf4fCwA1wQYBiLUKkeJ3C4BDnQZBt70GgsLXCwEnPQchPJEIogkTCgAOnQAAUXkIwDIDCAHinPgDALr0AAGm8gDc5wRjiMEJgKBrBcPAXQlDXckJAIpnAwLFzQQCmJcCw4FfCwOGqQbAo30FkAr7CYLPlQQDBf0IA8TbBUMjAwQCk7EHA33HC4GsSwrD31kEIGrPCAKy5PgCEz74AwK69AHBavxjuWEJAtTFB,0,False,1716271732.1235423,0.050208330154418945
/magnets,AESVPgAwIL4AkPe9AEhwPgAA6b0AAGk9AKCRPgDomL4AAOk8AIycPgC4Yb4AoBE9ABCDPgAINr4A4Mu9APyNPgAAabwAUL09AOiYPgD8jb4AEIM9GGONQiDPzcFUkKjCgOruQFgqkkKQvcPBoACKQUCz+EAoh4fCAF9vQVh4LUIgkp3CUALnQZBt70G0pbXCMDvPQcCCJEK4kETCAI+mQEgbXkIcF4DCAIycPgDgS70AAGk8QP04wYjTMEIAuhrBuPcXQqh4ckKAXJnAYEN0QYAxJcBo2VfCcA2rQZAL30GYFL7C8MHlQUjIf0JAKzfBEI7AwbDP7EFQ7nHCuIESwvAx10F4C7PCAJjEPgDM1r4AwK69AFZRvxAhWUJAtTFB,0,False,1716271732.1740718,0.05052947998046875
/magnets,AESVPgCgEb4A6Bi+AFiKPgDALr0AwK48ALSGPgBYir4AwK48ADCgPgAoU74A4Es9ALSGPgAQA74AMKC9AABpPgAAabwAcNo9ANh+PgDomL4AAOk9JIuNQgCyzcF8eqjCQILwQOg4kkLgkcPB8NSJQYDt+EDgf4fC4EFvQahMLUKQg53CoNbmQQBf70Ekl7XCoCzPQThBJEKYc0TCAI+mQAAUXkJA+3/CAHinPgDALr0AAGk8oFQ5wRjiMELAfxrBmNoXQhCdckIA0ZnAQCZ0QQDUI8Bo2VfCwOGqQdBF30Ew8L3CwArmQUjIf0IgDjfBYGLAwSDB7EEI53HCKHMSwiDp1kEcD7PCAAi2PgDgy74AwK69APRAv1goWULAKTJB,0,False,1716271732.2246077,0.05053591728210449
/magnets,AKCRPgBYCr4AEAO+APyNPgBQvb0AoJE9ABCDPgDYfr4AwK48APyNPgDgS74A4Es9AChTPgDoGL4AoJG9AJB3PgAAaTwA4Ms9ABCDPgC0hr4AMKA9OICNQuCUzcFAm6jCwCTvQPwtkkJA6cPBUCyKQQB5+EAUkofCoPBvQahMLUIAdZ3CwPPmQaAH70HImrXCMDvPQeCfJELgekTCwFSmQJjvXUJEAYDCAByrPgAA6bwAAAAAIOA4wfjEMEKARRrB4OEXQjiHckKAXJnAgGB0QQCmJcBo2VfCMNOqQZAL30HU873CEN/lQZDPf0IA8TbB0FPAwbDP7EGY9XHCaK0SwtAU10FE+bLCAFC9PgAo074AUL29AIRPvxAhWUJAtTFB,0,False,1716271732.274488,0.049880266189575195
/magnets,ADCgPgAwIL4AkPe9AESVPgCgEb0AAGk9AABpPgC0hr4A4Es9ANSjPgAAab4AwK48AKCRPgAINr4AoBG9ALSGPgAA6TsAUL09AFiKPgBYir4AUL09lHyNQtD6zcHYdqjCwCTvQGwfkkJA6cPBgOOJQcBV90AAnYfCQJlvQahMLULsf53CoNbmQTAW70FYqbXCcHXPQVheJELIKkTCwFSmQJjvXUJEAYDCAFC9PgDgS70AAOk7oFQ5wfjEMEJACxrBuPcXQuiyckJAIpnA4M5zQQACIsDYylfCwOGqQZAL30FkAr7CMPzlQUjIf0JgSDfBoJzAwVB47EFwC3LCAIkSwtAU10HAErPCAPTAPgCsub4A4Mu9ALJNvzgLWUJg0jFB,0,False,1716271732.324992,0.05050396919250488
/magnets,AOiYPgCgEb4AAOm9ANh+PgAQg70AEIM9ALSGPgBElb4AoBE9AByrPgDALr4AwC49ALSGPgAwIL4AoJG9ALSGPgAAabwAkPc9ALSGPgCMnL4A4Ms9LFiNQrDdzcH4k6jCgAHuQOg4kkLwFMTB8NSJQYAE+EAoh4fC4CpwQchpLUJccZ3CYJzmQTAW70GgsLXCMDvPQVheJEJwiUTCAKalQAAUXkJEAYDCAKCRPgDgS70AAAAAoFQ5wWi2MEIg1xrBAP8XQsiVckKARZrA4M5zQYBIJMCw4FfCoMSqQTC03kFQDb7CoO3lQSDef0JAKzfB0FPAwQCk7EEI53HCaK0SwkAG10Ho/LLCADzIPgAItr4AAOm9ADxIv0DYWEJAtTFB,0,False,1716271732.373988,0.0489959716796875
/magnets,ANSjPgDoGL4AAOm9ABCDPgAA6bwAoJE9ANh+PgCQd74AoBE9ADCgPgBQPb4AAOk7ALSGPgCQ970AMKC9AJB3PgAA6TsAUL09ANh+PgDomL4A4Ms9OICNQoAmzsFUkKjCwCTvQKAxkkIgzMPBoACKQUCz+EDMiofCoPBvQVCrLUKwoJ3CoNbmQVAz70H8rLXCEB7PQehsJEIogkTCgBqmQHAFXkLAGoDCAOiYPgDgS70AwK48oFQ5wWDpMEJgKBrBcPAXQsiVckLArZjAoH10QQC9JMD451fCELaqQUA330HA/r3CEN/lQWjlf0IA8TbBQEXAwXCV7EF42HHCKHMSwvAx10FkFrPCAGSyPgA8yL4A4Mu9AFZRv8gZWUKgDDJB,0,False,1716271732.4242423,0.05025434494018555
/magnets,AFiKPgAwIL4AEAO+ALSGPgBQvb0AMKA9ABCDPgDYfr4AwC49AKCRPgAINr4AwK48AABpPgAQA74AoJG9AJB3PgAA6bwAUL09APyNPgBYir4AUL09lHyNQrDdzcFUkKjCAF/vQJQJkkKQvcPBEPKJQYAb90BIpIfC4EFvQYBiLUJ8jp3CMOXmQVAz70Hot7XCsK/PQVheJEIwT0TCwD2nQAjhXULUD4DCAIycPgAQg70AAOm7QP04wRjiMEKARRrB4OEXQuiyckKARZrAIAl0QYAxJcBo2VfCUPCqQUA330Ec+73CEN/lQSDef0LAnzfBQEXAwUDe7EHA33HCmGQSwiDp1kGsHbPCAAi2PgDgy74A4Mu9AOBLv/ADWULgXTFB,0,False,1716271732.474379,0.05013680458068848
/magnets,AHinPgAQA74AWAq+APyNPgAwoL0A4Es9APyNPgCQd74AwC49AIycPgDALr4AAOk7AJB3PgCQ970AAGm9APyNPgAA6bwAoJE9ALSGPgDYfr4AwK49YGqNQiDPzcFUkKjCwDvuQGD3kULwFMTBMA+KQYAE+ECEg4fCgNNvQfBTLUIUap3CEMjmQaAH70FsnrXCwEnPQVheJEIwT0TCgAOnQOjDXUIcF4DCAMCuPgDALr0AAOk74I45wYjTMELgnBrBuPcXQmBxckKARZrAAOxzQQC9JMAg0lfCMNOqQZAL30H0EL7C0KTlQbDsf0JgSDfB8HDAwSDB7EG4EnLC4GsSwpDa1kHUB7PCAMCuPgD0wL4A4Mu9AOBLvyCkWUJAzDBB,0,False,1716271732.5245721,0.050193071365356445
/magnets,AOiYPgDoGL4AAOm9ABCDPgDArr0AoJE9ABCDPgDYfr4AAGk8AHinPgDgS74AwK48AJhEPgCgEb4AAOm8ALSGPgAAaTwAMKA9ANh+PgBYir4AMKA9JIuNQgCbzsGER6jCwA3wQBAjkkJA6cPBQKmJQQCQ90AIaofCQJlvQUAoLUJIfJ3CwPPmQVAz70FYqbXCsK/PQeCfJELwFETCQMmmQEgbXkJEAYDCAOiYPgDgS70AAOm74I45wdDaMEIg1xrBUNMXQjiHckLAlpnAwJp0QQCmJcAYBVjCcA2rQWBU30FQDb7CMPzlQZDPf0KAZTfBEI7AwQCk7EEw0XHCkJcSwmAj10FkFrPCAFC9PgD0wL4AoJG9APRAv3BhWkIgxi9B,0,False,1716271732.5748441,0.05027198791503906
/magnets,AHinPgB4J74AkPe9AFiKPgAAab0AwK49AESVPgD8jb4AwK48ADCgPgDgS74AoBE9ALhhPgBYCr4AAGm9ANh+PgAA6bsAwK49AFiKPgCgkb4AUL09JIuNQkDVzsE8QKjCgOruQIAUkkIAr8PB8NSJQQB5+ED0dIfC4EFvQYBiLUKQg53C4BDnQaAH70GAk7XCcHXPQZDLJEJA6UPCgAOnQCj+XUL483/CAKy5PgCgkb0AAOk7gCA6wRjiMEIAuhrBcPAXQvhMckKAXJnAANV0QYBIJMAg0lfC4P6qQSAa30GYFL7CEN/lQSDef0LgvDfBoJzAwSDB7EEoBHLCuIESwhBP10HUB7PCAFC9PgCYxL4AEAO+AKw5v4DkWkJgFy9B,0,False,1716271732.6247044,0.049860239028930664
/magnets,AESVPgAwIL4AEAO+ALhhPgAQg70AUL09AEhwPgD8jb4AwK48ADCgPgBQPb4AEIM9AFiKPgDoGL4AAGm9ALSGPgDArjwAoJE9AKCRPgBYir4AcNo9tJmNQnCMzsHMTqjCwCTvQMBOkkLQ98PBMA+KQQCQ90CEg4fCQJlvQRBxLULYip3CMOXmQTAW70FYqbXC4GbPQdjSJEIY/0PCwGulQJAiXkLUD4DCANSjPgCgEb0AAAAA4I45wRjiMEKgYhrBSAYYQvB/ckKARZrAYCx1QYAaJsBIvFfC0GSrQbAo30EIBr7C8MHlQWjlf0JgSDfBwLnAwXCV7EHoyXHCcHoSwtAU10H88bLCAPTAPgDM1r4A4Mu9ANo3v/DVWkKANC9B,0,False,1716271732.6753774,0.05067300796508789
/magnets,AOiYPgB4J74AcNq9ALhhPgAwoL0AoJE9ABCDPgAQg74AAOk7AHinPgDALr4AAOk8ANh+PgAwIL4AAGm9AEhwPgDArjwAoJE9APyNPgAQg74AEIM9EJaNQgCbzsFcXajCAF/vQLQmkkJA6cPBQKmJQUDh9kCEg4fCIHxvQahMLUJ8jp3CoNbmQXBQ70GgsLXCMDvPQQC9JEKAI0TCAI+mQEgbXkIwDIDCAByrPgDgS70AAOk7YBo5wYAGMUIAuhrBkA0YQhCdckKAXJnA4Ld0QQB4J8Cw4FfCcA2rQbAo30HU873CwArmQdjWf0JAFDjBQEXAwaBM7EF42HHCuIESwiDp1kEcD7PCAKy5PgA8yL4AwK69AGQyv1j6WkKANC9B,0,False,1716271732.7247648,0.049387454986572266
/magnets,APyNPgBYCr4AAOm9APyNPgBQvb0AwC49AJB3PgBYir4AwK48AByrPgC4Yb4AAGk8ALSGPgCYRL4AMKC9AESVPgDArrwAUL09ABCDPgDYfr4AUL09WJ2NQiC4zsHMTqjCQJnvQCQYkkJwoMPBQKmJQYDt+EAAnYfCYLZvQRBxLULsf53CwPPmQcAk70Hot7XCMDvPQZDLJELQ90PCAKalQEgbXkKMCIDCAKCRPgAAab0AAGm8wHE5wbC9MEKARRrBSAYYQoCOckLAlpnAwJp0QQC9JMAg0lfCkCqrQSAa30HA/r3CMPzlQSDef0JAKzfBMKvAwUDe7EEI53HCUF0SwrD31kEcD7PCAJjEPgBQvb4A4Mu9AAg2v8jrWkKANC9B,0,False,1716271732.774945,0.05018019676208496
/magnets,AESVPgAwIL4AWAq+AESVPgAwoL0AwK49AKCRPgCgkb4AAGk8AGSyPgAwIL4AAOk8AABpPgAINr4AEIO9ALSGPgAA6bsAUL09APyNPgCgkb4AwK49tJmNQkDVzsHsa6jCwDvuQGwfkkKQvcPBoACKQcBV90BwjofCAF9vQUAoLUIUap3CMOXmQQBf70H8rLXCoCzPQdjSJEKI8EPCgBqmQLgMXkIcF4DCAByrPgDALr0AAOk7oFQ5wUDMMELAfxrBsCoYQqCrckLAf5rAwJp0QQDUI8D451fC4P6qQdBF30GsCb7CoO3lQUjIf0LAnzfBYGLAwZCy7EF42HHCcHoSwtAU10EwBLPCAAi2PgAo074AMKC9AH47vxjAWkKgUS9B,0,False,1716271732.8251395,0.050194501876831055
/magnets,ANSjPgBYCr4AAOm9ALSGPgCgEb0AAGk9APyNPgCgkb4AoBE9ANSjPgDALr4AwC49ABCDPgDALr4AoJG9AIycPgAAAAAAEIM9AOiYPgBIcL4AUL09oKSNQpCpzsFwUqjCwCTvQFgqkkJA6cPBEPKJQcA++EDgf4fCYLZvQRBxLUKkeJ3CwPPmQeBB70H8rLXCUFjPQWjhJEKoDUTCAKalQJAiXkIIIoDCAByrPgAA6bwAwK484I45wUDMMEKgYhrBAP8XQjiHckIA0ZnAgGB0QYADJ8Cw4FfCsEerQUA330Ec+73CgNDlQWjlf0Ig9zfBgH/AwSDB7EF42HHCSJASwqBd10FQIbPCAPTAPgCYxL4AUL29AJIwv/DVWkJgFy9B,0,False,1716271732.875631,0.0504915714263916
/magnets,AFiKPgB4J74AEAO+AIycPgAAab0AMKA9AKCRPgD8jb4AoBE9AByrPgDgS74AwK48AEhwPgCYRL4AoJG9AJB3PgAA6bsA4Ms9ABCDPgDYfr4AUL096KuNQsBgzsHMTqjCAHbuQNwQkkJA6cPBwB2KQQCn9kA8fIfCYLZvQWBFLUIgkp3CUALnQXBQ70FsnrXCQL7PQbDoJELwFETCgBqmQNgpXkJEAYDCAIycPgCgEb0AAOm74I45wbC9MEJA9BrB4OEXQjiHckJAC5rAIPJ0QQB4J8CQw1fC4P6qQQD93kGsCb7C4CfmQSDef0KggjfB0FPAwUDe7EEw0XHC2J4SwkAG10EwBLPCAMCuPgAo074A4Mu9AAg2v1j6WkKgUS9B,0,False,1716271732.9251657,0.04953455924987793
/magnets,ADCgPgAwIL4AcNq9ANh+PgCgEb0AUL09ANh+PgD8jb4AAAAAAKCRPgBQPb4AwC49APyNPgCgEb4AMKC9ALhhPgAA6bwAUL09AFiKPgBElb4AMKA9yI6NQsBgzsEAYajCgOruQOg4kkLQ98PBEPKJQQCQ90CsbYfCgNNvQThbLUJUpJ3CMOXmQXBQ70HImrXC4GbPQXCuJEJgBkTCAI+mQHAFXkLAGoDCAOiYPgAwoL0AAGk8YBo5wRjiMELgnBrBuPcXQhCdckKARZrA4Ld0QQCPJsCw4FfCAByrQbAo30E8GL7CgNDlQSDef0LAnzfB0FPAwbDP7EEoBHLC4GsSwhBP10GsHbPCAFC9PgDgy74AUL29AKw5v9C4WkKANC9B,0,False,1716271732.9754941,0.05032849311828613
/magnets,APyNPgB4J74AWAq+ALSGPgAAab0AEIM9ALSGPgBElb4AwC49AIycPgDgS74AAGk8ALhhPgDgS74AoJG9ANh+PgAA6TwAUL09AKCRPgD8jb4AUL09tJmNQnCMzsGER6jCQILwQBxLkkLQ98PBoACKQUDK90A8fIfCoPBvQRg+LULsf53CwPPmQbCK70FsnrXCcHXPQbi1JEJA6UPCAHinQEgbXkKw7H/CAHinPgAQg70AAOk7wHE5wfjEMELAfxrBAP8XQhCdckIA0ZnAQA91QYBfI8Bo2VfCcA2rQXDu3kHA/r3CgNDlQUjIf0IA2jfBoJzAwZCy7EHA33HCKHMSwtAU10Gg9bLCAJjEPgCEz74AAOm9AAg2vxjAWkLgiy9B,0,False,1716271733.025934,0.05043983459472656
/magnets,AFiKPgBQvb0AUL29AFiKPgAQg70AMKA9APyNPgC0hr4AAGk8AOiYPgAINr4AAOk8AHBaPgCgEb4AwC69APyNPgAAAAAAwK49AESVPgAQg74AwK49JIuNQuB9zsFwUqjCgOruQIAUkkLwFMTBEPKJQUDK90A8fIfCQJlvQYBiLUI0h53CcB/nQeBB70H8rLXC4GbPQbDoJEIY/0PCQOClQLgMXkJA+3/CAIycPgCgEb0AAOk7oFQ5wWDpMEJA9BrBuPcXQhCdckLAlpnAgGB0QYAaJsDYylfCsEerQZAL30EIBr7CwArmQUjIf0KggjfBYGLAwSDB7EEI53HCeEcSwrD31kHAErPCAFC9PgAo074AcNq9AH47v6jOWkKANC9B,0,False,1716271733.0757225,0.049788475036621094
/magnets,AKCRPgCgEb4AAOm9AFiKPgBw2r0AMKA9ANh+PgC0hr4AwC49AKCRPgAwIL4AAOk8AABpPgDALr4AEIO9APyNPgAA6bsAoJE9AJB3PgAQg74A4Ms9RKiNQrDGzsHsa6jCwDvuQMgbkkIAr8PBEPKJQcBV90AAnYfCYLZvQXiVLUJ8jp3CAC7nQXBQ70H8rLXCIKHPQdjSJEIY/0PCAI+mQLgMXkLUD4DCAMCuPgCgkb0AAOm7IOA4wYjTMEKgYhrBKOkXQmBxckLAlpnAIPJ0QQCPJsBo2VfCIDmrQUA330FQDb7C8MHlQfjzf0KggjfBYGLAwXCV7EFIIXLCcHoSwvAx10GMALPCAPTAPgD0wL4AMKC9ANo3v4DkWkIg3S5B,0,False,1716271733.1258585,0.05013608932495117
/magnets,APyNPgCYRL4AEAO+ABCDPgDgy70AAGk9ABCDPgDYfr4AoBE9AHinPgAINr4A4Es9AEhwPgDoGL4AoJG9AEhwPgDArrwAMKA9AFiKPgBElb4AAGk9gIeNQqBDzsGER6jCgAHuQGwfkkLQ98PBoACKQcBV90BQcYfCgNNvQYBiLUKQg53CUALnQZBt70GAk7XCsK/PQSinJEJgBkTCQOClQHAFXkJ4E4DCAMCuPgCgkb0AAOm74I45wZCgMELgnBrBSAYYQohbckKAXJnAgEl1QQCmJcBo2VfCcA2rQWBU30H0EL7CwArmQUD7f0JAKzfBsDbAwZCy7EEw0XHCCFYSwvAx10GsHbPCAJjEPgCsub4AUL29AGQyv9C4WkLgoi5B,0,False,1716271733.1762006,0.05034208297729492
/magnets,AOiYPgAINr4AkPe9AFiKPgCgEb0AoJE9AKCRPgCgkb4AAGk8AOiYPgDgS74AAOk8ANh+PgDALr4AAGm9ANh+PgDArjwAAGk9AFiKPgAQg74AwK49JIuNQpCpzsGkZKjCQJnvQPwtkkLQ98PBcEmKQQCQ90Dgf4fC4EFvQcCcLULsf53CYJzmQQBf70GgsLXCAITPQfjvJEIY/0PCQOClQGBrXkIcF4DCAPTAPgDALr0AwK48gDc5wajwMEIg1xrBSAYYQvB/ckJAC5rA4Ld0QQB4J8DYylfCIDmrQXDu3kGsCb7CgNDlQSDef0KAZTfBsDbAwVB47EF42HHCcHoSwiDp1kHAErPCAJjEPgCYxL4AUL29AKw5v2DHWkJA+i5B,0,False,1716271733.2259738,0.049773216247558594
/magnets,APyNPgAQA74AWAq+AEhwPgCgEb0AwK49ALSGPgBElb4AoBE9AIycPgC4Yb4AoBE9ALSGPgAwIL4AwC69AKCRPgAAabwAUL09AABpPgAoU74AAOk9EJaNQnCMzsEUVqjCwDvuQBAjkkJA6cPB8NSJQYAE+EBQcYfCgNNvQThbLUKQg53CMOXmQeBB70FYqbXCUFjPQSDaJELIKkTCQLKnQNgpXkIg3n/CAMCuPgDgS70AAAAAoFQ5wRjiMEKgYhrBuPcXQhCdckKAXJnAwJp0QYAxJcCQw1fCQFarQSAa30EIBr7CMPzlQWjlf0LAnzfBMKvAwbDP7EHIrHHCAIkSwkAG10Ho/LLCAAi2PgBQvb4AcNq9AMAuv8jrWkIg3S5B,0,False,1716271733.276439,0.05046510696411133
/magnets,AKCRPgB4J74AkPe9ADCgPgAQg70AEIM9ALSGPgCMnL4AoBE9AMCuPgCgEb4AAGk9AABpPgDoGL4AEIO9AJB3PgAA6bwAAOk9APyNPgDYfr4AMKA9bJKNQnCMzsFcXajCQJnvQBAjkkIgzMPBgOOJQQCQ90DMiofCoPBvQWBFLUI0h53CcB/nQQBf70FYqbXCAITPQWjhJELwFETCgDGlQCAxXkL483/CAGSyPgAQg70AAOm74KU4wajwMEIAuhrBSAYYQsiVckJAIpnA4Ld0QQB4J8CI9lfCIDmrQVDR3kFkAr7C8MHlQXCyf0JgSDfBoJzAwUDe7EFQ7nHCcHoSwmAj10HUB7PCAAi2PgCYxL4AcNq9AO4svxjAWkJgFy9B,0,False,1716271733.3275642,0.051125288009643555
/magnets,APTAPgDALr4AWAq+ABCDPgDALr0A4Es9AIycPgCgkb4AoBE9AByrPgCYRL4AwK48AFiKPgAwIL4AoJG9ALSGPgDArrwAcNo9AFiKPgAwoL4AcNo9tJmNQnCMzsGER6jCQJnvQLQmkkLQ98PBgOOJQcBs9kCEg4fCoAdvQfBTLUJ8jp3CEMjmQXBQ70GMu7XCAITPQXCuJEL44UPCAKalQJAiXkLUD4DCAKy5PgDgS70AAOk7gDc5wWi2MELAfxrBIBwYQsiVckKAXJnA4Ld0QQCmJcDYylfC4P6qQbAo30GYFL7CEN/lQdjWf0JgSDfBoJzAwdDs7EEI53HCwE4SwnC91kEwBLPCAByrPgCYxL4AEAO+AH47v4DkWkIAwC5B,0,False,1716271733.3882992,0.06073498725891113
/magnets,ABCDPgB4J74AAOm9AABpPgDArrwAEIM9ALSGPgD8jb4AoBE9AByrPgAoU74AAOk8AHBaPgB4J74AMKC9ABCDPgAAabwAwK49ALSGPgD8jb4AwK49gIeNQlBvzsGER6jCQJnvQMgbkkKQvcPBoACKQQCQ90AIaofC4EFvQVh4LUKkeJ3CcB/nQcAk70GgsLXCEB7PQeCfJEJo00PCQOClQLgMXkLoBIDCAHinPgBw2r0AAAAAQP04wUDMMEJgKBrBAP8XQjiHckIAuprAgEl1QQC9JMBo2VfC4P6qQQD93kEoI77CcDbmQWjlf0Ig9zfBYGLAwWD77EHg/HHCcHoSwoBA10HUB7PCAPTAPgBQvb4AWAq+AO4sv8jrWkJgFy9B,0,False,1716271733.4386258,0.05032658576965332
/magnets,AKCRPgAQA74AAOm9ABCDPgDArr0AAGk9AFiKPgBElb4AwC49AHinPgAoU74AAGk9ABCDPgB4J74AEIO9ANh+PgAA6TsA4Ms9AFiKPgCgkb4AAOk9oKSNQuB9zsFwUqjCwCTvQKAxkkKAI8TBUCyKQYAb90AUkofCwA1wQchpLUJIfJ3C4BDnQZBt70Ekl7XCAITPQfjvJEIY/0PCQMmmQNgpXkLoBIDCADCgPgCgEb0AwK48IOA4wfD3MEIAuhrB+DEYQjiHckJAC5rAYEN0QYAxJcAg0lfCAByrQbAo30Ec+73CEN/lQUjIf0JAKzfBUMjAwSDB7EEI53HCuIESwuCu1kH88bLCAKy5PgA8yL4AUL29AJIwvxjAWkIg3S5B,0,False,1716271733.4888654,0.05023956298828125
/magnets,AOiYPgAQA74AUL29AABpPgAQg70AoJE9ABCDPgCgkb4AAGk8AHinPgBIcL4AoBE9AJhEPgBQPb4AAGm9ALSGPgAAAAAAcNo9APyNPgC0hr4AAOk9WJ2NQuB9zsGkZKjCQLDuQLQmkkLQ98PBUCyKQcA++EA8fIfCYLZvQeiGLUIMnZ3C4BDnQVAz70H8rLXCAITPQUjEJELQ90PCwFSmQOD2XUIwDIDCAHinPgCgkb0AAOk8AKw5wfjEMEJACxrBSAYYQohbckJAIpnAoGZ1QQB4J8Bo2VfCwOGqQXDu3kEoI77CMPzlQWjlf0JAKzfBICjAwbDP7EGoj3HCAIkSwnC91kHUB7PCAHinPgA8yL4A4Mu9ADY0v8jrWkKgUS9B,0,False,1716271733.5386832,0.049817800521850586
/magnets,APyNPgCgEb4AEAO+APyNPgDgS70AoJE9APyNPgCgkb4AoBE9ADCgPgB4J74AoJE9AABpPgCgEb4AAGm9ANSjPgAAAAAAoJE9AKCRPgBYir4AUL09bJKNQgCbzsGkZKjCAF/vQCQYkkJA6cPB0LeJQQCn9kCYeIfCAF9vQRg+LUKkeJ3CUALnQXBQ70FEtLXCAITPQUjEJELIKkTCgBqmQHAFXkKMCIDCAHinPgCgEb0AwC69QP04wajwMEKARRrBuPcXQqCrckKAXJnAYEN0QYADJ8CI9lfCwOGqQZAL30GsCb7CMPzlQbi5f0KggjfBEI7AweCG7EEQtHHCSJASwtAU10EIGrPCAGSyPgCYxL4AUL29AMAuv1j6WkJA+i5B,0,False,1716271733.5890877,0.05040454864501953
/magnets,AOiYPgBYCr4AkPe9ABCDPgCgkb0AwC49ALSGPgC0hr4AwC49AMCuPgDoGL4AwC49AEhwPgCQ970A4Eu9AABpPgAA6TsAEIM9AFiKPgAQg74AAGk9lHyNQlBvzsHgQ6jCwA3wQIAUkkJA6cPBYMaJQcA++ED0dIfC4EFvQaB/LUI0h53CkDznQXBQ70GgsLXCAITPQZDLJEKgQETCAI+mQEgbXkIwDIDCAMCuPgAAab0AAOk7QOY5wYjTMEKgYhrBuPcXQsiVckKAXJnA4Ld0QQCmJcBo2VfC0GSrQdBF30FwKr7C8MHlQVCVf0LAnzfBMKvAwVB47EHoyXHC4GsSwvAx10GsHbPCADzIPgA8yL4A4Mu9AKw5v1j6WkJgFy9B,0,False,1716271733.6389275,0.04983973503112793
/magnets,AESVPgDoGL4AcNq9ANh+PgBQvb0AoJE9AKCRPgCQd74AwC49ADCgPgAINr4AoBE9ALSGPgAwIL4AAGm9AESVPgAA6bsAUL09ALhhPgAQg74AwC49EJaNQpCpzsFwUqjCwA3wQEQ1kkIgzMPBgOOJQQB5+EA8fIfCIGVwQThbLUIgkp3CEMjmQZBt70EcyrXCkJLPQSDaJELwFETCQLKnQEgbXkKMCIDCAHinPgDArrwAAAAAAKw5wdDaMEKgYhrBuPcXQoCOckIA0ZnA4Ld0QQB4J8AAtVfCkCqrQfBi30FQDb7CgNDlQbDsf0KggjfB8HDAwSDB7EEw0XHC2J4SwoBA10Ho/LLCAFC9PgCYxL4A4Mu9AAg2v2DHWkIAwC5B,0,False,1716271733.688896,0.04996848106384277
/magnets,AFiKPgDALr4AAOm9ALSGPgAwoL0AoJE9APyNPgBIcL4AAOk8AESVPgAoU74AAGk8AABpPgAwIL4AoJG9ABCDPgAAAAAAUL09APyNPgAQg74AUL09EJaNQnCMzsEoS6jCgNPvQFgqkkIgzMPBEPKJQUDh9kAoh4fCQLBuQThbLUIgkp3CwPPmQQBf70H8rLXCcHXPQUjEJEJgBkTCQOClQEgbXkJ4E4DCANSjPgDArrwAAAAAgDc5wUDMMEJA9BrBkA0YQqCrckJAC5rAgEl1QYBfI8CoE1jC4P6qQZAL30GsCb7CIHnlQZDPf0IgDjfBEI7AwWD77EFYu3HCAIkSwiDp1kFE+bLCAFC9PgA8yL4AkPe9AKw5v6jOWkIg3S5B,0,False,1716271733.7390091,0.05011320114135742
/magnets,ADCgPgAwIL4AEAO+ALSGPgCgkb0AoBE9AABpPgD8jb4AwK48AByrPgDALr4AoBE9ANh+PgDoGL4AwK69AABpPgDArjwAwK49AESVPgDomL4AoJE9bJKNQrDGzsGYPKjCQILwQDBAkkJA6cPBEPKJQUCz+EBIpIfCoAdvQRBxLUIAdZ3CoNbmQcAk70Ewv7XCUFjPQSDaJEJA6UPCgBqmQEgbXkLAGoDCAHinPgDALr0AAAAAYBo5wdDaMEKgYhrBaCMYQoCOckLAlpnAANV0QQCmJcBIvFfCIDmrQbAo30FkAr7CgNDlQUjIf0Ig9zfB0FPAwQCk7EFQ7nHCuIESwmAj10EcD7PCAAi2PgCYxL4AcNq9ANo3vxDzWkIg3S5B,0,False,1716271733.7891846,0.05017542839050293
/magnets,AESVPgCQ970AkPe9APyNPgDgS70AMKA9ALSGPgDYfr4AAOk8AIycPgDgS74A4Es9ALhhPgCgEb4AEIO9ALSGPgAAAAAAcNo9AFiKPgAQg74AUL09oKSNQsBgzsEUVqjCwA3wQKAxkkJA6cPB8NSJQYAb90Dgf4fCgNNvQeiGLUJ8jp3CMOXmQTAW70GgsLXCwEnPQUjEJELwFETCgAOnQHAFXkLAGoDCANSjPgDALr0AwK48AMM4wfjEMEIAuhrB2BQYQtBickIA0ZnAIPJ0QYAxJcCw4FfCkCqrQdBF30HgG77CUBnmQfjzf0IA2jfB8HDAwXCV7EGY9XHC4GsSwiDp1kEcD7PCAFC9PgCEz74AAOm9AJIwv/DVWkJA+i5B,0,False,1716271733.839206,0.05002140998840332
/magnets,AByrPgAINr4AUL29ABCDPgAQg70AAGk9AIycPgBIcL4AAOk8AGSyPgBwWr4AAGk8ANh+PgCgEb4AEIO9AKCRPgAA6bwAwK49AKCRPgCgkb4AAOk9yI6NQpCpzsHMTqjCQJnvQFgqkkIAr8PB8NSJQYAb90DMiofCgNNvQRBxLUKQg53CoNbmQXBQ70Ekl7XCkJLPQbi1JELIKkTCgDGlQHAFXkLUD4DCAGSyPgAwoL0AAOk7IOA4wUDMMEKARRrBkA0YQoCOckIA0ZnA4Ld0QYAxJcD451fC4P6qQZAL30FkAr7CgNDlQSDef0KggjfBYGLAwfAJ7UEI53HCcHoSwmAj10HUB7PCAITPPgD0wL4AwK69AKw5v4DkWkIg3S5B,0,False,1716271733.8894145,0.05020856857299805
/magnets,ABCDPgAwIL4AcNq9ABCDPgDArrwAoJE9ALSGPgC0hr4AAOk8AIycPgCYRL4AAGk8AEhwPgAwIL4AoBG9AEhwPgAA6bsAwK49AFiKPgAQg74AAOk9EJaNQpCpzsFwUqjCwA3wQKAxkkKQvcPBwB2KQYAE+EBwjofCgNNvQYBiLUI0h53C8KrmQQBf70HImrXC4GbPQdjSJELwFETCQOClQHAFXkLUD4DCAMCuPgBQvb0AAGm8gDc5wYjTMEIAuhrBmNoXQoCOckKAXJnAANV0QYAaJsCI9lfCcA2rQQD93kHA/r3CgNDlQXCyf0KAZTfB0FPAwaA17UHg/HHCmGQSwpDa1kHAErPCAODLPgCsub4AMKC9ADY0v8jrWkLgoi5B,0,False,1716271733.9404116,0.050997018814086914
/magnets,ABCDPgAwIL4AcNq9AKCRPgAAab0AMKA9APyNPgCQd74AEIM9AOiYPgAAab4AoBE9ALhhPgAINr4AoBG9APyNPgAAabwAAOk9ABCDPgBYir4AcNo9jK+NQuB9zsEUVqjCgAHuQLQmkkJgBsTBoACKQYAb90Dgf4fCYLZvQRBxLUIAdZ3CwPPmQZBt70GAk7XCkJLPQbi1JELwFETCwFSmQJAiXkJA+3/CAKCRPgDgS70AwK68YBo5wRjiMEKgYhrBkA0YQsiVckIA6JjAoGZ1QQCmJcBA71fCUPCqQUA330FkAr7C0KTlQUQBgEJAKzfBwLnAwSDB7EHA33HCKHMSwgDM1kEIGrPCAJjEPgCYxL4AWAq+AJIwv/DVWkJA+i5B,0,False,1716271733.9903479,0.04993629455566406
/magnets,AOiYPgAwIL4AWAq+ALhhPgBw2r0AAGk9ALSGPgC0hr4AwC49AMCuPgAwIL4AoBE9AABpPgB4J74AwK68AABpPgAAAAAAAGk9AOiYPgC4Yb4AwK49JIuNQuB9zsHMTqjCAHbuQMgbkkLgkcPBMA+KQUCz+EC4lYfCQJlvQfBTLUKwoJ3CEMjmQbCK70GgsLXCUFjPQbDoJEKI8EPCAI+mQCj+XUIcF4DCAByrPgAQg70AAGm8wIg4wdDaMEIg1xrB2BQYQhCdckJAC5rAoH10QYAxJcDYylfC0GSrQUA330GYFL7CoO3lQeCjf0JAKzfBYGLAwZCy7EHIrHHCwE4SwgDM1kF4C7PCAAi2PgDgy74AUL29AJIwv/DVWkJA+i5B,0,False,1716271734.039937,0.04958915710449219
/magnets,ANSjPgCgEb4AEAO+AFiKPgAAabwAoJE9ANh+PgDomL4AwC49AIycPgAINr4AoBE9ALSGPgDoGL4AAGm9AEhwPgAAaTwAwK49AJB3PgC0hr4AUL09jK+NQrDGzsEoS6jCAF/vQIw8kkKQvcPBgOOJQUDK90BwjofCAF9vQfBTLULsf53C8KrmQTAW70Ekl7XC4GbPQbi1JEIY/0PCwFSmQNgpXkJQKYDCAAi2PgBQvb0AAOm8wHE5wdDaMEIAuhrBAP8XQlikckJAIpnAQA91QYBfI8DQ/VfCIDmrQZAL30FkAr7CEN/lQUQBgELAnzfBEI7AwVB47EEI53HCmGQSwrD31kEIGrPCAJjEPgBQvb4AEIO9AH47v1j6WkIg3S5B,0,False,1716271734.0903852,0.05044817924499512
/magnets,AIycPgDALr4AWAq+APyNPgAAab0AAGk9AJB3PgD8jb4AoBE9AGSyPgAINr4AAOk8ANh+PgCgEb4AwK69ANh+PgDArrwAMKA9APyNPgCgkb4AMKA9EJaNQpCpzsGkZKjCAF/vQDBAkkKw2sPBEPKJQUDh9kCEg4fCQJlvQfBTLUJ8jp3C0I3mQSB870FMgbXC4GbPQQC9JEIY/0PCwFSmQGg4XkJkHoDCAGSyPgAAab0AwK68wHE5wWi2MEIAuhrBQDkYQuiyckIA0ZnAwJp0QYDsJ8AYBVjCUPCqQeDf3kGM7L3CwArmQfjzf0LAnzfBgH/AwUDe7EFYu3HC4GsSwsCR1kHUB7PCAGSyPgDM1r4AEAO+AJIwv1j6WkLAbi9B,0,False,1716271734.1402001,0.04981493949890137
/magnets,APyNPgCgEb4AWAq+AIycPgAQg70AEIM9AESVPgDYfr4AwK48AIycPgDgS74AAOk7ALSGPgDoGL4AEIO9ABCDPgAAabwAUL09ANh+PgC0hr4AwK49bJKNQtDjzsGER6jCwCTvQEQ1kkJA6cPBwB2KQUDh9kCkoIfC4CpwQXiVLUJ8jp3CEMjmQcAk70Ekl7XCcHXPQQC9JEJA6UPCwD2nQCAxXkJkHoDCAGSyPgCgEb0AAOm7wHE5wfjEMELAfxrB+DEYQoCOckKARZrAgEl1QQCmJcD451fCwOGqQXDu3kGYFL7CgNDlQSDef0JgSDfBMKvAwZCy7EFQ7nHC4GsSwgDM1kF4C7PCAKy5PgCYxL4AcNq9AGQyv1j6WkJA+i5B,0,False,1716271734.1906965,0.05049633979797363
/magnets,ALSGPgCYRL4AkPe9AESVPgBQvb0AAOk8AESVPgC0hr4AAGk9AGSyPgCYRL4AwC49ABCDPgDoGL4AwC69AEhwPgAA6TsAMKA9ABCDPgCQd74A4Ms96KuNQnCMzsGER6jCQLDuQOg4kkJA6cPB8NSJQcBV90AAnYfCYLZvQYBiLUKQg53CMOXmQXBQ70FYqbXCAITPQQC9JEJA6UPCwD2nQEgbXkI8NIDCAKCRPgDALr0AAOm7oFQ5wSCvMEJgKBrB2BQYQjC6ckJAC5rAIPJ0QQB4J8BIvFfCIDmrQfBi30E8GL7CMPzlQdjWf0JgSDfBsDbAwXCV7EGgwnHCkJcSwiDp1kHAErPCAJjEPgAo074AUL29AAg2v6jOWkKANC9B,0,False,1716271734.2403672,0.04967069625854492
/magnets,ANSjPgDoGL4AoBG+ABCDPgAwoL0A4Es9AFiKPgC0hr4AAGk8AHinPgAINr4AwC49AJB3PgB4J74AwK69AESVPgAA6bsAkPc9AFiKPgAQg74AMKA9/KCNQpCpzsGQb6jCgOruQFgqkkKAI8TBQKmJQcA++EC4lYfCIHxvQfBTLUI0h53CoNbmQVAz70EQorXC4GbPQSDaJEKoDUTCwD2nQCj+XUJA+3/CAGSyPgBQvb0AAAAAAMM4wRjiMELAfxrBKOkXQoCOckIA0ZnAoH10QQC9JMDQ/VfCAByrQeDf3kGM7L3CwArmQegEgEKAZTfB0FPAwbDP7EHg/HHCIKYSwjBs10EcD7PCADzIPgCEz74AcNq9ANo3vzjdWkKgUS9B,0,False,1716271734.2907207,0.0503535270690918
/magnets,APyNPgBQvb0AcNq9AJB3PgDgS70AoJE9ALSGPgAQg74AwK48AOiYPgAINr4AoJE9AJB3PgBQPb4AEIO9ANh+PgAAAAAAMKA9APyNPgBYir4A4Ms9bJKNQpCpzsHgQ6jCgNPvQGwfkkJwoMPB0LeJQUCz+EAoh4fCQJlvQRBxLULsf53CkDznQcAk70FYqbXCUFjPQUjEJEJgBkTCAKalQJAiXkLoBIDCAAi2PgDgS70AAOm7AMM4wajwMEIg7hnBcPAXQqh4ckKAXJnAYCx1QQCPJsD451fCUPCqQdBF30Ec+73CgNDlQUQBgELAnzfB8HDAwcBp7EHIrHHCKHMSwnC91kEIGrPCAKy5PgA8yL4AkPe9AKw5vzjdWkLAhS5B,0,False,1716271734.3405821,0.04986143112182617
/magnets,ALSGPgDoGL4AcNq9AFiKPgCgEb0AwC49APyNPgBYir4AAOk8AHinPgDgS74AwC49AJB3PgDoGL4AEIO9ABCDPgDArrwAAOk9AOiYPgD8jb4AcNo9/KCNQlBvzsHgQ6jCAEjwQLQmkkLwFMTBwB2KQUDh9kDgf4fCQJlvQeiGLUKQg53CEMjmQeBB70Ekl7XCQL7PQQC9JEJgBkTCwD2nQMDZXUL483/CAOiYPgDgS70AAAAAoFQ5wYjTMEJgKBrBIBwYQqCrckLAlpnAANV0QYADJ8CI9lfCcA2rQdBF30GYFL7CoO3lQdQPgEJgSDfBgH/AwSDB7EFYu3HCcHoSwpDa1kFE+bLCAMCuPgBw2r4AkPe9AH47v6jOWkIg3S5B,0,False,1716271734.3905842,0.050002098083496094
/magnets,AESVPgAQA74AoBG+AChTPgCgkb0A4Es9ABCDPgBYir4AoBE9AHinPgAINr4AoBE9ALSGPgCYRL4AoJG9ANh+PgAAAAAAcNo9ABCDPgCQd74AkPc9/KCNQpCpzsEUVqjCQILwQGwfkkJA6cPBQKmJQYAE+ECsbYfCIHxvQchpLUKQg53CMOXmQcAk70Ekl7XCIKHPQSDaJEKoDUTCwFSmQLgMXkIIIoDCADCgPgBw2r0AAGm8oFQ5wYjTMEKgYhrBkA0YQhCdckIA0ZnAgEl1QQDUI8DQ/VfCIDmrQSAa30E8GL7CgNDlQUQBgEJgSDfBwLnAwbDP7EGgwnHCkJcSwrD31kGMALPCAKy5PgD0wL4AUL29AAg2v8jrWkKgUS9B,0,False,1716271734.440982,0.05039787292480469
/magnets,ABCDPgCgEb4AWAq+AOiYPgDALr0AAGk9ANh+PgBYir4AwC49AIycPgAINr4AAGk8AJB3PgAwIL4AwC69ABCDPgAAAAAAMKA9ABCDPgCQd74AwK49jK+NQsBgzsHMTqjCwCTvQLQmkkIgzMPBMA+KQYAb90AIaofCIGVwQchpLULYip3CEMjmQXBQ70H8rLXC0MzPQSDaJEKI8EPCwFSmQCj+XUJA+3/CAAi2PgDArrwAwK48wIg4wfjEMEIg7hnBKOkXQoCOckLArZjAYCx1QYBfI8CI9lfC4P6qQeDf3kH0EL7CEN/lQUjIf0JgSDfBgH/AwSDB7EEw0XHCAIkSwiDp1kHUB7PCAByrPgCEz74AwK69AAg2v8jrWkJA+i5B,0,False,1716271734.491014,0.05003190040588379
/magnets,AKCRPgCgEb4AWAq+ALSGPgAQg70AAGk9ANh+PgCQd74AAOk8AMCuPgDgS74AAOk8AJB3PgB4J74AEIO9ANh+PgCgEb0AEIM9AFiKPgAQg74AoJE9lHyNQpCpzsHgQ6jCgNPvQPwtkkKw2sPBYMaJQYAE+EBcmYfC4EFvQYBiLUIoX53CUALnQbCK70H8rLXC8ADPQQC9JEKw2kPCwFSmQAAUXkLoBIDCAByrPgCgEb0AwK48wHE5wRjiMELgnBrBSAYYQjiHckKARZrAANV0QYAaJsBo2VfCoMSqQQD93kGsCb7C0KTlQQDBf0KggjfBgH/AwdDs7EGY9XHCuIESwiDp1kEcD7PCAHDaPgBQvb4AkPe9AJIwv8jrWkLAbi9B,0,False,1716271734.5409496,0.04993557929992676
/magnets,ALSGPgCQ970AkPe9AABpPgAQg70AwC49APyNPgC0hr4AAOk8AHinPgCYRL4AwC49AJB3PgCgEb4AoJG9AKCRPgDArrwAwK49AABpPgAQg74A4Ms96KuNQjBSzsEoS6jCwCTvQEQ1kkIAr8PBEPKJQcBV90CYeIfCwCRvQaB/LUIAdZ3CwPPmQXBQ70FMgbXCAITPQXCuJEJo00PCQOClQAAUXkJA+3/CAOiYPgAQg70AAOk7QP04wbC9MELAfxrB4OEXQqh4ckIA6JjA4KB1QYAxJcD451fCwOGqQdBF30H0EL7CwArmQdjWf0KggjfB8HDAwSDB7EEw0XHCAIkSwvAx10EIGrPCAPTAPgA8yL4AUL29AH47v8jrWkJA+i5B,0,False,1716271734.5909312,0.04998159408569336
/magnets,AKCRPgCgEb4A4Mu9AHBaPgDALr0AwK49AABpPgAAab4A4Es9AKCRPgBwWr4AoBE9ABCDPgAwIL4AAGm9AOBLPgAAAAAA4Ms9AFiKPgBIcL4AwK49gIeNQkDVzsGYPKjCAHbuQHhHkkJgBsTBoACKQYAb90DMiofC4EFvQeiGLUJUpJ3CUALnQeBB70Ekl7XCgA/PQXCuJELQ90PCwFSmQNgpXkJ4E4DCAGSyPgAA6bwAAOm7wHE5wWDpMELgnBrB4OEXQhCdckKAXJnAYCx1QQC9JMCQw1fCUPCqQQD93kEc+73CEN/lQWjlf0JgSDfBgH/AwSDB7EEw0XHCaK0SwvAx10GYKLPCAAi2PgDgy74A4Mu9AFA9vxjAWkKANC9B,0,False,1716271734.6414988,0.050567626953125
/magnets,AKCRPgCgEb4AcNq9ABCDPgDALr0AwC49AJB3PgDYfr4AoBE9AIycPgBQPb4AwK48AABpPgDALr4AoJG9ANh+PgCgEb0AwK49AKCRPgBYir4AEIM9tJmNQnCMzsGER6jCwDvuQEQ1kkLwFMTB8NSJQcA++ECEg4fCoPBvQWBFLUKkeJ3CUALnQSB870Ewv7XCIKHPQZDLJEIY/0PCwFSmQNgpXkJQKYDCAByrPgCgEb0AAAAAQP04wWDpMEKgYhrBcPAXQjiHckKARZrAIPJ0QYAxJcBA71fCMNOqQSAa30FQDb7CgNDlQQDBf0KAZTfBQEXAwdDs7EHA33HCuIESwrD31kEcD7PCAJjEPgCEz74AkPe9AGQyv/DVWkJgFy9B,0,False,1716271734.691779,0.050280094146728516
/magnets,AKCRPgBYCr4AcNq9ALhhPgAAab0AoJE9AKCRPgCgkb4AAGk8AMCuPgAwIL4AoBE9AABpPgCYRL4AoJG9AJB3PgAAAAAAEIM9APyNPgBYir4AwK49bJKNQgCbzsEUVqjCQJnvQFgqkkIgzMPBMA+KQQB5+EBcmYfCAF9vQThbLUIMnZ3CAC7nQeBB70FYqbXCAITPQbi1JEIY/0PCgAOnQHAFXkL483/CADCgPgAwoL0AAAAAQP04wWDpMELAfxrB2BQYQmBxckIA6JjA4Ld0QQCPJsDYylfC4P6qQYBx30E8GL7CwArmQdjWf0JgSDfB0FPAwdDs7EHg/HHCaK0SwgDM1kHAErPCAITPPgA8yL4AUL29ADY0vxDzWkIg3S5B,0,False,1716271734.7414289,0.049649953842163086
/magnets,AESVPgDoGL4AcNq9AJB3PgAwoL0AoJE9APyNPgDYfr4AwK48APyNPgBwWr4AwK48AFiKPgDoGL4AEIO9ALhhPgDArrwAcNo9ANh+PgC0hr4AUL09/KCNQtDjzsEUVqjCQLDuQOg4kkJgBsTB8NSJQcBs9kAUkofCwA1wQYBiLUJIfJ3CgLnmQSB870FEtLXCgA/PQZDLJEJgBkTCQMmmQNgpXkIcF4DCAHinPgCgEb0AAOk7YBo5wcgNMULAfxrBiEAYQqh4ckLAlpnAIPJ0QYAaJsD451fCAByrQQD93kHU873CwArmQfjzf0JAKzfBMKvAweCG7EHoyXHC2J4SwtAU10F4C7PCAAi2PgD0wL4AAOm9AH47v/DVWkJgFy9B,0,False,1716271734.7916508,0.050221920013427734
/magnets,ABCDPgAwIL4A6Bi+AESVPgDgS70AEIM9ABCDPgDYfr4A4Es9AESVPgAwIL4AAOk8AJB3PgB4J74AMKC9ALSGPgAA6TwAMKA9AEhwPgC0hr4A4Ms9oKSNQpCpzsFcXajCwCTvQGwfkkLQ98PBoACKQQCQ90A8fIfCYLZvQRBxLUIAdZ3CwPPmQVAz70FsnrXCMDvPQQC9JEL44UPCwFSmQAAUXkJA+3/CANSjPgCgEb0AAAAAwHE5wZCgMEKgYhrBIBwYQjiHckJAIpnAQA91QQCPJsCI9lfCMNOqQQD93kE8GL7C8MHlQQiOf0IgDjfBYGLAwbDP7EF42HHCSJASwnC91kFE+bLCAJjEPgCEz74AWAq+AO4svxDzWkJgFy9B,0,False,1716271734.8417535,0.05010271072387695
/magnets,APyNPgB4J74AcNq9AESVPgDArr0AEIM9ALSGPgAQg74AAOk8AIycPgAINr4AAOk8AFiKPgBQPb4AwK69AFiKPgAAaTwA4Ms9ABCDPgAQg74AcNo9gIeNQlBvzsHgQ6jCgOruQHhHkkKAI8TBEPKJQcBV90A8fIfCAF9vQchpLULsf53CUALnQTAW70FYqbXCkJLPQdjSJEJgBkTCAHinQEgbXkIIIoDCAKy5PgCgkb0AwK684KU4wajwMEIAuhrBcPAXQqh4ckKARZrAYCx1QYAaJsBA71fCwOGqQbAo30GEH77CoO3lQSirf0JgSDfB8HDAwZCy7EHg/HHCcHoSwtAU10GMALPCAKy5PgD0wL4AAOm9AFA9v8jrWkJgFy9B,0,False,1716271734.8918073,0.05005383491516113
/magnets,AKCRPgCQ970AEAO+AFiKPgDgS70AEIM9APyNPgC0hr4AwC49AOiYPgBwWr4AwK48ALSGPgAQA74AoJG9ABCDPgAA6bsAUL09AESVPgBIcL4A4Ms9gIeNQiC4zsHMTqjCAHbuQCQYkkLQ98PBgOOJQcBV90CEg4fCIHxvQcCcLUJIfJ3C4BDnQQBf70F4xrXC4GbPQbi1JEIY/0PCwGulQAAUXkLoBIDCAByrPgCgkb0AAAAAAMM4wajwMEKgYhrBcPAXQhCdckIA6JjAANV0QYAaJsBA71fCcA2rQfBi30GYFL7CwArmQWjlf0LAnzfBgH/AwZCy7EFQ7nHCmGQSwmAj10Ho/LLCAJjEPgCYxL4AWAq+AH47v8jrWkIAwC5B,0,False,1716271734.9423785,0.05057120323181152
/magnets,AFiKPgAQA74AkPe9ABCDPgAAab0AwC49AJB3PgC0hr4AwK48AIycPgDgS74AwC49AEhwPgAwIL4AMKC9AKCRPgAA6bwAUL09AKCRPgCQd74AUL09JIuNQsBgzsEoS6jCgOruQFgqkkIAr8PBEPKJQYAb90Aoh4fCYLZvQeiGLUI0h53C4BDnQcAk70H8rLXCwEnPQeCfJELQ90PCAKalQCj+XUKMCIDCADCgPgAQg70AAAAAIMk5wYAGMULAfxrBQDkYQvB/ckKAXJnA4Ld0QYAxJcCw4FfCkCqrQQD93kEIBr7CsIflQZDPf0IA8TbB8HDAwXCV7EEI53HCaK0SwtAU10EIGrPCAMCuPgD0wL4AkPe9AAg2v4DkWkIg3S5B,0,False,1716271734.9921808,0.049802303314208984
/magnets,AKCRPgAwIL4A4Mu9AEhwPgAwoL0AoJE9ALSGPgC0hr4AwC49ADCgPgDALr4AoBE9ABCDPgDALr4A4Eu9AKCRPgCgEb0AUL09APyNPgC0hr4A4Ms9RKiNQnCMzsG4WajCQMftQBAjkkKQvcPBUCyKQYAb90BwjofCoPBvQcCcLULsf53C8KrmQRD57kEkl7XC8OnPQSinJEIY/0PCAI+mQJAiXkJkHoDCAByrPgDALr0AAOk7AKw5wRjiMEKARRrBuPcXQhCdckIAuprAoH10QYBIJMDwGljC4P6qQbAo30HU873CEN/lQZDPf0LAnzfBwLnAwQCk7EF42HHCcHoSwvAx10GYKLPCAFC9PgCEz74AAOm9AKw5vzjdWkIg3S5B,0,False,1716271735.0421977,0.05001688003540039
/magnets,APyNPgDoGL4AAOm9AABpPgCgEb0AMKA9AJB3PgC0hr4AAGk8AMCuPgAwIL4AwK48ABCDPgBQPb4AoJG9ABCDPgAAaTwAMKA9AFiKPgD8jb4AUL09EJaNQiC4zsFcXajCAF/vQEQ1kkLQ98PB4DqKQYAE+EBQcYfCAF9vQchpLUI0h53CUALnQeBB70EQorXCgA/PQQC9JELQ90PCgAOnQCj+XUIcF4DCAIycPgBQvb0AwK68oFQ5wTj/MEJgKBrBAP8XQsiVckIAuprAwJp0QYAxJcBo2VfCcA2rQZAL30F4973C8MHlQZDPf0IA8TbBYGLAwVB47EGgwnHCsLQSwrD31kHUB7PCAFC9PgCsub4A4Mu9AH47v4DkWkLAbi9B,0,False,1716271735.092636,0.05043840408325195
